@@ VPTEST A.TXT
$VERB present=0003FD19
$LINE present=0003FD19
INPUT present=0003FD19
OUTPUT present=000381F0
TARGET present=000310FC
TEXT present=000310FC
FILES present=000310FC
TITLE present=000310FC
LOG present=000381F0
CONFIRM present=0003FD21
COUNT present=000381F0
NAME present=000381F0
LIST present=000381F0
STYLE present=000381F0
STYLE.BRIEF present=000381F0
STYLE.FULL present=000381F0
STYLE.COLUMNS present=000381F0
STYLE.HEADER present=000381F0
OUT present=000381F0
SINCE present=000381F0
BEFORE present=000381F0
EXCLUDE present=000381F0
BINARY present=000381F0
DELETE present=000381F0
ALL present=000310FC
WIDTH present=000310FC
PAGE present=000310FC
PAGE.NONE present=000310FC
PAGE.SIZE present=000310FC
$VERB value="VPTE" status=00000001
$VERB value="VPTE" status=00000001
$VERB value="VPTE" status=00000001
$VERB value="VPTE" status=00000001
$VERB value="VPTE" status=00000001
$VERB value="VPTE" status=00000001
$VERB value="VPTE" status=00000001
$VERB value="VPTE" status=00000001
$VERB value="VPTE" status=00000001
$VERB value="VPTE" status=00000001
$VERB value="VPTE" status=00000001
$VERB value="VPTE" status=00000001
$VERB value="VPTE" status=00000001
$VERB value="VPTE" status=00000001
$VERB value="VPTE" status=00000001
$VERB value="VPTE" status=00000001
$LINE value="VPTEST A.TXT" status=00000001
$LINE value="VPTEST A.TXT" status=00000001
$LINE value="VPTEST A.TXT" status=00000001
$LINE value="VPTEST A.TXT" status=00000001
$LINE value="VPTEST A.TXT" status=00000001
$LINE value="VPTEST A.TXT" status=00000001
$LINE value="VPTEST A.TXT" status=00000001
$LINE value="VPTEST A.TXT" status=00000001
$LINE value="VPTEST A.TXT" status=00000001
$LINE value="VPTEST A.TXT" status=00000001
$LINE value="VPTEST A.TXT" status=00000001
$LINE value="VPTEST A.TXT" status=00000001
$LINE value="VPTEST A.TXT" status=00000001
$LINE value="VPTEST A.TXT" status=00000001
$LINE value="VPTEST A.TXT" status=00000001
$LINE value="VPTEST A.TXT" status=00000001
INPUT value="A.TXT" status=00000001
INPUT   local EXCLUDE=000381F0
INPUT   local BINARY=000381F0
INPUT   local LOG=000381F0
INPUT end=000381F0
OUTPUT end=000381F0
TARGET end=000310FC
TEXT end=000310FC
FILES end=000310FC
TITLE end=000310FC
LOG end=000381F0
CONFIRM end=000381F0
COUNT end=000381F0
NAME end=000381F0
LIST end=000381F0
STYLE end=000381F0
STYLE.BRIEF end=000381F0
STYLE.FULL end=000381F0
STYLE.COLUMNS end=000381F0
STYLE.HEADER end=000381F0
OUT end=000381F0
SINCE end=000381F0
BEFORE end=000381F0
EXCLUDE end=000381F0
BINARY end=000381F0
DELETE end=000381F0
ALL end=000310FC
WIDTH end=000310FC
PAGE end=000310FC
PAGE.NONE end=000310FC
PAGE.SIZE end=000310FC
@@ VPTEST A.TXT B.TXT
$VERB present=0003FD19
$LINE present=0003FD19
INPUT present=0003FD19
OUTPUT present=0003FD19
TARGET present=000310FC
TEXT present=000310FC
FILES present=000310FC
TITLE present=000310FC
LOG present=000381F0
CONFIRM present=0003FD21
COUNT present=000381F0
NAME present=000381F0
LIST present=000381F0
STYLE present=000381F0
STYLE.BRIEF present=000381F0
STYLE.FULL present=000381F0
STYLE.COLUMNS present=000381F0
STYLE.HEADER present=000381F0
OUT present=000381F0
SINCE present=000381F0
BEFORE present=000381F0
EXCLUDE present=000381F0
BINARY present=000381F0
DELETE present=000381F0
ALL present=000310FC
WIDTH present=000310FC
PAGE present=000310FC
PAGE.NONE present=000310FC
PAGE.SIZE present=000310FC
$VERB value="VPTE" status=00000001
$VERB value="VPTE" status=00000001
$VERB value="VPTE" status=00000001
$VERB value="VPTE" status=00000001
$VERB value="VPTE" status=00000001
$VERB value="VPTE" status=00000001
$VERB value="VPTE" status=00000001
$VERB value="VPTE" status=00000001
$VERB value="VPTE" status=00000001
$VERB value="VPTE" status=00000001
$VERB value="VPTE" status=00000001
$VERB value="VPTE" status=00000001
$VERB value="VPTE" status=00000001
$VERB value="VPTE" status=00000001
$VERB value="VPTE" status=00000001
$VERB value="VPTE" status=00000001
$LINE value="VPTEST A.TXT B.TXT" status=00000001
$LINE value="VPTEST A.TXT B.TXT" status=00000001
$LINE value="VPTEST A.TXT B.TXT" status=00000001
$LINE value="VPTEST A.TXT B.TXT" status=00000001
$LINE value="VPTEST A.TXT B.TXT" status=00000001
$LINE value="VPTEST A.TXT B.TXT" status=00000001
$LINE value="VPTEST A.TXT B.TXT" status=00000001
$LINE value="VPTEST A.TXT B.TXT" status=00000001
$LINE value="VPTEST A.TXT B.TXT" status=00000001
$LINE value="VPTEST A.TXT B.TXT" status=00000001
$LINE value="VPTEST A.TXT B.TXT" status=00000001
$LINE value="VPTEST A.TXT B.TXT" status=00000001
$LINE value="VPTEST A.TXT B.TXT" status=00000001
$LINE value="VPTEST A.TXT B.TXT" status=00000001
$LINE value="VPTEST A.TXT B.TXT" status=00000001
$LINE value="VPTEST A.TXT B.TXT" status=00000001
INPUT value="A.TXT" status=00000001
INPUT   local EXCLUDE=000381F0
INPUT   local BINARY=000381F0
INPUT   local LOG=000381F0
INPUT end=000381F0
OUTPUT value="B.TXT" status=00000001
OUTPUT   local EXCLUDE=000381F0
OUTPUT   local BINARY=000381F0
OUTPUT   local LOG=000381F0
OUTPUT end=000381F0
TARGET end=000310FC
TEXT end=000310FC
FILES end=000310FC
TITLE end=000310FC
LOG end=000381F0
CONFIRM end=000381F0
COUNT end=000381F0
NAME end=000381F0
LIST end=000381F0
STYLE end=000381F0
STYLE.BRIEF end=000381F0
STYLE.FULL end=000381F0
STYLE.COLUMNS end=000381F0
STYLE.HEADER end=000381F0
OUT end=000381F0
SINCE end=000381F0
BEFORE end=000381F0
EXCLUDE end=000381F0
BINARY end=000381F0
DELETE end=000381F0
ALL end=000310FC
WIDTH end=000310FC
PAGE end=000310FC
PAGE.NONE end=000310FC
PAGE.SIZE end=000310FC
@@ VPTEST A.TXT,B.TXT,C.TXT OUT.TXT
$VERB present=0003FD19
$LINE present=0003FD19
INPUT present=0003FD19
OUTPUT present=0003FD19
TARGET present=000310FC
TEXT present=000310FC
FILES present=000310FC
TITLE present=000310FC
LOG present=000381F0
CONFIRM present=0003FD21
COUNT present=000381F0
NAME present=000381F0
LIST present=000381F0
STYLE present=000381F0
STYLE.BRIEF present=000381F0
STYLE.FULL present=000381F0
STYLE.COLUMNS present=000381F0
STYLE.HEADER present=000381F0
OUT present=000381F0
SINCE present=000381F0
BEFORE present=000381F0
EXCLUDE present=000381F0
BINARY present=000381F0
DELETE present=000381F0
ALL present=000310FC
WIDTH present=000310FC
PAGE present=000310FC
PAGE.NONE present=000310FC
PAGE.SIZE present=000310FC
$VERB value="VPTE" status=00000001
$VERB value="VPTE" status=00000001
$VERB value="VPTE" status=00000001
$VERB value="VPTE" status=00000001
$VERB value="VPTE" status=00000001
$VERB value="VPTE" status=00000001
$VERB value="VPTE" status=00000001
$VERB value="VPTE" status=00000001
$VERB value="VPTE" status=00000001
$VERB value="VPTE" status=00000001
$VERB value="VPTE" status=00000001
$VERB value="VPTE" status=00000001
$VERB value="VPTE" status=00000001
$VERB value="VPTE" status=00000001
$VERB value="VPTE" status=00000001
$VERB value="VPTE" status=00000001
$LINE value="VPTEST A.TXT,B.TXT,C.TXT OUT.TXT" status=00000001
$LINE value="VPTEST A.TXT,B.TXT,C.TXT OUT.TXT" status=00000001
$LINE value="VPTEST A.TXT,B.TXT,C.TXT OUT.TXT" status=00000001
$LINE value="VPTEST A.TXT,B.TXT,C.TXT OUT.TXT" status=00000001
$LINE value="VPTEST A.TXT,B.TXT,C.TXT OUT.TXT" status=00000001
$LINE value="VPTEST A.TXT,B.TXT,C.TXT OUT.TXT" status=00000001
$LINE value="VPTEST A.TXT,B.TXT,C.TXT OUT.TXT" status=00000001
$LINE value="VPTEST A.TXT,B.TXT,C.TXT OUT.TXT" status=00000001
$LINE value="VPTEST A.TXT,B.TXT,C.TXT OUT.TXT" status=00000001
$LINE value="VPTEST A.TXT,B.TXT,C.TXT OUT.TXT" status=00000001
$LINE value="VPTEST A.TXT,B.TXT,C.TXT OUT.TXT" status=00000001
$LINE value="VPTEST A.TXT,B.TXT,C.TXT OUT.TXT" status=00000001
$LINE value="VPTEST A.TXT,B.TXT,C.TXT OUT.TXT" status=00000001
$LINE value="VPTEST A.TXT,B.TXT,C.TXT OUT.TXT" status=00000001
$LINE value="VPTEST A.TXT,B.TXT,C.TXT OUT.TXT" status=00000001
$LINE value="VPTEST A.TXT,B.TXT,C.TXT OUT.TXT" status=00000001
INPUT value="A.TXT" status=0003FD39
INPUT   local EXCLUDE=000381F0
INPUT   local BINARY=000381F0
INPUT   local LOG=000381F0
INPUT value="B.TXT" status=0003FD39
INPUT   local EXCLUDE=000381F0
INPUT   local BINARY=000381F0
INPUT   local LOG=000381F0
INPUT value="C.TXT" status=00000001
INPUT   local EXCLUDE=000381F0
INPUT   local BINARY=000381F0
INPUT   local LOG=000381F0
INPUT end=000381F0
OUTPUT value="OUT.TXT" status=00000001
OUTPUT   local EXCLUDE=000381F0
OUTPUT   local BINARY=000381F0
OUTPUT   local LOG=000381F0
OUTPUT end=000381F0
TARGET end=000310FC
TEXT end=000310FC
FILES end=000310FC
TITLE end=000310FC
LOG end=000381F0
CONFIRM end=000381F0
COUNT end=000381F0
NAME end=000381F0
LIST end=000381F0
STYLE end=000381F0
STYLE.BRIEF end=000381F0
STYLE.FULL end=000381F0
STYLE.COLUMNS end=000381F0
STYLE.HEADER end=000381F0
OUT end=000381F0
SINCE end=000381F0
BEFORE end=000381F0
EXCLUDE end=000381F0
BINARY end=000381F0
DELETE end=000381F0
ALL end=000310FC
WIDTH end=000310FC
PAGE end=000310FC
PAGE.NONE end=000310FC
PAGE.SIZE end=000310FC
@@ VPTEST A.TXT+B.TXT
$VERB present=0003FD19
$LINE present=0003FD19
INPUT present=0003FD19
OUTPUT present=000381F0
TARGET present=000310FC
TEXT present=000310FC
FILES present=000310FC
TITLE present=000310FC
LOG present=000381F0
CONFIRM present=0003FD21
COUNT present=000381F0
NAME present=000381F0
LIST present=000381F0
STYLE present=000381F0
STYLE.BRIEF present=000381F0
STYLE.FULL present=000381F0
STYLE.COLUMNS present=000381F0
STYLE.HEADER present=000381F0
OUT present=000381F0
SINCE present=000381F0
BEFORE present=000381F0
EXCLUDE present=000381F0
BINARY present=000381F0
DELETE present=000381F0
ALL present=000310FC
WIDTH present=000310FC
PAGE present=000310FC
PAGE.NONE present=000310FC
PAGE.SIZE present=000310FC
$VERB value="VPTE" status=00000001
$VERB value="VPTE" status=00000001
$VERB value="VPTE" status=00000001
$VERB value="VPTE" status=00000001
$VERB value="VPTE" status=00000001
$VERB value="VPTE" status=00000001
$VERB value="VPTE" status=00000001
$VERB value="VPTE" status=00000001
$VERB value="VPTE" status=00000001
$VERB value="VPTE" status=00000001
$VERB value="VPTE" status=00000001
$VERB value="VPTE" status=00000001
$VERB value="VPTE" status=00000001
$VERB value="VPTE" status=00000001
$VERB value="VPTE" status=00000001
$VERB value="VPTE" status=00000001
$LINE value="VPTEST A.TXT+B.TXT" status=00000001
$LINE value="VPTEST A.TXT+B.TXT" status=00000001
$LINE value="VPTEST A.TXT+B.TXT" status=00000001
$LINE value="VPTEST A.TXT+B.TXT" status=00000001
$LINE value="VPTEST A.TXT+B.TXT" status=00000001
$LINE value="VPTEST A.TXT+B.TXT" status=00000001
$LINE value="VPTEST A.TXT+B.TXT" status=00000001
$LINE value="VPTEST A.TXT+B.TXT" status=00000001
$LINE value="VPTEST A.TXT+B.TXT" status=00000001
$LINE value="VPTEST A.TXT+B.TXT" status=00000001
$LINE value="VPTEST A.TXT+B.TXT" status=00000001
$LINE value="VPTEST A.TXT+B.TXT" status=00000001
$LINE value="VPTEST A.TXT+B.TXT" status=00000001
$LINE value="VPTEST A.TXT+B.TXT" status=00000001
$LINE value="VPTEST A.TXT+B.TXT" status=00000001
$LINE value="VPTEST A.TXT+B.TXT" status=00000001
INPUT value="A.TXT" status=0003FD29
INPUT   local EXCLUDE=000381F0
INPUT   local BINARY=000381F0
INPUT   local LOG=000381F0
INPUT value="B.TXT" status=00000001
INPUT   local EXCLUDE=000381F0
INPUT   local BINARY=000381F0
INPUT   local LOG=000381F0
INPUT end=000381F0
OUTPUT end=000381F0
TARGET end=000310FC
TEXT end=000310FC
FILES end=000310FC
TITLE end=000310FC
LOG end=000381F0
CONFIRM end=000381F0
COUNT end=000381F0
NAME end=000381F0
LIST end=000381F0
STYLE end=000381F0
STYLE.BRIEF end=000381F0
STYLE.FULL end=000381F0
STYLE.COLUMNS end=000381F0
STYLE.HEADER end=000381F0
OUT end=000381F0
SINCE end=000381F0
BEFORE end=000381F0
EXCLUDE end=000381F0
BINARY end=000381F0
DELETE end=000381F0
ALL end=000310FC
WIDTH end=000310FC
PAGE end=000310FC
PAGE.NONE end=000310FC
PAGE.SIZE end=000310FC
@@ VPTEST A.TXT, B.TXT
$VERB present=0003FD19
$LINE present=0003FD19
INPUT present=0003FD19
OUTPUT present=000381F0
TARGET present=000310FC
TEXT present=000310FC
FILES present=000310FC
TITLE present=000310FC
LOG present=000381F0
CONFIRM present=0003FD21
COUNT present=000381F0
NAME present=000381F0
LIST present=000381F0
STYLE present=000381F0
STYLE.BRIEF present=000381F0
STYLE.FULL present=000381F0
STYLE.COLUMNS present=000381F0
STYLE.HEADER present=000381F0
OUT present=000381F0
SINCE present=000381F0
BEFORE present=000381F0
EXCLUDE present=000381F0
BINARY present=000381F0
DELETE present=000381F0
ALL present=000310FC
WIDTH present=000310FC
PAGE present=000310FC
PAGE.NONE present=000310FC
PAGE.SIZE present=000310FC
$VERB value="VPTE" status=00000001
$VERB value="VPTE" status=00000001
$VERB value="VPTE" status=00000001
$VERB value="VPTE" status=00000001
$VERB value="VPTE" status=00000001
$VERB value="VPTE" status=00000001
$VERB value="VPTE" status=00000001
$VERB value="VPTE" status=00000001
$VERB value="VPTE" status=00000001
$VERB value="VPTE" status=00000001
$VERB value="VPTE" status=00000001
$VERB value="VPTE" status=00000001
$VERB value="VPTE" status=00000001
$VERB value="VPTE" status=00000001
$VERB value="VPTE" status=00000001
$VERB value="VPTE" status=00000001
$LINE value="VPTEST A.TXT,B.TXT" status=00000001
$LINE value="VPTEST A.TXT,B.TXT" status=00000001
$LINE value="VPTEST A.TXT,B.TXT" status=00000001
$LINE value="VPTEST A.TXT,B.TXT" status=00000001
$LINE value="VPTEST A.TXT,B.TXT" status=00000001
$LINE value="VPTEST A.TXT,B.TXT" status=00000001
$LINE value="VPTEST A.TXT,B.TXT" status=00000001
$LINE value="VPTEST A.TXT,B.TXT" status=00000001
$LINE value="VPTEST A.TXT,B.TXT" status=00000001
$LINE value="VPTEST A.TXT,B.TXT" status=00000001
$LINE value="VPTEST A.TXT,B.TXT" status=00000001
$LINE value="VPTEST A.TXT,B.TXT" status=00000001
$LINE value="VPTEST A.TXT,B.TXT" status=00000001
$LINE value="VPTEST A.TXT,B.TXT" status=00000001
$LINE value="VPTEST A.TXT,B.TXT" status=00000001
$LINE value="VPTEST A.TXT,B.TXT" status=00000001
INPUT value="A.TXT" status=0003FD39
INPUT   local EXCLUDE=000381F0
INPUT   local BINARY=000381F0
INPUT   local LOG=000381F0
INPUT value="B.TXT" status=00000001
INPUT   local EXCLUDE=000381F0
INPUT   local BINARY=000381F0
INPUT   local LOG=000381F0
INPUT end=000381F0
OUTPUT end=000381F0
TARGET end=000310FC
TEXT end=000310FC
FILES end=000310FC
TITLE end=000310FC
LOG end=000381F0
CONFIRM end=000381F0
COUNT end=000381F0
NAME end=000381F0
LIST end=000381F0
STYLE end=000381F0
STYLE.BRIEF end=000381F0
STYLE.FULL end=000381F0
STYLE.COLUMNS end=000381F0
STYLE.HEADER end=000381F0
OUT end=000381F0
SINCE end=000381F0
BEFORE end=000381F0
EXCLUDE end=000381F0
BINARY end=000381F0
DELETE end=000381F0
ALL end=000310FC
WIDTH end=000310FC
PAGE end=000310FC
PAGE.NONE end=000310FC
PAGE.SIZE end=000310FC
@@ VPTEST A.TXT B.TXT C.TXT
%DCL-W-MAXPARM, too many parameters - reenter command with fewer parameters
 \C\
@@ vptest/log a.txt
$VERB present=0003FD19
$LINE present=0003FD19
INPUT present=0003FD19
OUTPUT present=000381F0
TARGET present=000310FC
TEXT present=000310FC
FILES present=000310FC
TITLE present=000310FC
LOG present=0003FD19
CONFIRM present=0003FD21
COUNT present=000381F0
NAME present=000381F0
LIST present=000381F0
STYLE present=000381F0
STYLE.BRIEF present=000381F0
STYLE.FULL present=000381F0
STYLE.COLUMNS present=000381F0
STYLE.HEADER present=000381F0
OUT present=000381F0
SINCE present=000381F0
BEFORE present=000381F0
EXCLUDE present=000381F0
BINARY present=000381F0
DELETE present=000381F0
ALL present=000310FC
WIDTH present=000310FC
PAGE present=000310FC
PAGE.NONE present=000310FC
PAGE.SIZE present=000310FC
$VERB value="VPTE" status=00000001
$VERB value="VPTE" status=00000001
$VERB value="VPTE" status=00000001
$VERB value="VPTE" status=00000001
$VERB value="VPTE" status=00000001
$VERB value="VPTE" status=00000001
$VERB value="VPTE" status=00000001
$VERB value="VPTE" status=00000001
$VERB value="VPTE" status=00000001
$VERB value="VPTE" status=00000001
$VERB value="VPTE" status=00000001
$VERB value="VPTE" status=00000001
$VERB value="VPTE" status=00000001
$VERB value="VPTE" status=00000001
$VERB value="VPTE" status=00000001
$VERB value="VPTE" status=00000001
$LINE value="VPTEST/LOG A.TXT" status=00000001
$LINE value="VPTEST/LOG A.TXT" status=00000001
$LINE value="VPTEST/LOG A.TXT" status=00000001
$LINE value="VPTEST/LOG A.TXT" status=00000001
$LINE value="VPTEST/LOG A.TXT" status=00000001
$LINE value="VPTEST/LOG A.TXT" status=00000001
$LINE value="VPTEST/LOG A.TXT" status=00000001
$LINE value="VPTEST/LOG A.TXT" status=00000001
$LINE value="VPTEST/LOG A.TXT" status=00000001
$LINE value="VPTEST/LOG A.TXT" status=00000001
$LINE value="VPTEST/LOG A.TXT" status=00000001
$LINE value="VPTEST/LOG A.TXT" status=00000001
$LINE value="VPTEST/LOG A.TXT" status=00000001
$LINE value="VPTEST/LOG A.TXT" status=00000001
$LINE value="VPTEST/LOG A.TXT" status=00000001
$LINE value="VPTEST/LOG A.TXT" status=00000001
INPUT value="A.TXT" status=00000001
INPUT   local EXCLUDE=000381F0
INPUT   local BINARY=000381F0
INPUT   local LOG=0003FD19
INPUT end=000381F0
OUTPUT end=000381F0
TARGET end=000310FC
TEXT end=000310FC
FILES end=000310FC
TITLE end=000310FC
LOG end=000381F0
CONFIRM end=000381F0
COUNT end=000381F0
NAME end=000381F0
LIST end=000381F0
STYLE end=000381F0
STYLE.BRIEF end=000381F0
STYLE.FULL end=000381F0
STYLE.COLUMNS end=000381F0
STYLE.HEADER end=000381F0
OUT end=000381F0
SINCE end=000381F0
BEFORE end=000381F0
EXCLUDE end=000381F0
BINARY end=000381F0
DELETE end=000381F0
ALL end=000310FC
WIDTH end=000310FC
PAGE end=000310FC
PAGE.NONE end=000310FC
PAGE.SIZE end=000310FC
@@ VPTEST "Mixed Case.Txt"
$VERB present=0003FD19
$LINE present=0003FD19
INPUT present=0003FD19
OUTPUT present=000381F0
TARGET present=000310FC
TEXT present=000310FC
FILES present=000310FC
TITLE present=000310FC
LOG present=000381F0
CONFIRM present=0003FD21
COUNT present=000381F0
NAME present=000381F0
LIST present=000381F0
STYLE present=000381F0
STYLE.BRIEF present=000381F0
STYLE.FULL present=000381F0
STYLE.COLUMNS present=000381F0
STYLE.HEADER present=000381F0
OUT present=000381F0
SINCE present=000381F0
BEFORE present=000381F0
EXCLUDE present=000381F0
BINARY present=000381F0
DELETE present=000381F0
ALL present=000310FC
WIDTH present=000310FC
PAGE present=000310FC
PAGE.NONE present=000310FC
PAGE.SIZE present=000310FC
$VERB value="VPTE" status=00000001
$VERB value="VPTE" status=00000001
$VERB value="VPTE" status=00000001
$VERB value="VPTE" status=00000001
$VERB value="VPTE" status=00000001
$VERB value="VPTE" status=00000001
$VERB value="VPTE" status=00000001
$VERB value="VPTE" status=00000001
$VERB value="VPTE" status=00000001
$VERB value="VPTE" status=00000001
$VERB value="VPTE" status=00000001
$VERB value="VPTE" status=00000001
$VERB value="VPTE" status=00000001
$VERB value="VPTE" status=00000001
$VERB value="VPTE" status=00000001
$VERB value="VPTE" status=00000001
$LINE value="VPTEST "Mixed Case.Txt"" status=00000001
$LINE value="VPTEST "Mixed Case.Txt"" status=00000001
$LINE value="VPTEST "Mixed Case.Txt"" status=00000001
$LINE value="VPTEST "Mixed Case.Txt"" status=00000001
$LINE value="VPTEST "Mixed Case.Txt"" status=00000001
$LINE value="VPTEST "Mixed Case.Txt"" status=00000001
$LINE value="VPTEST "Mixed Case.Txt"" status=00000001
$LINE value="VPTEST "Mixed Case.Txt"" status=00000001
$LINE value="VPTEST "Mixed Case.Txt"" status=00000001
$LINE value="VPTEST "Mixed Case.Txt"" status=00000001
$LINE value="VPTEST "Mixed Case.Txt"" status=00000001
$LINE value="VPTEST "Mixed Case.Txt"" status=00000001
$LINE value="VPTEST "Mixed Case.Txt"" status=00000001
$LINE value="VPTEST "Mixed Case.Txt"" status=00000001
$LINE value="VPTEST "Mixed Case.Txt"" status=00000001
$LINE value="VPTEST "Mixed Case.Txt"" status=00000001
INPUT value=""Mixed Case.Txt"" status=00000001
INPUT   local EXCLUDE=000381F0
INPUT   local BINARY=000381F0
INPUT   local LOG=000381F0
INPUT end=000381F0
OUTPUT end=000381F0
TARGET end=000310FC
TEXT end=000310FC
FILES end=000310FC
TITLE end=000310FC
LOG end=000381F0
CONFIRM end=000381F0
COUNT end=000381F0
NAME end=000381F0
LIST end=000381F0
STYLE end=000381F0
STYLE.BRIEF end=000381F0
STYLE.FULL end=000381F0
STYLE.COLUMNS end=000381F0
STYLE.HEADER end=000381F0
OUT end=000381F0
SINCE end=000381F0
BEFORE end=000381F0
EXCLUDE end=000381F0
BINARY end=000381F0
DELETE end=000381F0
ALL end=000310FC
WIDTH end=000310FC
PAGE end=000310FC
PAGE.NONE end=000310FC
PAGE.SIZE end=000310FC
@@ VPTEST/LOG A
$VERB present=0003FD19
$LINE present=0003FD19
INPUT present=0003FD19
OUTPUT present=000381F0
TARGET present=000310FC
TEXT present=000310FC
FILES present=000310FC
TITLE present=000310FC
LOG present=0003FD19
CONFIRM present=0003FD21
COUNT present=000381F0
NAME present=000381F0
LIST present=000381F0
STYLE present=000381F0
STYLE.BRIEF present=000381F0
STYLE.FULL present=000381F0
STYLE.COLUMNS present=000381F0
STYLE.HEADER present=000381F0
OUT present=000381F0
SINCE present=000381F0
BEFORE present=000381F0
EXCLUDE present=000381F0
BINARY present=000381F0
DELETE present=000381F0
ALL present=000310FC
WIDTH present=000310FC
PAGE present=000310FC
PAGE.NONE present=000310FC
PAGE.SIZE present=000310FC
$VERB value="VPTE" status=00000001
$VERB value="VPTE" status=00000001
$VERB value="VPTE" status=00000001
$VERB value="VPTE" status=00000001
$VERB value="VPTE" status=00000001
$VERB value="VPTE" status=00000001
$VERB value="VPTE" status=00000001
$VERB value="VPTE" status=00000001
$VERB value="VPTE" status=00000001
$VERB value="VPTE" status=00000001
$VERB value="VPTE" status=00000001
$VERB value="VPTE" status=00000001
$VERB value="VPTE" status=00000001
$VERB value="VPTE" status=00000001
$VERB value="VPTE" status=00000001
$VERB value="VPTE" status=00000001
$LINE value="VPTEST/LOG A" status=00000001
$LINE value="VPTEST/LOG A" status=00000001
$LINE value="VPTEST/LOG A" status=00000001
$LINE value="VPTEST/LOG A" status=00000001
$LINE value="VPTEST/LOG A" status=00000001
$LINE value="VPTEST/LOG A" status=00000001
$LINE value="VPTEST/LOG A" status=00000001
$LINE value="VPTEST/LOG A" status=00000001
$LINE value="VPTEST/LOG A" status=00000001
$LINE value="VPTEST/LOG A" status=00000001
$LINE value="VPTEST/LOG A" status=00000001
$LINE value="VPTEST/LOG A" status=00000001
$LINE value="VPTEST/LOG A" status=00000001
$LINE value="VPTEST/LOG A" status=00000001
$LINE value="VPTEST/LOG A" status=00000001
$LINE value="VPTEST/LOG A" status=00000001
INPUT value="A" status=00000001
INPUT   local EXCLUDE=000381F0
INPUT   local BINARY=000381F0
INPUT   local LOG=0003FD19
INPUT end=000381F0
OUTPUT end=000381F0
TARGET end=000310FC
TEXT end=000310FC
FILES end=000310FC
TITLE end=000310FC
LOG end=000381F0
CONFIRM end=000381F0
COUNT end=000381F0
NAME end=000381F0
LIST end=000381F0
STYLE end=000381F0
STYLE.BRIEF end=000381F0
STYLE.FULL end=000381F0
STYLE.COLUMNS end=000381F0
STYLE.HEADER end=000381F0
OUT end=000381F0
SINCE end=000381F0
BEFORE end=000381F0
EXCLUDE end=000381F0
BINARY end=000381F0
DELETE end=000381F0
ALL end=000310FC
WIDTH end=000310FC
PAGE end=000310FC
PAGE.NONE end=000310FC
PAGE.SIZE end=000310FC
@@ VPTEST/NOLOG A
$VERB present=0003FD19
$LINE present=0003FD19
INPUT present=0003FD19
OUTPUT present=000381F0
TARGET present=000310FC
TEXT present=000310FC
FILES present=000310FC
TITLE present=000310FC
LOG present=000381F8
CONFIRM present=0003FD21
COUNT present=000381F0
NAME present=000381F0
LIST present=000381F0
STYLE present=000381F0
STYLE.BRIEF present=000381F0
STYLE.FULL present=000381F0
STYLE.COLUMNS present=000381F0
STYLE.HEADER present=000381F0
OUT present=000381F0
SINCE present=000381F0
BEFORE present=000381F0
EXCLUDE present=000381F0
BINARY present=000381F0
DELETE present=000381F0
ALL present=000310FC
WIDTH present=000310FC
PAGE present=000310FC
PAGE.NONE present=000310FC
PAGE.SIZE present=000310FC
$VERB value="VPTE" status=00000001
$VERB value="VPTE" status=00000001
$VERB value="VPTE" status=00000001
$VERB value="VPTE" status=00000001
$VERB value="VPTE" status=00000001
$VERB value="VPTE" status=00000001
$VERB value="VPTE" status=00000001
$VERB value="VPTE" status=00000001
$VERB value="VPTE" status=00000001
$VERB value="VPTE" status=00000001
$VERB value="VPTE" status=00000001
$VERB value="VPTE" status=00000001
$VERB value="VPTE" status=00000001
$VERB value="VPTE" status=00000001
$VERB value="VPTE" status=00000001
$VERB value="VPTE" status=00000001
$LINE value="VPTEST/NOLOG A" status=00000001
$LINE value="VPTEST/NOLOG A" status=00000001
$LINE value="VPTEST/NOLOG A" status=00000001
$LINE value="VPTEST/NOLOG A" status=00000001
$LINE value="VPTEST/NOLOG A" status=00000001
$LINE value="VPTEST/NOLOG A" status=00000001
$LINE value="VPTEST/NOLOG A" status=00000001
$LINE value="VPTEST/NOLOG A" status=00000001
$LINE value="VPTEST/NOLOG A" status=00000001
$LINE value="VPTEST/NOLOG A" status=00000001
$LINE value="VPTEST/NOLOG A" status=00000001
$LINE value="VPTEST/NOLOG A" status=00000001
$LINE value="VPTEST/NOLOG A" status=00000001
$LINE value="VPTEST/NOLOG A" status=00000001
$LINE value="VPTEST/NOLOG A" status=00000001
$LINE value="VPTEST/NOLOG A" status=00000001
INPUT value="A" status=00000001
INPUT   local EXCLUDE=000381F0
INPUT   local BINARY=000381F0
INPUT   local LOG=000381F8
INPUT end=000381F0
OUTPUT end=000381F0
TARGET end=000310FC
TEXT end=000310FC
FILES end=000310FC
TITLE end=000310FC
LOG end=000381F0
CONFIRM end=000381F0
COUNT end=000381F0
NAME end=000381F0
LIST end=000381F0
STYLE end=000381F0
STYLE.BRIEF end=000381F0
STYLE.FULL end=000381F0
STYLE.COLUMNS end=000381F0
STYLE.HEADER end=000381F0
OUT end=000381F0
SINCE end=000381F0
BEFORE end=000381F0
EXCLUDE end=000381F0
BINARY end=000381F0
DELETE end=000381F0
ALL end=000310FC
WIDTH end=000310FC
PAGE end=000310FC
PAGE.NONE end=000310FC
PAGE.SIZE end=000310FC
@@ VPTEST A /LOG
$VERB present=0003FD19
$LINE present=0003FD19
INPUT present=0003FD19
OUTPUT present=000381F0
TARGET present=000310FC
TEXT present=000310FC
FILES present=000310FC
TITLE present=000310FC
LOG present=0003FD19
CONFIRM present=0003FD21
COUNT present=000381F0
NAME present=000381F0
LIST present=000381F0
STYLE present=000381F0
STYLE.BRIEF present=000381F0
STYLE.FULL present=000381F0
STYLE.COLUMNS present=000381F0
STYLE.HEADER present=000381F0
OUT present=000381F0
SINCE present=000381F0
BEFORE present=000381F0
EXCLUDE present=000381F0
BINARY present=000381F0
DELETE present=000381F0
ALL present=000310FC
WIDTH present=000310FC
PAGE present=000310FC
PAGE.NONE present=000310FC
PAGE.SIZE present=000310FC
$VERB value="VPTE" status=00000001
$VERB value="VPTE" status=00000001
$VERB value="VPTE" status=00000001
$VERB value="VPTE" status=00000001
$VERB value="VPTE" status=00000001
$VERB value="VPTE" status=00000001
$VERB value="VPTE" status=00000001
$VERB value="VPTE" status=00000001
$VERB value="VPTE" status=00000001
$VERB value="VPTE" status=00000001
$VERB value="VPTE" status=00000001
$VERB value="VPTE" status=00000001
$VERB value="VPTE" status=00000001
$VERB value="VPTE" status=00000001
$VERB value="VPTE" status=00000001
$VERB value="VPTE" status=00000001
$LINE value="VPTEST A/LOG" status=00000001
$LINE value="VPTEST A/LOG" status=00000001
$LINE value="VPTEST A/LOG" status=00000001
$LINE value="VPTEST A/LOG" status=00000001
$LINE value="VPTEST A/LOG" status=00000001
$LINE value="VPTEST A/LOG" status=00000001
$LINE value="VPTEST A/LOG" status=00000001
$LINE value="VPTEST A/LOG" status=00000001
$LINE value="VPTEST A/LOG" status=00000001
$LINE value="VPTEST A/LOG" status=00000001
$LINE value="VPTEST A/LOG" status=00000001
$LINE value="VPTEST A/LOG" status=00000001
$LINE value="VPTEST A/LOG" status=00000001
$LINE value="VPTEST A/LOG" status=00000001
$LINE value="VPTEST A/LOG" status=00000001
$LINE value="VPTEST A/LOG" status=00000001
INPUT value="A" status=00000001
INPUT   local EXCLUDE=000381F0
INPUT   local BINARY=000381F0
INPUT   local LOG=0003FD19
INPUT end=000381F0
OUTPUT end=000381F0
TARGET end=000310FC
TEXT end=000310FC
FILES end=000310FC
TITLE end=000310FC
LOG end=000381F0
CONFIRM end=000381F0
COUNT end=000381F0
NAME end=000381F0
LIST end=000381F0
STYLE end=000381F0
STYLE.BRIEF end=000381F0
STYLE.FULL end=000381F0
STYLE.COLUMNS end=000381F0
STYLE.HEADER end=000381F0
OUT end=000381F0
SINCE end=000381F0
BEFORE end=000381F0
EXCLUDE end=000381F0
BINARY end=000381F0
DELETE end=000381F0
ALL end=000310FC
WIDTH end=000310FC
PAGE end=000310FC
PAGE.NONE end=000310FC
PAGE.SIZE end=000310FC
@@ VPTEST/NOCONFIRM A
$VERB present=0003FD19
$LINE present=0003FD19
INPUT present=0003FD19
OUTPUT present=000381F0
TARGET present=000310FC
TEXT present=000310FC
FILES present=000310FC
TITLE present=000310FC
LOG present=000381F0
CONFIRM present=000381F8
COUNT present=000381F0
NAME present=000381F0
LIST present=000381F0
STYLE present=000381F0
STYLE.BRIEF present=000381F0
STYLE.FULL present=000381F0
STYLE.COLUMNS present=000381F0
STYLE.HEADER present=000381F0
OUT present=000381F0
SINCE present=000381F0
BEFORE present=000381F0
EXCLUDE present=000381F0
BINARY present=000381F0
DELETE present=000381F0
ALL present=000310FC
WIDTH present=000310FC
PAGE present=000310FC
PAGE.NONE present=000310FC
PAGE.SIZE present=000310FC
$VERB value="VPTE" status=00000001
$VERB value="VPTE" status=00000001
$VERB value="VPTE" status=00000001
$VERB value="VPTE" status=00000001
$VERB value="VPTE" status=00000001
$VERB value="VPTE" status=00000001
$VERB value="VPTE" status=00000001
$VERB value="VPTE" status=00000001
$VERB value="VPTE" status=00000001
$VERB value="VPTE" status=00000001
$VERB value="VPTE" status=00000001
$VERB value="VPTE" status=00000001
$VERB value="VPTE" status=00000001
$VERB value="VPTE" status=00000001
$VERB value="VPTE" status=00000001
$VERB value="VPTE" status=00000001
$LINE value="VPTEST/NOCONFIRM A" status=00000001
$LINE value="VPTEST/NOCONFIRM A" status=00000001
$LINE value="VPTEST/NOCONFIRM A" status=00000001
$LINE value="VPTEST/NOCONFIRM A" status=00000001
$LINE value="VPTEST/NOCONFIRM A" status=00000001
$LINE value="VPTEST/NOCONFIRM A" status=00000001
$LINE value="VPTEST/NOCONFIRM A" status=00000001
$LINE value="VPTEST/NOCONFIRM A" status=00000001
$LINE value="VPTEST/NOCONFIRM A" status=00000001
$LINE value="VPTEST/NOCONFIRM A" status=00000001
$LINE value="VPTEST/NOCONFIRM A" status=00000001
$LINE value="VPTEST/NOCONFIRM A" status=00000001
$LINE value="VPTEST/NOCONFIRM A" status=00000001
$LINE value="VPTEST/NOCONFIRM A" status=00000001
$LINE value="VPTEST/NOCONFIRM A" status=00000001
$LINE value="VPTEST/NOCONFIRM A" status=00000001
INPUT value="A" status=00000001
INPUT   local EXCLUDE=000381F0
INPUT   local BINARY=000381F0
INPUT   local LOG=000381F0
INPUT end=000381F0
OUTPUT end=000381F0
TARGET end=000310FC
TEXT end=000310FC
FILES end=000310FC
TITLE end=000310FC
LOG end=000381F0
CONFIRM end=000381F0
COUNT end=000381F0
NAME end=000381F0
LIST end=000381F0
STYLE end=000381F0
STYLE.BRIEF end=000381F0
STYLE.FULL end=000381F0
STYLE.COLUMNS end=000381F0
STYLE.HEADER end=000381F0
OUT end=000381F0
SINCE end=000381F0
BEFORE end=000381F0
EXCLUDE end=000381F0
BINARY end=000381F0
DELETE end=000381F0
ALL end=000310FC
WIDTH end=000310FC
PAGE end=000310FC
PAGE.NONE end=000310FC
PAGE.SIZE end=000310FC
@@ VPTEST/NOCONFIRM/LOG A
%DCL-W-CONFLICT, illegal combination of command elements - check documentation
 \NOCONFIRM\
@@ VPTEST/COUNT A
$VERB present=0003FD19
$LINE present=0003FD19
INPUT present=0003FD19
OUTPUT present=000381F0
TARGET present=000310FC
TEXT present=000310FC
FILES present=000310FC
TITLE present=000310FC
LOG present=000381F0
CONFIRM present=0003FD21
COUNT present=0003FD19
NAME present=000381F0
LIST present=000381F0
STYLE present=000381F0
STYLE.BRIEF present=000381F0
STYLE.FULL present=000381F0
STYLE.COLUMNS present=000381F0
STYLE.HEADER present=000381F0
OUT present=000381F0
SINCE present=000381F0
BEFORE present=000381F0
EXCLUDE present=000381F0
BINARY present=000381F0
DELETE present=000381F0
ALL present=000310FC
WIDTH present=000310FC
PAGE present=000310FC
PAGE.NONE present=000310FC
PAGE.SIZE present=000310FC
$VERB value="VPTE" status=00000001
$VERB value="VPTE" status=00000001
$VERB value="VPTE" status=00000001
$VERB value="VPTE" status=00000001
$VERB value="VPTE" status=00000001
$VERB value="VPTE" status=00000001
$VERB value="VPTE" status=00000001
$VERB value="VPTE" status=00000001
$VERB value="VPTE" status=00000001
$VERB value="VPTE" status=00000001
$VERB value="VPTE" status=00000001
$VERB value="VPTE" status=00000001
$VERB value="VPTE" status=00000001
$VERB value="VPTE" status=00000001
$VERB value="VPTE" status=00000001
$VERB value="VPTE" status=00000001
$LINE value="VPTEST/COUNT A" status=00000001
$LINE value="VPTEST/COUNT A" status=00000001
$LINE value="VPTEST/COUNT A" status=00000001
$LINE value="VPTEST/COUNT A" status=00000001
$LINE value="VPTEST/COUNT A" status=00000001
$LINE value="VPTEST/COUNT A" status=00000001
$LINE value="VPTEST/COUNT A" status=00000001
$LINE value="VPTEST/COUNT A" status=00000001
$LINE value="VPTEST/COUNT A" status=00000001
$LINE value="VPTEST/COUNT A" status=00000001
$LINE value="VPTEST/COUNT A" status=00000001
$LINE value="VPTEST/COUNT A" status=00000001
$LINE value="VPTEST/COUNT A" status=00000001
$LINE value="VPTEST/COUNT A" status=00000001
$LINE value="VPTEST/COUNT A" status=00000001
$LINE value="VPTEST/COUNT A" status=00000001
INPUT value="A" status=00000001
INPUT   local EXCLUDE=000381F0
INPUT   local BINARY=000381F0
INPUT   local LOG=000381F0
INPUT end=000381F0
OUTPUT end=000381F0
TARGET end=000310FC
TEXT end=000310FC
FILES end=000310FC
TITLE end=000310FC
LOG end=000381F0
CONFIRM end=000381F0
COUNT value="10" status=00000001
COUNT end=000381F0
NAME end=000381F0
LIST end=000381F0
STYLE end=000381F0
STYLE.BRIEF end=000381F0
STYLE.FULL end=000381F0
STYLE.COLUMNS end=000381F0
STYLE.HEADER end=000381F0
OUT end=000381F0
SINCE end=000381F0
BEFORE end=000381F0
EXCLUDE end=000381F0
BINARY end=000381F0
DELETE end=000381F0
ALL end=000310FC
WIDTH end=000310FC
PAGE end=000310FC
PAGE.NONE end=000310FC
PAGE.SIZE end=000310FC
@@ VPTEST/COUNT=5 A
$VERB present=0003FD19
$LINE present=0003FD19
INPUT present=0003FD19
OUTPUT present=000381F0
TARGET present=000310FC
TEXT present=000310FC
FILES present=000310FC
TITLE present=000310FC
LOG present=000381F0
CONFIRM present=0003FD21
COUNT present=0003FD19
NAME present=000381F0
LIST present=000381F0
STYLE present=000381F0
STYLE.BRIEF present=000381F0
STYLE.FULL present=000381F0
STYLE.COLUMNS present=000381F0
STYLE.HEADER present=000381F0
OUT present=000381F0
SINCE present=000381F0
BEFORE present=000381F0
EXCLUDE present=000381F0
BINARY present=000381F0
DELETE present=000381F0
ALL present=000310FC
WIDTH present=000310FC
PAGE present=000310FC
PAGE.NONE present=000310FC
PAGE.SIZE present=000310FC
$VERB value="VPTE" status=00000001
$VERB value="VPTE" status=00000001
$VERB value="VPTE" status=00000001
$VERB value="VPTE" status=00000001
$VERB value="VPTE" status=00000001
$VERB value="VPTE" status=00000001
$VERB value="VPTE" status=00000001
$VERB value="VPTE" status=00000001
$VERB value="VPTE" status=00000001
$VERB value="VPTE" status=00000001
$VERB value="VPTE" status=00000001
$VERB value="VPTE" status=00000001
$VERB value="VPTE" status=00000001
$VERB value="VPTE" status=00000001
$VERB value="VPTE" status=00000001
$VERB value="VPTE" status=00000001
$LINE value="VPTEST/COUNT=5 A" status=00000001
$LINE value="VPTEST/COUNT=5 A" status=00000001
$LINE value="VPTEST/COUNT=5 A" status=00000001
$LINE value="VPTEST/COUNT=5 A" status=00000001
$LINE value="VPTEST/COUNT=5 A" status=00000001
$LINE value="VPTEST/COUNT=5 A" status=00000001
$LINE value="VPTEST/COUNT=5 A" status=00000001
$LINE value="VPTEST/COUNT=5 A" status=00000001
$LINE value="VPTEST/COUNT=5 A" status=00000001
$LINE value="VPTEST/COUNT=5 A" status=00000001
$LINE value="VPTEST/COUNT=5 A" status=00000001
$LINE value="VPTEST/COUNT=5 A" status=00000001
$LINE value="VPTEST/COUNT=5 A" status=00000001
$LINE value="VPTEST/COUNT=5 A" status=00000001
$LINE value="VPTEST/COUNT=5 A" status=00000001
$LINE value="VPTEST/COUNT=5 A" status=00000001
INPUT value="A" status=00000001
INPUT   local EXCLUDE=000381F0
INPUT   local BINARY=000381F0
INPUT   local LOG=000381F0
INPUT end=000381F0
OUTPUT end=000381F0
TARGET end=000310FC
TEXT end=000310FC
FILES end=000310FC
TITLE end=000310FC
LOG end=000381F0
CONFIRM end=000381F0
COUNT value="5" status=00000001
COUNT end=000381F0
NAME end=000381F0
LIST end=000381F0
STYLE end=000381F0
STYLE.BRIEF end=000381F0
STYLE.FULL end=000381F0
STYLE.COLUMNS end=000381F0
STYLE.HEADER end=000381F0
OUT end=000381F0
SINCE end=000381F0
BEFORE end=000381F0
EXCLUDE end=000381F0
BINARY end=000381F0
DELETE end=000381F0
ALL end=000310FC
WIDTH end=000310FC
PAGE end=000310FC
PAGE.NONE end=000310FC
PAGE.SIZE end=000310FC
@@ VPTEST/COUNT=X5 A
%DCL-W-NUMBER, invalid numeric value - supply an integer
 \X5\
@@ VPTEST/COUNT=%X10 A
$VERB present=0003FD19
$LINE present=0003FD19
INPUT present=0003FD19
OUTPUT present=000381F0
TARGET present=000310FC
TEXT present=000310FC
FILES present=000310FC
TITLE present=000310FC
LOG present=000381F0
CONFIRM present=0003FD21
COUNT present=0003FD19
NAME present=000381F0
LIST present=000381F0
STYLE present=000381F0
STYLE.BRIEF present=000381F0
STYLE.FULL present=000381F0
STYLE.COLUMNS present=000381F0
STYLE.HEADER present=000381F0
OUT present=000381F0
SINCE present=000381F0
BEFORE present=000381F0
EXCLUDE present=000381F0
BINARY present=000381F0
DELETE present=000381F0
ALL present=000310FC
WIDTH present=000310FC
PAGE present=000310FC
PAGE.NONE present=000310FC
PAGE.SIZE present=000310FC
$VERB value="VPTE" status=00000001
$VERB value="VPTE" status=00000001
$VERB value="VPTE" status=00000001
$VERB value="VPTE" status=00000001
$VERB value="VPTE" status=00000001
$VERB value="VPTE" status=00000001
$VERB value="VPTE" status=00000001
$VERB value="VPTE" status=00000001
$VERB value="VPTE" status=00000001
$VERB value="VPTE" status=00000001
$VERB value="VPTE" status=00000001
$VERB value="VPTE" status=00000001
$VERB value="VPTE" status=00000001
$VERB value="VPTE" status=00000001
$VERB value="VPTE" status=00000001
$VERB value="VPTE" status=00000001
$LINE value="VPTEST/COUNT=16 A" status=00000001
$LINE value="VPTEST/COUNT=16 A" status=00000001
$LINE value="VPTEST/COUNT=16 A" status=00000001
$LINE value="VPTEST/COUNT=16 A" status=00000001
$LINE value="VPTEST/COUNT=16 A" status=00000001
$LINE value="VPTEST/COUNT=16 A" status=00000001
$LINE value="VPTEST/COUNT=16 A" status=00000001
$LINE value="VPTEST/COUNT=16 A" status=00000001
$LINE value="VPTEST/COUNT=16 A" status=00000001
$LINE value="VPTEST/COUNT=16 A" status=00000001
$LINE value="VPTEST/COUNT=16 A" status=00000001
$LINE value="VPTEST/COUNT=16 A" status=00000001
$LINE value="VPTEST/COUNT=16 A" status=00000001
$LINE value="VPTEST/COUNT=16 A" status=00000001
$LINE value="VPTEST/COUNT=16 A" status=00000001
$LINE value="VPTEST/COUNT=16 A" status=00000001
INPUT value="A" status=00000001
INPUT   local EXCLUDE=000381F0
INPUT   local BINARY=000381F0
INPUT   local LOG=000381F0
INPUT end=000381F0
OUTPUT end=000381F0
TARGET end=000310FC
TEXT end=000310FC
FILES end=000310FC
TITLE end=000310FC
LOG end=000381F0
CONFIRM end=000381F0
COUNT value="16" status=00000001
COUNT end=000381F0
NAME end=000381F0
LIST end=000381F0
STYLE end=000381F0
STYLE.BRIEF end=000381F0
STYLE.FULL end=000381F0
STYLE.COLUMNS end=000381F0
STYLE.HEADER end=000381F0
OUT end=000381F0
SINCE end=000381F0
BEFORE end=000381F0
EXCLUDE end=000381F0
BINARY end=000381F0
DELETE end=000381F0
ALL end=000310FC
WIDTH end=000310FC
PAGE end=000310FC
PAGE.NONE end=000310FC
PAGE.SIZE end=000310FC
@@ VPTEST/COUNT = 7 A
$VERB present=0003FD19
$LINE present=0003FD19
INPUT present=0003FD19
OUTPUT present=000381F0
TARGET present=000310FC
TEXT present=000310FC
FILES present=000310FC
TITLE present=000310FC
LOG present=000381F0
CONFIRM present=0003FD21
COUNT present=0003FD19
NAME present=000381F0
LIST present=000381F0
STYLE present=000381F0
STYLE.BRIEF present=000381F0
STYLE.FULL present=000381F0
STYLE.COLUMNS present=000381F0
STYLE.HEADER present=000381F0
OUT present=000381F0
SINCE present=000381F0
BEFORE present=000381F0
EXCLUDE present=000381F0
BINARY present=000381F0
DELETE present=000381F0
ALL present=000310FC
WIDTH present=000310FC
PAGE present=000310FC
PAGE.NONE present=000310FC
PAGE.SIZE present=000310FC
$VERB value="VPTE" status=00000001
$VERB value="VPTE" status=00000001
$VERB value="VPTE" status=00000001
$VERB value="VPTE" status=00000001
$VERB value="VPTE" status=00000001
$VERB value="VPTE" status=00000001
$VERB value="VPTE" status=00000001
$VERB value="VPTE" status=00000001
$VERB value="VPTE" status=00000001
$VERB value="VPTE" status=00000001
$VERB value="VPTE" status=00000001
$VERB value="VPTE" status=00000001
$VERB value="VPTE" status=00000001
$VERB value="VPTE" status=00000001
$VERB value="VPTE" status=00000001
$VERB value="VPTE" status=00000001
$LINE value="VPTEST/COUNT=7 A" status=00000001
$LINE value="VPTEST/COUNT=7 A" status=00000001
$LINE value="VPTEST/COUNT=7 A" status=00000001
$LINE value="VPTEST/COUNT=7 A" status=00000001
$LINE value="VPTEST/COUNT=7 A" status=00000001
$LINE value="VPTEST/COUNT=7 A" status=00000001
$LINE value="VPTEST/COUNT=7 A" status=00000001
$LINE value="VPTEST/COUNT=7 A" status=00000001
$LINE value="VPTEST/COUNT=7 A" status=00000001
$LINE value="VPTEST/COUNT=7 A" status=00000001
$LINE value="VPTEST/COUNT=7 A" status=00000001
$LINE value="VPTEST/COUNT=7 A" status=00000001
$LINE value="VPTEST/COUNT=7 A" status=00000001
$LINE value="VPTEST/COUNT=7 A" status=00000001
$LINE value="VPTEST/COUNT=7 A" status=00000001
$LINE value="VPTEST/COUNT=7 A" status=00000001
INPUT value="A" status=00000001
INPUT   local EXCLUDE=000381F0
INPUT   local BINARY=000381F0
INPUT   local LOG=000381F0
INPUT end=000381F0
OUTPUT end=000381F0
TARGET end=000310FC
TEXT end=000310FC
FILES end=000310FC
TITLE end=000310FC
LOG end=000381F0
CONFIRM end=000381F0
COUNT value="7" status=00000001
COUNT end=000381F0
NAME end=000381F0
LIST end=000381F0
STYLE end=000381F0
STYLE.BRIEF end=000381F0
STYLE.FULL end=000381F0
STYLE.COLUMNS end=000381F0
STYLE.HEADER end=000381F0
OUT end=000381F0
SINCE end=000381F0
BEFORE end=000381F0
EXCLUDE end=000381F0
BINARY end=000381F0
DELETE end=000381F0
ALL end=000310FC
WIDTH end=000310FC
PAGE end=000310FC
PAGE.NONE end=000310FC
PAGE.SIZE end=000310FC
@@ VPTEST/NAME A
%DCL-W-VALREQ, missing qualifier or keyword value - supply all required values
 \NAME\
@@ VPTEST/NAME=Foo A
$VERB present=0003FD19
$LINE present=0003FD19
INPUT present=0003FD19
OUTPUT present=000381F0
TARGET present=000310FC
TEXT present=000310FC
FILES present=000310FC
TITLE present=000310FC
LOG present=000381F0
CONFIRM present=0003FD21
COUNT present=000381F0
NAME present=0003FD19
LIST present=000381F0
STYLE present=000381F0
STYLE.BRIEF present=000381F0
STYLE.FULL present=000381F0
STYLE.COLUMNS present=000381F0
STYLE.HEADER present=000381F0
OUT present=000381F0
SINCE present=000381F0
BEFORE present=000381F0
EXCLUDE present=000381F0
BINARY present=000381F0
DELETE present=000381F0
ALL present=000310FC
WIDTH present=000310FC
PAGE present=000310FC
PAGE.NONE present=000310FC
PAGE.SIZE present=000310FC
$VERB value="VPTE" status=00000001
$VERB value="VPTE" status=00000001
$VERB value="VPTE" status=00000001
$VERB value="VPTE" status=00000001
$VERB value="VPTE" status=00000001
$VERB value="VPTE" status=00000001
$VERB value="VPTE" status=00000001
$VERB value="VPTE" status=00000001
$VERB value="VPTE" status=00000001
$VERB value="VPTE" status=00000001
$VERB value="VPTE" status=00000001
$VERB value="VPTE" status=00000001
$VERB value="VPTE" status=00000001
$VERB value="VPTE" status=00000001
$VERB value="VPTE" status=00000001
$VERB value="VPTE" status=00000001
$LINE value="VPTEST/NAME=FOO A" status=00000001
$LINE value="VPTEST/NAME=FOO A" status=00000001
$LINE value="VPTEST/NAME=FOO A" status=00000001
$LINE value="VPTEST/NAME=FOO A" status=00000001
$LINE value="VPTEST/NAME=FOO A" status=00000001
$LINE value="VPTEST/NAME=FOO A" status=00000001
$LINE value="VPTEST/NAME=FOO A" status=00000001
$LINE value="VPTEST/NAME=FOO A" status=00000001
$LINE value="VPTEST/NAME=FOO A" status=00000001
$LINE value="VPTEST/NAME=FOO A" status=00000001
$LINE value="VPTEST/NAME=FOO A" status=00000001
$LINE value="VPTEST/NAME=FOO A" status=00000001
$LINE value="VPTEST/NAME=FOO A" status=00000001
$LINE value="VPTEST/NAME=FOO A" status=00000001
$LINE value="VPTEST/NAME=FOO A" status=00000001
$LINE value="VPTEST/NAME=FOO A" status=00000001
INPUT value="A" status=00000001
INPUT   local EXCLUDE=000381F0
INPUT   local BINARY=000381F0
INPUT   local LOG=000381F0
INPUT end=000381F0
OUTPUT end=000381F0
TARGET end=000310FC
TEXT end=000310FC
FILES end=000310FC
TITLE end=000310FC
LOG end=000381F0
CONFIRM end=000381F0
COUNT end=000381F0
NAME value="FOO" status=00000001
NAME end=000381F0
LIST end=000381F0
STYLE end=000381F0
STYLE.BRIEF end=000381F0
STYLE.FULL end=000381F0
STYLE.COLUMNS end=000381F0
STYLE.HEADER end=000381F0
OUT end=000381F0
SINCE end=000381F0
BEFORE end=000381F0
EXCLUDE end=000381F0
BINARY end=000381F0
DELETE end=000381F0
ALL end=000310FC
WIDTH end=000310FC
PAGE end=000310FC
PAGE.NONE end=000310FC
PAGE.SIZE end=000310FC
@@ VPTEST/NAME="Mixed Case" A
$VERB present=0003FD19
$LINE present=0003FD19
INPUT present=0003FD19
OUTPUT present=000381F0
TARGET present=000310FC
TEXT present=000310FC
FILES present=000310FC
TITLE present=000310FC
LOG present=000381F0
CONFIRM present=0003FD21
COUNT present=000381F0
NAME present=0003FD19
LIST present=000381F0
STYLE present=000381F0
STYLE.BRIEF present=000381F0
STYLE.FULL present=000381F0
STYLE.COLUMNS present=000381F0
STYLE.HEADER present=000381F0
OUT present=000381F0
SINCE present=000381F0
BEFORE present=000381F0
EXCLUDE present=000381F0
BINARY present=000381F0
DELETE present=000381F0
ALL present=000310FC
WIDTH present=000310FC
PAGE present=000310FC
PAGE.NONE present=000310FC
PAGE.SIZE present=000310FC
$VERB value="VPTE" status=00000001
$VERB value="VPTE" status=00000001
$VERB value="VPTE" status=00000001
$VERB value="VPTE" status=00000001
$VERB value="VPTE" status=00000001
$VERB value="VPTE" status=00000001
$VERB value="VPTE" status=00000001
$VERB value="VPTE" status=00000001
$VERB value="VPTE" status=00000001
$VERB value="VPTE" status=00000001
$VERB value="VPTE" status=00000001
$VERB value="VPTE" status=00000001
$VERB value="VPTE" status=00000001
$VERB value="VPTE" status=00000001
$VERB value="VPTE" status=00000001
$VERB value="VPTE" status=00000001
$LINE value="VPTEST/NAME=Mixed Case A" status=00000001
$LINE value="VPTEST/NAME=Mixed Case A" status=00000001
$LINE value="VPTEST/NAME=Mixed Case A" status=00000001
$LINE value="VPTEST/NAME=Mixed Case A" status=00000001
$LINE value="VPTEST/NAME=Mixed Case A" status=00000001
$LINE value="VPTEST/NAME=Mixed Case A" status=00000001
$LINE value="VPTEST/NAME=Mixed Case A" status=00000001
$LINE value="VPTEST/NAME=Mixed Case A" status=00000001
$LINE value="VPTEST/NAME=Mixed Case A" status=00000001
$LINE value="VPTEST/NAME=Mixed Case A" status=00000001
$LINE value="VPTEST/NAME=Mixed Case A" status=00000001
$LINE value="VPTEST/NAME=Mixed Case A" status=00000001
$LINE value="VPTEST/NAME=Mixed Case A" status=00000001
$LINE value="VPTEST/NAME=Mixed Case A" status=00000001
$LINE value="VPTEST/NAME=Mixed Case A" status=00000001
$LINE value="VPTEST/NAME=Mixed Case A" status=00000001
INPUT value="A" status=00000001
INPUT   local EXCLUDE=000381F0
INPUT   local BINARY=000381F0
INPUT   local LOG=000381F0
INPUT end=000381F0
OUTPUT end=000381F0
TARGET end=000310FC
TEXT end=000310FC
FILES end=000310FC
TITLE end=000310FC
LOG end=000381F0
CONFIRM end=000381F0
COUNT end=000381F0
NAME value="Mixed Case" status=00000001
NAME end=000381F0
LIST end=000381F0
STYLE end=000381F0
STYLE.BRIEF end=000381F0
STYLE.FULL end=000381F0
STYLE.COLUMNS end=000381F0
STYLE.HEADER end=000381F0
OUT end=000381F0
SINCE end=000381F0
BEFORE end=000381F0
EXCLUDE end=000381F0
BINARY end=000381F0
DELETE end=000381F0
ALL end=000310FC
WIDTH end=000310FC
PAGE end=000310FC
PAGE.NONE end=000310FC
PAGE.SIZE end=000310FC
@@ VPTEST/NAME=(A,B) A
%DCL-W-ONEVAL, list of values not allowed - check use of comma (,)
 \B)\
@@ VPTEST/LIST=(a,b,c) A
$VERB present=0003FD19
$LINE present=0003FD19
INPUT present=0003FD19
OUTPUT present=000381F0
TARGET present=000310FC
TEXT present=000310FC
FILES present=000310FC
TITLE present=000310FC
LOG present=000381F0
CONFIRM present=0003FD21
COUNT present=000381F0
NAME present=000381F0
LIST present=0003FD19
STYLE present=000381F0
STYLE.BRIEF present=000381F0
STYLE.FULL present=000381F0
STYLE.COLUMNS present=000381F0
STYLE.HEADER present=000381F0
OUT present=000381F0
SINCE present=000381F0
BEFORE present=000381F0
EXCLUDE present=000381F0
BINARY present=000381F0
DELETE present=000381F0
ALL present=000310FC
WIDTH present=000310FC
PAGE present=000310FC
PAGE.NONE present=000310FC
PAGE.SIZE present=000310FC
$VERB value="VPTE" status=00000001
$VERB value="VPTE" status=00000001
$VERB value="VPTE" status=00000001
$VERB value="VPTE" status=00000001
$VERB value="VPTE" status=00000001
$VERB value="VPTE" status=00000001
$VERB value="VPTE" status=00000001
$VERB value="VPTE" status=00000001
$VERB value="VPTE" status=00000001
$VERB value="VPTE" status=00000001
$VERB value="VPTE" status=00000001
$VERB value="VPTE" status=00000001
$VERB value="VPTE" status=00000001
$VERB value="VPTE" status=00000001
$VERB value="VPTE" status=00000001
$VERB value="VPTE" status=00000001
$LINE value="VPTEST/LIST=(A,B,C) A" status=00000001
$LINE value="VPTEST/LIST=(A,B,C) A" status=00000001
$LINE value="VPTEST/LIST=(A,B,C) A" status=00000001
$LINE value="VPTEST/LIST=(A,B,C) A" status=00000001
$LINE value="VPTEST/LIST=(A,B,C) A" status=00000001
$LINE value="VPTEST/LIST=(A,B,C) A" status=00000001
$LINE value="VPTEST/LIST=(A,B,C) A" status=00000001
$LINE value="VPTEST/LIST=(A,B,C) A" status=00000001
$LINE value="VPTEST/LIST=(A,B,C) A" status=00000001
$LINE value="VPTEST/LIST=(A,B,C) A" status=00000001
$LINE value="VPTEST/LIST=(A,B,C) A" status=00000001
$LINE value="VPTEST/LIST=(A,B,C) A" status=00000001
$LINE value="VPTEST/LIST=(A,B,C) A" status=00000001
$LINE value="VPTEST/LIST=(A,B,C) A" status=00000001
$LINE value="VPTEST/LIST=(A,B,C) A" status=00000001
$LINE value="VPTEST/LIST=(A,B,C) A" status=00000001
INPUT value="A" status=00000001
INPUT   local EXCLUDE=000381F0
INPUT   local BINARY=000381F0
INPUT   local LOG=000381F0
INPUT end=000381F0
OUTPUT end=000381F0
TARGET end=000310FC
TEXT end=000310FC
FILES end=000310FC
TITLE end=000310FC
LOG end=000381F0
CONFIRM end=000381F0
COUNT end=000381F0
NAME end=000381F0
LIST value="A" status=0003FD39
LIST value="B" status=0003FD39
LIST value="C" status=00000001
LIST end=000381F0
STYLE end=000381F0
STYLE.BRIEF end=000381F0
STYLE.FULL end=000381F0
STYLE.COLUMNS end=000381F0
STYLE.HEADER end=000381F0
OUT end=000381F0
SINCE end=000381F0
BEFORE end=000381F0
EXCLUDE end=000381F0
BINARY end=000381F0
DELETE end=000381F0
ALL end=000310FC
WIDTH end=000310FC
PAGE end=000310FC
PAGE.NONE end=000310FC
PAGE.SIZE end=000310FC
@@ VPTEST/LIST=a A
$VERB present=0003FD19
$LINE present=0003FD19
INPUT present=0003FD19
OUTPUT present=000381F0
TARGET present=000310FC
TEXT present=000310FC
FILES present=000310FC
TITLE present=000310FC
LOG present=000381F0
CONFIRM present=0003FD21
COUNT present=000381F0
NAME present=000381F0
LIST present=0003FD19
STYLE present=000381F0
STYLE.BRIEF present=000381F0
STYLE.FULL present=000381F0
STYLE.COLUMNS present=000381F0
STYLE.HEADER present=000381F0
OUT present=000381F0
SINCE present=000381F0
BEFORE present=000381F0
EXCLUDE present=000381F0
BINARY present=000381F0
DELETE present=000381F0
ALL present=000310FC
WIDTH present=000310FC
PAGE present=000310FC
PAGE.NONE present=000310FC
PAGE.SIZE present=000310FC
$VERB value="VPTE" status=00000001
$VERB value="VPTE" status=00000001
$VERB value="VPTE" status=00000001
$VERB value="VPTE" status=00000001
$VERB value="VPTE" status=00000001
$VERB value="VPTE" status=00000001
$VERB value="VPTE" status=00000001
$VERB value="VPTE" status=00000001
$VERB value="VPTE" status=00000001
$VERB value="VPTE" status=00000001
$VERB value="VPTE" status=00000001
$VERB value="VPTE" status=00000001
$VERB value="VPTE" status=00000001
$VERB value="VPTE" status=00000001
$VERB value="VPTE" status=00000001
$VERB value="VPTE" status=00000001
$LINE value="VPTEST/LIST=A A" status=00000001
$LINE value="VPTEST/LIST=A A" status=00000001
$LINE value="VPTEST/LIST=A A" status=00000001
$LINE value="VPTEST/LIST=A A" status=00000001
$LINE value="VPTEST/LIST=A A" status=00000001
$LINE value="VPTEST/LIST=A A" status=00000001
$LINE value="VPTEST/LIST=A A" status=00000001
$LINE value="VPTEST/LIST=A A" status=00000001
$LINE value="VPTEST/LIST=A A" status=00000001
$LINE value="VPTEST/LIST=A A" status=00000001
$LINE value="VPTEST/LIST=A A" status=00000001
$LINE value="VPTEST/LIST=A A" status=00000001
$LINE value="VPTEST/LIST=A A" status=00000001
$LINE value="VPTEST/LIST=A A" status=00000001
$LINE value="VPTEST/LIST=A A" status=00000001
$LINE value="VPTEST/LIST=A A" status=00000001
INPUT value="A" status=00000001
INPUT   local EXCLUDE=000381F0
INPUT   local BINARY=000381F0
INPUT   local LOG=000381F0
INPUT end=000381F0
OUTPUT end=000381F0
TARGET end=000310FC
TEXT end=000310FC
FILES end=000310FC
TITLE end=000310FC
LOG end=000381F0
CONFIRM end=000381F0
COUNT end=000381F0
NAME end=000381F0
LIST value="A" status=00000001
LIST end=000381F0
STYLE end=000381F0
STYLE.BRIEF end=000381F0
STYLE.FULL end=000381F0
STYLE.COLUMNS end=000381F0
STYLE.HEADER end=000381F0
OUT end=000381F0
SINCE end=000381F0
BEFORE end=000381F0
EXCLUDE end=000381F0
BINARY end=000381F0
DELETE end=000381F0
ALL end=000310FC
WIDTH end=000310FC
PAGE end=000310FC
PAGE.NONE end=000310FC
PAGE.SIZE end=000310FC
@@ VPTEST/LIST=("x,y",z) A
$VERB present=0003FD19
$LINE present=0003FD19
INPUT present=0003FD19
OUTPUT present=000381F0
TARGET present=000310FC
TEXT present=000310FC
FILES present=000310FC
TITLE present=000310FC
LOG present=000381F0
CONFIRM present=0003FD21
COUNT present=000381F0
NAME present=000381F0
LIST present=0003FD19
STYLE present=000381F0
STYLE.BRIEF present=000381F0
STYLE.FULL present=000381F0
STYLE.COLUMNS present=000381F0
STYLE.HEADER present=000381F0
OUT present=000381F0
SINCE present=000381F0
BEFORE present=000381F0
EXCLUDE present=000381F0
BINARY present=000381F0
DELETE present=000381F0
ALL present=000310FC
WIDTH present=000310FC
PAGE present=000310FC
PAGE.NONE present=000310FC
PAGE.SIZE present=000310FC
$VERB value="VPTE" status=00000001
$VERB value="VPTE" status=00000001
$VERB value="VPTE" status=00000001
$VERB value="VPTE" status=00000001
$VERB value="VPTE" status=00000001
$VERB value="VPTE" status=00000001
$VERB value="VPTE" status=00000001
$VERB value="VPTE" status=00000001
$VERB value="VPTE" status=00000001
$VERB value="VPTE" status=00000001
$VERB value="VPTE" status=00000001
$VERB value="VPTE" status=00000001
$VERB value="VPTE" status=00000001
$VERB value="VPTE" status=00000001
$VERB value="VPTE" status=00000001
$VERB value="VPTE" status=00000001
$LINE value="VPTEST/LIST=(x,y,Z) A" status=00000001
$LINE value="VPTEST/LIST=(x,y,Z) A" status=00000001
$LINE value="VPTEST/LIST=(x,y,Z) A" status=00000001
$LINE value="VPTEST/LIST=(x,y,Z) A" status=00000001
$LINE value="VPTEST/LIST=(x,y,Z) A" status=00000001
$LINE value="VPTEST/LIST=(x,y,Z) A" status=00000001
$LINE value="VPTEST/LIST=(x,y,Z) A" status=00000001
$LINE value="VPTEST/LIST=(x,y,Z) A" status=00000001
$LINE value="VPTEST/LIST=(x,y,Z) A" status=00000001
$LINE value="VPTEST/LIST=(x,y,Z) A" status=00000001
$LINE value="VPTEST/LIST=(x,y,Z) A" status=00000001
$LINE value="VPTEST/LIST=(x,y,Z) A" status=00000001
$LINE value="VPTEST/LIST=(x,y,Z) A" status=00000001
$LINE value="VPTEST/LIST=(x,y,Z) A" status=00000001
$LINE value="VPTEST/LIST=(x,y,Z) A" status=00000001
$LINE value="VPTEST/LIST=(x,y,Z) A" status=00000001
INPUT value="A" status=00000001
INPUT   local EXCLUDE=000381F0
INPUT   local BINARY=000381F0
INPUT   local LOG=000381F0
INPUT end=000381F0
OUTPUT end=000381F0
TARGET end=000310FC
TEXT end=000310FC
FILES end=000310FC
TITLE end=000310FC
LOG end=000381F0
CONFIRM end=000381F0
COUNT end=000381F0
NAME end=000381F0
LIST value="x,y" status=0003FD39
LIST value="Z" status=00000001
LIST end=000381F0
STYLE end=000381F0
STYLE.BRIEF end=000381F0
STYLE.FULL end=000381F0
STYLE.COLUMNS end=000381F0
STYLE.HEADER end=000381F0
OUT end=000381F0
SINCE end=000381F0
BEFORE end=000381F0
EXCLUDE end=000381F0
BINARY end=000381F0
DELETE end=000381F0
ALL end=000310FC
WIDTH end=000310FC
PAGE end=000310FC
PAGE.NONE end=000310FC
PAGE.SIZE end=000310FC
@@ VPTEST/STYLE A
$VERB present=0003FD19
$LINE present=0003FD19
INPUT present=0003FD19
OUTPUT present=000381F0
TARGET present=000310FC
TEXT present=000310FC
FILES present=000310FC
TITLE present=000310FC
LOG present=000381F0
CONFIRM present=0003FD21
COUNT present=000381F0
NAME present=000381F0
LIST present=000381F0
STYLE present=0003FD19
STYLE.BRIEF present=0003FD21
STYLE.FULL present=000381F0
STYLE.COLUMNS present=000381F0
STYLE.HEADER present=000381F0
OUT present=000381F0
SINCE present=000381F0
BEFORE present=000381F0
EXCLUDE present=000381F0
BINARY present=000381F0
DELETE present=000381F0
ALL present=000310FC
WIDTH present=000310FC
PAGE present=000310FC
PAGE.NONE present=000310FC
PAGE.SIZE present=000310FC
$VERB value="VPTE" status=00000001
$VERB value="VPTE" status=00000001
$VERB value="VPTE" status=00000001
$VERB value="VPTE" status=00000001
$VERB value="VPTE" status=00000001
$VERB value="VPTE" status=00000001
$VERB value="VPTE" status=00000001
$VERB value="VPTE" status=00000001
$VERB value="VPTE" status=00000001
$VERB value="VPTE" status=00000001
$VERB value="VPTE" status=00000001
$VERB value="VPTE" status=00000001
$VERB value="VPTE" status=00000001
$VERB value="VPTE" status=00000001
$VERB value="VPTE" status=00000001
$VERB value="VPTE" status=00000001
$LINE value="VPTEST/STYLE A" status=00000001
$LINE value="VPTEST/STYLE A" status=00000001
$LINE value="VPTEST/STYLE A" status=00000001
$LINE value="VPTEST/STYLE A" status=00000001
$LINE value="VPTEST/STYLE A" status=00000001
$LINE value="VPTEST/STYLE A" status=00000001
$LINE value="VPTEST/STYLE A" status=00000001
$LINE value="VPTEST/STYLE A" status=00000001
$LINE value="VPTEST/STYLE A" status=00000001
$LINE value="VPTEST/STYLE A" status=00000001
$LINE value="VPTEST/STYLE A" status=00000001
$LINE value="VPTEST/STYLE A" status=00000001
$LINE value="VPTEST/STYLE A" status=00000001
$LINE value="VPTEST/STYLE A" status=00000001
$LINE value="VPTEST/STYLE A" status=00000001
$LINE value="VPTEST/STYLE A" status=00000001
INPUT value="A" status=00000001
INPUT   local EXCLUDE=000381F0
INPUT   local BINARY=000381F0
INPUT   local LOG=000381F0
INPUT end=000381F0
OUTPUT end=000381F0
TARGET end=000310FC
TEXT end=000310FC
FILES end=000310FC
TITLE end=000310FC
LOG end=000381F0
CONFIRM end=000381F0
COUNT end=000381F0
NAME end=000381F0
LIST end=000381F0
STYLE value="BRIEF" status=00000001
STYLE end=000381F0
STYLE.BRIEF end=000381F0
STYLE.FULL end=000381F0
STYLE.COLUMNS end=000381F0
STYLE.HEADER end=000381F0
OUT end=000381F0
SINCE end=000381F0
BEFORE end=000381F0
EXCLUDE end=000381F0
BINARY end=000381F0
DELETE end=000381F0
ALL end=000310FC
WIDTH end=000310FC
PAGE end=000310FC
PAGE.NONE end=000310FC
PAGE.SIZE end=000310FC
@@ VPTEST/STYLE=FULL A
$VERB present=0003FD19
$LINE present=0003FD19
INPUT present=0003FD19
OUTPUT present=000381F0
TARGET present=000310FC
TEXT present=000310FC
FILES present=000310FC
TITLE present=000310FC
LOG present=000381F0
CONFIRM present=0003FD21
COUNT present=000381F0
NAME present=000381F0
LIST present=000381F0
STYLE present=0003FD19
STYLE.BRIEF present=000381F0
STYLE.FULL present=0003FD19
STYLE.COLUMNS present=000381F0
STYLE.HEADER present=000381F0
OUT present=000381F0
SINCE present=000381F0
BEFORE present=000381F0
EXCLUDE present=000381F0
BINARY present=000381F0
DELETE present=000381F0
ALL present=000310FC
WIDTH present=000310FC
PAGE present=000310FC
PAGE.NONE present=000310FC
PAGE.SIZE present=000310FC
$VERB value="VPTE" status=00000001
$VERB value="VPTE" status=00000001
$VERB value="VPTE" status=00000001
$VERB value="VPTE" status=00000001
$VERB value="VPTE" status=00000001
$VERB value="VPTE" status=00000001
$VERB value="VPTE" status=00000001
$VERB value="VPTE" status=00000001
$VERB value="VPTE" status=00000001
$VERB value="VPTE" status=00000001
$VERB value="VPTE" status=00000001
$VERB value="VPTE" status=00000001
$VERB value="VPTE" status=00000001
$VERB value="VPTE" status=00000001
$VERB value="VPTE" status=00000001
$VERB value="VPTE" status=00000001
$LINE value="VPTEST/STYLE=FULL A" status=00000001
$LINE value="VPTEST/STYLE=FULL A" status=00000001
$LINE value="VPTEST/STYLE=FULL A" status=00000001
$LINE value="VPTEST/STYLE=FULL A" status=00000001
$LINE value="VPTEST/STYLE=FULL A" status=00000001
$LINE value="VPTEST/STYLE=FULL A" status=00000001
$LINE value="VPTEST/STYLE=FULL A" status=00000001
$LINE value="VPTEST/STYLE=FULL A" status=00000001
$LINE value="VPTEST/STYLE=FULL A" status=00000001
$LINE value="VPTEST/STYLE=FULL A" status=00000001
$LINE value="VPTEST/STYLE=FULL A" status=00000001
$LINE value="VPTEST/STYLE=FULL A" status=00000001
$LINE value="VPTEST/STYLE=FULL A" status=00000001
$LINE value="VPTEST/STYLE=FULL A" status=00000001
$LINE value="VPTEST/STYLE=FULL A" status=00000001
$LINE value="VPTEST/STYLE=FULL A" status=00000001
INPUT value="A" status=00000001
INPUT   local EXCLUDE=000381F0
INPUT   local BINARY=000381F0
INPUT   local LOG=000381F0
INPUT end=000381F0
OUTPUT end=000381F0
TARGET end=000310FC
TEXT end=000310FC
FILES end=000310FC
TITLE end=000310FC
LOG end=000381F0
CONFIRM end=000381F0
COUNT end=000381F0
NAME end=000381F0
LIST end=000381F0
STYLE value="FULL" status=00000001
STYLE end=000381F0
STYLE.BRIEF end=000381F0
STYLE.FULL end=000381F0
STYLE.COLUMNS end=000381F0
STYLE.HEADER end=000381F0
OUT end=000381F0
SINCE end=000381F0
BEFORE end=000381F0
EXCLUDE end=000381F0
BINARY end=000381F0
DELETE end=000381F0
ALL end=000310FC
WIDTH end=000310FC
PAGE end=000310FC
PAGE.NONE end=000310FC
PAGE.SIZE end=000310FC
@@ VPTEST/STYLE=(FULL,COLUMNS=3) A
$VERB present=0003FD19
$LINE present=0003FD19
INPUT present=0003FD19
OUTPUT present=000381F0
TARGET present=000310FC
TEXT present=000310FC
FILES present=000310FC
TITLE present=000310FC
LOG present=000381F0
CONFIRM present=0003FD21
COUNT present=000381F0
NAME present=000381F0
LIST present=000381F0
STYLE present=0003FD19
STYLE.BRIEF present=000381F0
STYLE.FULL present=0003FD19
STYLE.COLUMNS present=0003FD19
STYLE.HEADER present=000381F0
OUT present=000381F0
SINCE present=000381F0
BEFORE present=000381F0
EXCLUDE present=000381F0
BINARY present=000381F0
DELETE present=000381F0
ALL present=000310FC
WIDTH present=000310FC
PAGE present=000310FC
PAGE.NONE present=000310FC
PAGE.SIZE present=000310FC
$VERB value="VPTE" status=00000001
$VERB value="VPTE" status=00000001
$VERB value="VPTE" status=00000001
$VERB value="VPTE" status=00000001
$VERB value="VPTE" status=00000001
$VERB value="VPTE" status=00000001
$VERB value="VPTE" status=00000001
$VERB value="VPTE" status=00000001
$VERB value="VPTE" status=00000001
$VERB value="VPTE" status=00000001
$VERB value="VPTE" status=00000001
$VERB value="VPTE" status=00000001
$VERB value="VPTE" status=00000001
$VERB value="VPTE" status=00000001
$VERB value="VPTE" status=00000001
$VERB value="VPTE" status=00000001
$LINE value="VPTEST/STYLE=(FULL,COLUMNS=3) A" status=00000001
$LINE value="VPTEST/STYLE=(FULL,COLUMNS=3) A" status=00000001
$LINE value="VPTEST/STYLE=(FULL,COLUMNS=3) A" status=00000001
$LINE value="VPTEST/STYLE=(FULL,COLUMNS=3) A" status=00000001
$LINE value="VPTEST/STYLE=(FULL,COLUMNS=3) A" status=00000001
$LINE value="VPTEST/STYLE=(FULL,COLUMNS=3) A" status=00000001
$LINE value="VPTEST/STYLE=(FULL,COLUMNS=3) A" status=00000001
$LINE value="VPTEST/STYLE=(FULL,COLUMNS=3) A" status=00000001
$LINE value="VPTEST/STYLE=(FULL,COLUMNS=3) A" status=00000001
$LINE value="VPTEST/STYLE=(FULL,COLUMNS=3) A" status=00000001
$LINE value="VPTEST/STYLE=(FULL,COLUMNS=3) A" status=00000001
$LINE value="VPTEST/STYLE=(FULL,COLUMNS=3) A" status=00000001
$LINE value="VPTEST/STYLE=(FULL,COLUMNS=3) A" status=00000001
$LINE value="VPTEST/STYLE=(FULL,COLUMNS=3) A" status=00000001
$LINE value="VPTEST/STYLE=(FULL,COLUMNS=3) A" status=00000001
$LINE value="VPTEST/STYLE=(FULL,COLUMNS=3) A" status=00000001
INPUT value="A" status=00000001
INPUT   local EXCLUDE=000381F0
INPUT   local BINARY=000381F0
INPUT   local LOG=000381F0
INPUT end=000381F0
OUTPUT end=000381F0
TARGET end=000310FC
TEXT end=000310FC
FILES end=000310FC
TITLE end=000310FC
LOG end=000381F0
CONFIRM end=000381F0
COUNT end=000381F0
NAME end=000381F0
LIST end=000381F0
STYLE value="FULL" status=0003FD39
STYLE value="COLUMNS=3" status=00000001
STYLE end=000381F0
STYLE.BRIEF end=000381F0
STYLE.FULL end=000381F0
STYLE.COLUMNS value="3" status=00000001
STYLE.COLUMNS end=000381F0
STYLE.HEADER end=000381F0
OUT end=000381F0
SINCE end=000381F0
BEFORE end=000381F0
EXCLUDE end=000381F0
BINARY end=000381F0
DELETE end=000381F0
ALL end=000310FC
WIDTH end=000310FC
PAGE end=000310FC
PAGE.NONE end=000310FC
PAGE.SIZE end=000310FC
@@ VPTEST/STYLE=COLUMNS A
%DCL-W-VALREQ, missing qualifier or keyword value - supply all required values
 \COLUMNS\
@@ VPTEST/STYLE=NOHEADER A
$VERB present=0003FD19
$LINE present=0003FD19
INPUT present=0003FD19
OUTPUT present=000381F0
TARGET present=000310FC
TEXT present=000310FC
FILES present=000310FC
TITLE present=000310FC
LOG present=000381F0
CONFIRM present=0003FD21
COUNT present=000381F0
NAME present=000381F0
LIST present=000381F0
STYLE present=0003FD19
STYLE.BRIEF present=000381F0
STYLE.FULL present=000381F0
STYLE.COLUMNS present=000381F0
STYLE.HEADER present=000381F8
OUT present=000381F0
SINCE present=000381F0
BEFORE present=000381F0
EXCLUDE present=000381F0
BINARY present=000381F0
DELETE present=000381F0
ALL present=000310FC
WIDTH present=000310FC
PAGE present=000310FC
PAGE.NONE present=000310FC
PAGE.SIZE present=000310FC
$VERB value="VPTE" status=00000001
$VERB value="VPTE" status=00000001
$VERB value="VPTE" status=00000001
$VERB value="VPTE" status=00000001
$VERB value="VPTE" status=00000001
$VERB value="VPTE" status=00000001
$VERB value="VPTE" status=00000001
$VERB value="VPTE" status=00000001
$VERB value="VPTE" status=00000001
$VERB value="VPTE" status=00000001
$VERB value="VPTE" status=00000001
$VERB value="VPTE" status=00000001
$VERB value="VPTE" status=00000001
$VERB value="VPTE" status=00000001
$VERB value="VPTE" status=00000001
$VERB value="VPTE" status=00000001
$LINE value="VPTEST/STYLE=NOHEADER A" status=00000001
$LINE value="VPTEST/STYLE=NOHEADER A" status=00000001
$LINE value="VPTEST/STYLE=NOHEADER A" status=00000001
$LINE value="VPTEST/STYLE=NOHEADER A" status=00000001
$LINE value="VPTEST/STYLE=NOHEADER A" status=00000001
$LINE value="VPTEST/STYLE=NOHEADER A" status=00000001
$LINE value="VPTEST/STYLE=NOHEADER A" status=00000001
$LINE value="VPTEST/STYLE=NOHEADER A" status=00000001
$LINE value="VPTEST/STYLE=NOHEADER A" status=00000001
$LINE value="VPTEST/STYLE=NOHEADER A" status=00000001
$LINE value="VPTEST/STYLE=NOHEADER A" status=00000001
$LINE value="VPTEST/STYLE=NOHEADER A" status=00000001
$LINE value="VPTEST/STYLE=NOHEADER A" status=00000001
$LINE value="VPTEST/STYLE=NOHEADER A" status=00000001
$LINE value="VPTEST/STYLE=NOHEADER A" status=00000001
$LINE value="VPTEST/STYLE=NOHEADER A" status=00000001
INPUT value="A" status=00000001
INPUT   local EXCLUDE=000381F0
INPUT   local BINARY=000381F0
INPUT   local LOG=000381F0
INPUT end=000381F0
OUTPUT end=000381F0
TARGET end=000310FC
TEXT end=000310FC
FILES end=000310FC
TITLE end=000310FC
LOG end=000381F0
CONFIRM end=000381F0
COUNT end=000381F0
NAME end=000381F0
LIST end=000381F0
STYLE value="NOHEADER" status=00000001
STYLE end=000381F0
STYLE.BRIEF end=000381F0
STYLE.FULL end=000381F0
STYLE.COLUMNS end=000381F0
STYLE.HEADER end=000381F0
OUT end=000381F0
SINCE end=000381F0
BEFORE end=000381F0
EXCLUDE end=000381F0
BINARY end=000381F0
DELETE end=000381F0
ALL end=000310FC
WIDTH end=000310FC
PAGE end=000310FC
PAGE.NONE end=000310FC
PAGE.SIZE end=000310FC
@@ VPTEST/STYLE=NOFULL A
%DCL-W-NOTNEG, qualifier or keyword not negatable - remove "NO" or omit
 \NOFULL\
@@ VPTEST/STYLE=BOGUS A
%DCL-W-IVKEYW, unrecognized keyword - check validity and spelling
 \BOGUS\
@@ VPTEST/STYLE=F A
$VERB present=0003FD19
$LINE present=0003FD19
INPUT present=0003FD19
OUTPUT present=000381F0
TARGET present=000310FC
TEXT present=000310FC
FILES present=000310FC
TITLE present=000310FC
LOG present=000381F0
CONFIRM present=0003FD21
COUNT present=000381F0
NAME present=000381F0
LIST present=000381F0
STYLE present=0003FD19
STYLE.BRIEF present=000381F0
STYLE.FULL present=0003FD19
STYLE.COLUMNS present=000381F0
STYLE.HEADER present=000381F0
OUT present=000381F0
SINCE present=000381F0
BEFORE present=000381F0
EXCLUDE present=000381F0
BINARY present=000381F0
DELETE present=000381F0
ALL present=000310FC
WIDTH present=000310FC
PAGE present=000310FC
PAGE.NONE present=000310FC
PAGE.SIZE present=000310FC
$VERB value="VPTE" status=00000001
$VERB value="VPTE" status=00000001
$VERB value="VPTE" status=00000001
$VERB value="VPTE" status=00000001
$VERB value="VPTE" status=00000001
$VERB value="VPTE" status=00000001
$VERB value="VPTE" status=00000001
$VERB value="VPTE" status=00000001
$VERB value="VPTE" status=00000001
$VERB value="VPTE" status=00000001
$VERB value="VPTE" status=00000001
$VERB value="VPTE" status=00000001
$VERB value="VPTE" status=00000001
$VERB value="VPTE" status=00000001
$VERB value="VPTE" status=00000001
$VERB value="VPTE" status=00000001
$LINE value="VPTEST/STYLE=F A" status=00000001
$LINE value="VPTEST/STYLE=F A" status=00000001
$LINE value="VPTEST/STYLE=F A" status=00000001
$LINE value="VPTEST/STYLE=F A" status=00000001
$LINE value="VPTEST/STYLE=F A" status=00000001
$LINE value="VPTEST/STYLE=F A" status=00000001
$LINE value="VPTEST/STYLE=F A" status=00000001
$LINE value="VPTEST/STYLE=F A" status=00000001
$LINE value="VPTEST/STYLE=F A" status=00000001
$LINE value="VPTEST/STYLE=F A" status=00000001
$LINE value="VPTEST/STYLE=F A" status=00000001
$LINE value="VPTEST/STYLE=F A" status=00000001
$LINE value="VPTEST/STYLE=F A" status=00000001
$LINE value="VPTEST/STYLE=F A" status=00000001
$LINE value="VPTEST/STYLE=F A" status=00000001
$LINE value="VPTEST/STYLE=F A" status=00000001
INPUT value="A" status=00000001
INPUT   local EXCLUDE=000381F0
INPUT   local BINARY=000381F0
INPUT   local LOG=000381F0
INPUT end=000381F0
OUTPUT end=000381F0
TARGET end=000310FC
TEXT end=000310FC
FILES end=000310FC
TITLE end=000310FC
LOG end=000381F0
CONFIRM end=000381F0
COUNT end=000381F0
NAME end=000381F0
LIST end=000381F0
STYLE value="F" status=00000001
STYLE end=000381F0
STYLE.BRIEF end=000381F0
STYLE.FULL end=000381F0
STYLE.COLUMNS end=000381F0
STYLE.HEADER end=000381F0
OUT end=000381F0
SINCE end=000381F0
BEFORE end=000381F0
EXCLUDE end=000381F0
BINARY end=000381F0
DELETE end=000381F0
ALL end=000310FC
WIDTH end=000310FC
PAGE end=000310FC
PAGE.NONE end=000310FC
PAGE.SIZE end=000310FC
@@ VPTEST/STYLE=(FU,C=4) A
$VERB present=0003FD19
$LINE present=0003FD19
INPUT present=0003FD19
OUTPUT present=000381F0
TARGET present=000310FC
TEXT present=000310FC
FILES present=000310FC
TITLE present=000310FC
LOG present=000381F0
CONFIRM present=0003FD21
COUNT present=000381F0
NAME present=000381F0
LIST present=000381F0
STYLE present=0003FD19
STYLE.BRIEF present=000381F0
STYLE.FULL present=0003FD19
STYLE.COLUMNS present=0003FD19
STYLE.HEADER present=000381F0
OUT present=000381F0
SINCE present=000381F0
BEFORE present=000381F0
EXCLUDE present=000381F0
BINARY present=000381F0
DELETE present=000381F0
ALL present=000310FC
WIDTH present=000310FC
PAGE present=000310FC
PAGE.NONE present=000310FC
PAGE.SIZE present=000310FC
$VERB value="VPTE" status=00000001
$VERB value="VPTE" status=00000001
$VERB value="VPTE" status=00000001
$VERB value="VPTE" status=00000001
$VERB value="VPTE" status=00000001
$VERB value="VPTE" status=00000001
$VERB value="VPTE" status=00000001
$VERB value="VPTE" status=00000001
$VERB value="VPTE" status=00000001
$VERB value="VPTE" status=00000001
$VERB value="VPTE" status=00000001
$VERB value="VPTE" status=00000001
$VERB value="VPTE" status=00000001
$VERB value="VPTE" status=00000001
$VERB value="VPTE" status=00000001
$VERB value="VPTE" status=00000001
$LINE value="VPTEST/STYLE=(FU,C=4) A" status=00000001
$LINE value="VPTEST/STYLE=(FU,C=4) A" status=00000001
$LINE value="VPTEST/STYLE=(FU,C=4) A" status=00000001
$LINE value="VPTEST/STYLE=(FU,C=4) A" status=00000001
$LINE value="VPTEST/STYLE=(FU,C=4) A" status=00000001
$LINE value="VPTEST/STYLE=(FU,C=4) A" status=00000001
$LINE value="VPTEST/STYLE=(FU,C=4) A" status=00000001
$LINE value="VPTEST/STYLE=(FU,C=4) A" status=00000001
$LINE value="VPTEST/STYLE=(FU,C=4) A" status=00000001
$LINE value="VPTEST/STYLE=(FU,C=4) A" status=00000001
$LINE value="VPTEST/STYLE=(FU,C=4) A" status=00000001
$LINE value="VPTEST/STYLE=(FU,C=4) A" status=00000001
$LINE value="VPTEST/STYLE=(FU,C=4) A" status=00000001
$LINE value="VPTEST/STYLE=(FU,C=4) A" status=00000001
$LINE value="VPTEST/STYLE=(FU,C=4) A" status=00000001
$LINE value="VPTEST/STYLE=(FU,C=4) A" status=00000001
INPUT value="A" status=00000001
INPUT   local EXCLUDE=000381F0
INPUT   local BINARY=000381F0
INPUT   local LOG=000381F0
INPUT end=000381F0
OUTPUT end=000381F0
TARGET end=000310FC
TEXT end=000310FC
FILES end=000310FC
TITLE end=000310FC
LOG end=000381F0
CONFIRM end=000381F0
COUNT end=000381F0
NAME end=000381F0
LIST end=000381F0
STYLE value="FU" status=0003FD39
STYLE value="C=4" status=00000001
STYLE end=000381F0
STYLE.BRIEF end=000381F0
STYLE.FULL end=000381F0
STYLE.COLUMNS value="4" status=00000001
STYLE.COLUMNS end=000381F0
STYLE.HEADER end=000381F0
OUT end=000381F0
SINCE end=000381F0
BEFORE end=000381F0
EXCLUDE end=000381F0
BINARY end=000381F0
DELETE end=000381F0
ALL end=000310FC
WIDTH end=000310FC
PAGE end=000310FC
PAGE.NONE end=000310FC
PAGE.SIZE end=000310FC
@@ VPTEST/BOGUS A
%DCL-W-IVQUAL, unrecognized qualifier - check validity, spelling, and placement
 \BOGUS\
@@ VPTEST/NOBEFORE A
%DCL-W-NOTNEG, qualifier or keyword not negatable - remove "NO" or omit
 \NOBEFORE\
@@ VPTEST/BEFORE/SINCE A
%DCL-W-CONFLICT, illegal combination of command elements - check documentation
 \BEFORE\
@@ VPTEST/SINCE=YESTERDAY A
$VERB present=0003FD19
$LINE present=0003FD19
INPUT present=0003FD19
OUTPUT present=000381F0
TARGET present=000310FC
TEXT present=000310FC
FILES present=000310FC
TITLE present=000310FC
LOG present=000381F0
CONFIRM present=0003FD21
COUNT present=000381F0
NAME present=000381F0
LIST present=000381F0
STYLE present=000381F0
STYLE.BRIEF present=000381F0
STYLE.FULL present=000381F0
STYLE.COLUMNS present=000381F0
STYLE.HEADER present=000381F0
OUT present=000381F0
SINCE present=0003FD19
BEFORE present=000381F0
EXCLUDE present=000381F0
BINARY present=000381F0
DELETE present=000381F0
ALL present=000310FC
WIDTH present=000310FC
PAGE present=000310FC
PAGE.NONE present=000310FC
PAGE.SIZE present=000310FC
$VERB value="VPTE" status=00000001
$VERB value="VPTE" status=00000001
$VERB value="VPTE" status=00000001
$VERB value="VPTE" status=00000001
$VERB value="VPTE" status=00000001
$VERB value="VPTE" status=00000001
$VERB value="VPTE" status=00000001
$VERB value="VPTE" status=00000001
$VERB value="VPTE" status=00000001
$VERB value="VPTE" status=00000001
$VERB value="VPTE" status=00000001
$VERB value="VPTE" status=00000001
$VERB value="VPTE" status=00000001
$VERB value="VPTE" status=00000001
$VERB value="VPTE" status=00000001
$VERB value="VPTE" status=00000001
$LINE value="VPTEST/SINCE=6-OCT-2026 00:00:00.00 A" status=00000001
$LINE value="VPTEST/SINCE=6-OCT-2026 00:00:00.00 A" status=00000001
$LINE value="VPTEST/SINCE=6-OCT-2026 00:00:00.00 A" status=00000001
$LINE value="VPTEST/SINCE=6-OCT-2026 00:00:00.00 A" status=00000001
$LINE value="VPTEST/SINCE=6-OCT-2026 00:00:00.00 A" status=00000001
$LINE value="VPTEST/SINCE=6-OCT-2026 00:00:00.00 A" status=00000001
$LINE value="VPTEST/SINCE=6-OCT-2026 00:00:00.00 A" status=00000001
$LINE value="VPTEST/SINCE=6-OCT-2026 00:00:00.00 A" status=00000001
$LINE value="VPTEST/SINCE=6-OCT-2026 00:00:00.00 A" status=00000001
$LINE value="VPTEST/SINCE=6-OCT-2026 00:00:00.00 A" status=00000001
$LINE value="VPTEST/SINCE=6-OCT-2026 00:00:00.00 A" status=00000001
$LINE value="VPTEST/SINCE=6-OCT-2026 00:00:00.00 A" status=00000001
$LINE value="VPTEST/SINCE=6-OCT-2026 00:00:00.00 A" status=00000001
$LINE value="VPTEST/SINCE=6-OCT-2026 00:00:00.00 A" status=00000001
$LINE value="VPTEST/SINCE=6-OCT-2026 00:00:00.00 A" status=00000001
$LINE value="VPTEST/SINCE=6-OCT-2026 00:00:00.00 A" status=00000001
INPUT value="A" status=00000001
INPUT   local EXCLUDE=000381F0
INPUT   local BINARY=000381F0
INPUT   local LOG=000381F0
INPUT end=000381F0
OUTPUT end=000381F0
TARGET end=000310FC
TEXT end=000310FC
FILES end=000310FC
TITLE end=000310FC
LOG end=000381F0
CONFIRM end=000381F0
COUNT end=000381F0
NAME end=000381F0
LIST end=000381F0
STYLE end=000381F0
STYLE.BRIEF end=000381F0
STYLE.FULL end=000381F0
STYLE.COLUMNS end=000381F0
STYLE.HEADER end=000381F0
OUT end=000381F0
SINCE value="6-OCT-2026 00:00:00.00" status=00000001
SINCE end=000381F0
BEFORE end=000381F0
EXCLUDE end=000381F0
BINARY end=000381F0
DELETE end=000381F0
ALL end=000310FC
WIDTH end=000310FC
PAGE end=000310FC
PAGE.NONE end=000310FC
PAGE.SIZE end=000310FC
@@ VPTEST/SINCE A
$VERB present=0003FD19
$LINE present=0003FD19
INPUT present=0003FD19
OUTPUT present=000381F0
TARGET present=000310FC
TEXT present=000310FC
FILES present=000310FC
TITLE present=000310FC
LOG present=000381F0
CONFIRM present=0003FD21
COUNT present=000381F0
NAME present=000381F0
LIST present=000381F0
STYLE present=000381F0
STYLE.BRIEF present=000381F0
STYLE.FULL present=000381F0
STYLE.COLUMNS present=000381F0
STYLE.HEADER present=000381F0
OUT present=000381F0
SINCE present=0003FD19
BEFORE present=000381F0
EXCLUDE present=000381F0
BINARY present=000381F0
DELETE present=000381F0
ALL present=000310FC
WIDTH present=000310FC
PAGE present=000310FC
PAGE.NONE present=000310FC
PAGE.SIZE present=000310FC
$VERB value="VPTE" status=00000001
$VERB value="VPTE" status=00000001
$VERB value="VPTE" status=00000001
$VERB value="VPTE" status=00000001
$VERB value="VPTE" status=00000001
$VERB value="VPTE" status=00000001
$VERB value="VPTE" status=00000001
$VERB value="VPTE" status=00000001
$VERB value="VPTE" status=00000001
$VERB value="VPTE" status=00000001
$VERB value="VPTE" status=00000001
$VERB value="VPTE" status=00000001
$VERB value="VPTE" status=00000001
$VERB value="VPTE" status=00000001
$VERB value="VPTE" status=00000001
$VERB value="VPTE" status=00000001
$LINE value="VPTEST/SINCE A" status=00000001
$LINE value="VPTEST/SINCE A" status=00000001
$LINE value="VPTEST/SINCE A" status=00000001
$LINE value="VPTEST/SINCE A" status=00000001
$LINE value="VPTEST/SINCE A" status=00000001
$LINE value="VPTEST/SINCE A" status=00000001
$LINE value="VPTEST/SINCE A" status=00000001
$LINE value="VPTEST/SINCE A" status=00000001
$LINE value="VPTEST/SINCE A" status=00000001
$LINE value="VPTEST/SINCE A" status=00000001
$LINE value="VPTEST/SINCE A" status=00000001
$LINE value="VPTEST/SINCE A" status=00000001
$LINE value="VPTEST/SINCE A" status=00000001
$LINE value="VPTEST/SINCE A" status=00000001
$LINE value="VPTEST/SINCE A" status=00000001
$LINE value="VPTEST/SINCE A" status=00000001
INPUT value="A" status=00000001
INPUT   local EXCLUDE=000381F0
INPUT   local BINARY=000381F0
INPUT   local LOG=000381F0
INPUT end=000381F0
OUTPUT end=000381F0
TARGET end=000310FC
TEXT end=000310FC
FILES end=000310FC
TITLE end=000310FC
LOG end=000381F0
CONFIRM end=000381F0
COUNT end=000381F0
NAME end=000381F0
LIST end=000381F0
STYLE end=000381F0
STYLE.BRIEF end=000381F0
STYLE.FULL end=000381F0
STYLE.COLUMNS end=000381F0
STYLE.HEADER end=000381F0
OUT end=000381F0
SINCE end=000381F0
BEFORE end=000381F0
EXCLUDE end=000381F0
BINARY end=000381F0
DELETE end=000381F0
ALL end=000310FC
WIDTH end=000310FC
PAGE end=000310FC
PAGE.NONE end=000310FC
PAGE.SIZE end=000310FC
@@ VPTEST A/EXCLUDE=X B
$VERB present=0003FD19
$LINE present=0003FD19
INPUT present=0003FD19
OUTPUT present=0003FD19
TARGET present=000310FC
TEXT present=000310FC
FILES present=000310FC
TITLE present=000310FC
LOG present=000381F0
CONFIRM present=0003FD21
COUNT present=000381F0
NAME present=000381F0
LIST present=000381F0
STYLE present=000381F0
STYLE.BRIEF present=000381F0
STYLE.FULL present=000381F0
STYLE.COLUMNS present=000381F0
STYLE.HEADER present=000381F0
OUT present=000381F0
SINCE present=000381F0
BEFORE present=000381F0
EXCLUDE present=000381F0
BINARY present=000381F0
DELETE present=000381F0
ALL present=000310FC
WIDTH present=000310FC
PAGE present=000310FC
PAGE.NONE present=000310FC
PAGE.SIZE present=000310FC
$VERB value="VPTE" status=00000001
$VERB value="VPTE" status=00000001
$VERB value="VPTE" status=00000001
$VERB value="VPTE" status=00000001
$VERB value="VPTE" status=00000001
$VERB value="VPTE" status=00000001
$VERB value="VPTE" status=00000001
$VERB value="VPTE" status=00000001
$VERB value="VPTE" status=00000001
$VERB value="VPTE" status=00000001
$VERB value="VPTE" status=00000001
$VERB value="VPTE" status=00000001
$VERB value="VPTE" status=00000001
$VERB value="VPTE" status=00000001
$VERB value="VPTE" status=00000001
$VERB value="VPTE" status=00000001
$LINE value="VPTEST A/EXCLUDE=X B" status=00000001
$LINE value="VPTEST A/EXCLUDE=X B" status=00000001
$LINE value="VPTEST A/EXCLUDE=X B" status=00000001
$LINE value="VPTEST A/EXCLUDE=X B" status=00000001
$LINE value="VPTEST A/EXCLUDE=X B" status=00000001
$LINE value="VPTEST A/EXCLUDE=X B" status=00000001
$LINE value="VPTEST A/EXCLUDE=X B" status=00000001
$LINE value="VPTEST A/EXCLUDE=X B" status=00000001
$LINE value="VPTEST A/EXCLUDE=X B" status=00000001
$LINE value="VPTEST A/EXCLUDE=X B" status=00000001
$LINE value="VPTEST A/EXCLUDE=X B" status=00000001
$LINE value="VPTEST A/EXCLUDE=X B" status=00000001
$LINE value="VPTEST A/EXCLUDE=X B" status=00000001
$LINE value="VPTEST A/EXCLUDE=X B" status=00000001
$LINE value="VPTEST A/EXCLUDE=X B" status=00000001
$LINE value="VPTEST A/EXCLUDE=X B" status=00000001
INPUT value="A" status=00000001
INPUT   local EXCLUDE=0003FD31
INPUT   local BINARY=000381F0
INPUT   local LOG=000381F0
INPUT end=000381F0
OUTPUT value="B" status=00000001
OUTPUT   local EXCLUDE=000381F0
OUTPUT   local BINARY=000381F0
OUTPUT   local LOG=000381F0
OUTPUT end=000381F0
TARGET end=000310FC
TEXT end=000310FC
FILES end=000310FC
TITLE end=000310FC
LOG end=000381F0
CONFIRM end=000381F0
COUNT end=000381F0
NAME end=000381F0
LIST end=000381F0
STYLE end=000381F0
STYLE.BRIEF end=000381F0
STYLE.FULL end=000381F0
STYLE.COLUMNS end=000381F0
STYLE.HEADER end=000381F0
OUT end=000381F0
SINCE end=000381F0
BEFORE end=000381F0
EXCLUDE end=000381F0
BINARY end=000381F0
DELETE end=000381F0
ALL end=000310FC
WIDTH end=000310FC
PAGE end=000310FC
PAGE.NONE end=000310FC
PAGE.SIZE end=000310FC
@@ VPTEST A/EXCLUDE=X,B/EXCLUDE=Y
$VERB present=0003FD19
$LINE present=0003FD19
INPUT present=0003FD19
OUTPUT present=000381F0
TARGET present=000310FC
TEXT present=000310FC
FILES present=000310FC
TITLE present=000310FC
LOG present=000381F0
CONFIRM present=0003FD21
COUNT present=000381F0
NAME present=000381F0
LIST present=000381F0
STYLE present=000381F0
STYLE.BRIEF present=000381F0
STYLE.FULL present=000381F0
STYLE.COLUMNS present=000381F0
STYLE.HEADER present=000381F0
OUT present=000381F0
SINCE present=000381F0
BEFORE present=000381F0
EXCLUDE present=000381F0
BINARY present=000381F0
DELETE present=000381F0
ALL present=000310FC
WIDTH present=000310FC
PAGE present=000310FC
PAGE.NONE present=000310FC
PAGE.SIZE present=000310FC
$VERB value="VPTE" status=00000001
$VERB value="VPTE" status=00000001
$VERB value="VPTE" status=00000001
$VERB value="VPTE" status=00000001
$VERB value="VPTE" status=00000001
$VERB value="VPTE" status=00000001
$VERB value="VPTE" status=00000001
$VERB value="VPTE" status=00000001
$VERB value="VPTE" status=00000001
$VERB value="VPTE" status=00000001
$VERB value="VPTE" status=00000001
$VERB value="VPTE" status=00000001
$VERB value="VPTE" status=00000001
$VERB value="VPTE" status=00000001
$VERB value="VPTE" status=00000001
$VERB value="VPTE" status=00000001
$LINE value="VPTEST A/EXCLUDE=X,B/EXCLUDE=Y" status=00000001
$LINE value="VPTEST A/EXCLUDE=X,B/EXCLUDE=Y" status=00000001
$LINE value="VPTEST A/EXCLUDE=X,B/EXCLUDE=Y" status=00000001
$LINE value="VPTEST A/EXCLUDE=X,B/EXCLUDE=Y" status=00000001
$LINE value="VPTEST A/EXCLUDE=X,B/EXCLUDE=Y" status=00000001
$LINE value="VPTEST A/EXCLUDE=X,B/EXCLUDE=Y" status=00000001
$LINE value="VPTEST A/EXCLUDE=X,B/EXCLUDE=Y" status=00000001
$LINE value="VPTEST A/EXCLUDE=X,B/EXCLUDE=Y" status=00000001
$LINE value="VPTEST A/EXCLUDE=X,B/EXCLUDE=Y" status=00000001
$LINE value="VPTEST A/EXCLUDE=X,B/EXCLUDE=Y" status=00000001
$LINE value="VPTEST A/EXCLUDE=X,B/EXCLUDE=Y" status=00000001
$LINE value="VPTEST A/EXCLUDE=X,B/EXCLUDE=Y" status=00000001
$LINE value="VPTEST A/EXCLUDE=X,B/EXCLUDE=Y" status=00000001
$LINE value="VPTEST A/EXCLUDE=X,B/EXCLUDE=Y" status=00000001
$LINE value="VPTEST A/EXCLUDE=X,B/EXCLUDE=Y" status=00000001
$LINE value="VPTEST A/EXCLUDE=X,B/EXCLUDE=Y" status=00000001
INPUT value="A" status=0003FD39
INPUT   local EXCLUDE=0003FD31
INPUT   local BINARY=000381F0
INPUT   local LOG=000381F0
INPUT value="B" status=00000001
INPUT   local EXCLUDE=0003FD31
INPUT   local BINARY=000381F0
INPUT   local LOG=000381F0
INPUT end=000381F0
OUTPUT end=000381F0
TARGET end=000310FC
TEXT end=000310FC
FILES end=000310FC
TITLE end=000310FC
LOG end=000381F0
CONFIRM end=000381F0
COUNT end=000381F0
NAME end=000381F0
LIST end=000381F0
STYLE end=000381F0
STYLE.BRIEF end=000381F0
STYLE.FULL end=000381F0
STYLE.COLUMNS end=000381F0
STYLE.HEADER end=000381F0
OUT end=000381F0
SINCE end=000381F0
BEFORE end=000381F0
EXCLUDE end=000381F0
BINARY end=000381F0
DELETE end=000381F0
ALL end=000310FC
WIDTH end=000310FC
PAGE end=000310FC
PAGE.NONE end=000310FC
PAGE.SIZE end=000310FC
@@ VPTEST/EXCLUDE=X A
%DCL-W-IVQLOC, invalid qualifier location - place after a parameter
 \EXCLUDE\
@@ VPTEST A/BINARY,B
$VERB present=0003FD19
$LINE present=0003FD19
INPUT present=0003FD19
OUTPUT present=000381F0
TARGET present=000310FC
TEXT present=000310FC
FILES present=000310FC
TITLE present=000310FC
LOG present=000381F0
CONFIRM present=0003FD21
COUNT present=000381F0
NAME present=000381F0
LIST present=000381F0
STYLE present=000381F0
STYLE.BRIEF present=000381F0
STYLE.FULL present=000381F0
STYLE.COLUMNS present=000381F0
STYLE.HEADER present=000381F0
OUT present=000381F0
SINCE present=000381F0
BEFORE present=000381F0
EXCLUDE present=000381F0
BINARY present=000381F0
DELETE present=000381F0
ALL present=000310FC
WIDTH present=000310FC
PAGE present=000310FC
PAGE.NONE present=000310FC
PAGE.SIZE present=000310FC
$VERB value="VPTE" status=00000001
$VERB value="VPTE" status=00000001
$VERB value="VPTE" status=00000001
$VERB value="VPTE" status=00000001
$VERB value="VPTE" status=00000001
$VERB value="VPTE" status=00000001
$VERB value="VPTE" status=00000001
$VERB value="VPTE" status=00000001
$VERB value="VPTE" status=00000001
$VERB value="VPTE" status=00000001
$VERB value="VPTE" status=00000001
$VERB value="VPTE" status=00000001
$VERB value="VPTE" status=00000001
$VERB value="VPTE" status=00000001
$VERB value="VPTE" status=00000001
$VERB value="VPTE" status=00000001
$LINE value="VPTEST A/BINARY,B" status=00000001
$LINE value="VPTEST A/BINARY,B" status=00000001
$LINE value="VPTEST A/BINARY,B" status=00000001
$LINE value="VPTEST A/BINARY,B" status=00000001
$LINE value="VPTEST A/BINARY,B" status=00000001
$LINE value="VPTEST A/BINARY,B" status=00000001
$LINE value="VPTEST A/BINARY,B" status=00000001
$LINE value="VPTEST A/BINARY,B" status=00000001
$LINE value="VPTEST A/BINARY,B" status=00000001
$LINE value="VPTEST A/BINARY,B" status=00000001
$LINE value="VPTEST A/BINARY,B" status=00000001
$LINE value="VPTEST A/BINARY,B" status=00000001
$LINE value="VPTEST A/BINARY,B" status=00000001
$LINE value="VPTEST A/BINARY,B" status=00000001
$LINE value="VPTEST A/BINARY,B" status=00000001
$LINE value="VPTEST A/BINARY,B" status=00000001
INPUT value="A" status=0003FD39
INPUT   local EXCLUDE=000381F0
INPUT   local BINARY=0003FD31
INPUT   local LOG=000381F0
INPUT value="B" status=00000001
INPUT   local EXCLUDE=000381F0
INPUT   local BINARY=000381F0
INPUT   local LOG=000381F0
INPUT end=000381F0
OUTPUT end=000381F0
TARGET end=000310FC
TEXT end=000310FC
FILES end=000310FC
TITLE end=000310FC
LOG end=000381F0
CONFIRM end=000381F0
COUNT end=000381F0
NAME end=000381F0
LIST end=000381F0
STYLE end=000381F0
STYLE.BRIEF end=000381F0
STYLE.FULL end=000381F0
STYLE.COLUMNS end=000381F0
STYLE.HEADER end=000381F0
OUT end=000381F0
SINCE end=000381F0
BEFORE end=000381F0
EXCLUDE end=000381F0
BINARY end=000381F0
DELETE end=000381F0
ALL end=000310FC
WIDTH end=000310FC
PAGE end=000310FC
PAGE.NONE end=000310FC
PAGE.SIZE end=000310FC
@@ VPTEST/BINARY A,B
$VERB present=0003FD19
$LINE present=0003FD19
INPUT present=0003FD19
OUTPUT present=000381F0
TARGET present=000310FC
TEXT present=000310FC
FILES present=000310FC
TITLE present=000310FC
LOG present=000381F0
CONFIRM present=0003FD21
COUNT present=000381F0
NAME present=000381F0
LIST present=000381F0
STYLE present=000381F0
STYLE.BRIEF present=000381F0
STYLE.FULL present=000381F0
STYLE.COLUMNS present=000381F0
STYLE.HEADER present=000381F0
OUT present=000381F0
SINCE present=000381F0
BEFORE present=000381F0
EXCLUDE present=000381F0
BINARY present=0003FD19
DELETE present=000381F0
ALL present=000310FC
WIDTH present=000310FC
PAGE present=000310FC
PAGE.NONE present=000310FC
PAGE.SIZE present=000310FC
$VERB value="VPTE" status=00000001
$VERB value="VPTE" status=00000001
$VERB value="VPTE" status=00000001
$VERB value="VPTE" status=00000001
$VERB value="VPTE" status=00000001
$VERB value="VPTE" status=00000001
$VERB value="VPTE" status=00000001
$VERB value="VPTE" status=00000001
$VERB value="VPTE" status=00000001
$VERB value="VPTE" status=00000001
$VERB value="VPTE" status=00000001
$VERB value="VPTE" status=00000001
$VERB value="VPTE" status=00000001
$VERB value="VPTE" status=00000001
$VERB value="VPTE" status=00000001
$VERB value="VPTE" status=00000001
$LINE value="VPTEST/BINARY A,B" status=00000001
$LINE value="VPTEST/BINARY A,B" status=00000001
$LINE value="VPTEST/BINARY A,B" status=00000001
$LINE value="VPTEST/BINARY A,B" status=00000001
$LINE value="VPTEST/BINARY A,B" status=00000001
$LINE value="VPTEST/BINARY A,B" status=00000001
$LINE value="VPTEST/BINARY A,B" status=00000001
$LINE value="VPTEST/BINARY A,B" status=00000001
$LINE value="VPTEST/BINARY A,B" status=00000001
$LINE value="VPTEST/BINARY A,B" status=00000001
$LINE value="VPTEST/BINARY A,B" status=00000001
$LINE value="VPTEST/BINARY A,B" status=00000001
$LINE value="VPTEST/BINARY A,B" status=00000001
$LINE value="VPTEST/BINARY A,B" status=00000001
$LINE value="VPTEST/BINARY A,B" status=00000001
$LINE value="VPTEST/BINARY A,B" status=00000001
INPUT value="A" status=0003FD39
INPUT   local EXCLUDE=000381F0
INPUT   local BINARY=0003FD19
INPUT   local LOG=000381F0
INPUT value="B" status=00000001
INPUT   local EXCLUDE=000381F0
INPUT   local BINARY=0003FD19
INPUT   local LOG=000381F0
INPUT end=000381F0
OUTPUT end=000381F0
TARGET end=000310FC
TEXT end=000310FC
FILES end=000310FC
TITLE end=000310FC
LOG end=000381F0
CONFIRM end=000381F0
COUNT end=000381F0
NAME end=000381F0
LIST end=000381F0
STYLE end=000381F0
STYLE.BRIEF end=000381F0
STYLE.FULL end=000381F0
STYLE.COLUMNS end=000381F0
STYLE.HEADER end=000381F0
OUT end=000381F0
SINCE end=000381F0
BEFORE end=000381F0
EXCLUDE end=000381F0
BINARY end=000381F0
DELETE end=000381F0
ALL end=000310FC
WIDTH end=000310FC
PAGE end=000310FC
PAGE.NONE end=000310FC
PAGE.SIZE end=000310FC
@@ VPTEST A,B/NOBINARY
$VERB present=0003FD19
$LINE present=0003FD19
INPUT present=0003FD19
OUTPUT present=000381F0
TARGET present=000310FC
TEXT present=000310FC
FILES present=000310FC
TITLE present=000310FC
LOG present=000381F0
CONFIRM present=0003FD21
COUNT present=000381F0
NAME present=000381F0
LIST present=000381F0
STYLE present=000381F0
STYLE.BRIEF present=000381F0
STYLE.FULL present=000381F0
STYLE.COLUMNS present=000381F0
STYLE.HEADER present=000381F0
OUT present=000381F0
SINCE present=000381F0
BEFORE present=000381F0
EXCLUDE present=000381F0
BINARY present=000381F0
DELETE present=000381F0
ALL present=000310FC
WIDTH present=000310FC
PAGE present=000310FC
PAGE.NONE present=000310FC
PAGE.SIZE present=000310FC
$VERB value="VPTE" status=00000001
$VERB value="VPTE" status=00000001
$VERB value="VPTE" status=00000001
$VERB value="VPTE" status=00000001
$VERB value="VPTE" status=00000001
$VERB value="VPTE" status=00000001
$VERB value="VPTE" status=00000001
$VERB value="VPTE" status=00000001
$VERB value="VPTE" status=00000001
$VERB value="VPTE" status=00000001
$VERB value="VPTE" status=00000001
$VERB value="VPTE" status=00000001
$VERB value="VPTE" status=00000001
$VERB value="VPTE" status=00000001
$VERB value="VPTE" status=00000001
$VERB value="VPTE" status=00000001
$LINE value="VPTEST A,B/NOBINARY" status=00000001
$LINE value="VPTEST A,B/NOBINARY" status=00000001
$LINE value="VPTEST A,B/NOBINARY" status=00000001
$LINE value="VPTEST A,B/NOBINARY" status=00000001
$LINE value="VPTEST A,B/NOBINARY" status=00000001
$LINE value="VPTEST A,B/NOBINARY" status=00000001
$LINE value="VPTEST A,B/NOBINARY" status=00000001
$LINE value="VPTEST A,B/NOBINARY" status=00000001
$LINE value="VPTEST A,B/NOBINARY" status=00000001
$LINE value="VPTEST A,B/NOBINARY" status=00000001
$LINE value="VPTEST A,B/NOBINARY" status=00000001
$LINE value="VPTEST A,B/NOBINARY" status=00000001
$LINE value="VPTEST A,B/NOBINARY" status=00000001
$LINE value="VPTEST A,B/NOBINARY" status=00000001
$LINE value="VPTEST A,B/NOBINARY" status=00000001
$LINE value="VPTEST A,B/NOBINARY" status=00000001
INPUT value="A" status=0003FD39
INPUT   local EXCLUDE=000381F0
INPUT   local BINARY=000381F0
INPUT   local LOG=000381F0
INPUT value="B" status=00000001
INPUT   local EXCLUDE=000381F0
INPUT   local BINARY=00038230
INPUT   local LOG=000381F0
INPUT end=000381F0
OUTPUT end=000381F0
TARGET end=000310FC
TEXT end=000310FC
FILES end=000310FC
TITLE end=000310FC
LOG end=000381F0
CONFIRM end=000381F0
COUNT end=000381F0
NAME end=000381F0
LIST end=000381F0
STYLE end=000381F0
STYLE.BRIEF end=000381F0
STYLE.FULL end=000381F0
STYLE.COLUMNS end=000381F0
STYLE.HEADER end=000381F0
OUT end=000381F0
SINCE end=000381F0
BEFORE end=000381F0
EXCLUDE end=000381F0
BINARY end=000381F0
DELETE end=000381F0
ALL end=000310FC
WIDTH end=000310FC
PAGE end=000310FC
PAGE.NONE end=000310FC
PAGE.SIZE end=000310FC
@@ VPTEST/LO A
$VERB present=0003FD19
$LINE present=0003FD19
INPUT present=0003FD19
OUTPUT present=000381F0
TARGET present=000310FC
TEXT present=000310FC
FILES present=000310FC
TITLE present=000310FC
LOG present=0003FD19
CONFIRM present=0003FD21
COUNT present=000381F0
NAME present=000381F0
LIST present=000381F0
STYLE present=000381F0
STYLE.BRIEF present=000381F0
STYLE.FULL present=000381F0
STYLE.COLUMNS present=000381F0
STYLE.HEADER present=000381F0
OUT present=000381F0
SINCE present=000381F0
BEFORE present=000381F0
EXCLUDE present=000381F0
BINARY present=000381F0
DELETE present=000381F0
ALL present=000310FC
WIDTH present=000310FC
PAGE present=000310FC
PAGE.NONE present=000310FC
PAGE.SIZE present=000310FC
$VERB value="VPTE" status=00000001
$VERB value="VPTE" status=00000001
$VERB value="VPTE" status=00000001
$VERB value="VPTE" status=00000001
$VERB value="VPTE" status=00000001
$VERB value="VPTE" status=00000001
$VERB value="VPTE" status=00000001
$VERB value="VPTE" status=00000001
$VERB value="VPTE" status=00000001
$VERB value="VPTE" status=00000001
$VERB value="VPTE" status=00000001
$VERB value="VPTE" status=00000001
$VERB value="VPTE" status=00000001
$VERB value="VPTE" status=00000001
$VERB value="VPTE" status=00000001
$VERB value="VPTE" status=00000001
$LINE value="VPTEST/LO A" status=00000001
$LINE value="VPTEST/LO A" status=00000001
$LINE value="VPTEST/LO A" status=00000001
$LINE value="VPTEST/LO A" status=00000001
$LINE value="VPTEST/LO A" status=00000001
$LINE value="VPTEST/LO A" status=00000001
$LINE value="VPTEST/LO A" status=00000001
$LINE value="VPTEST/LO A" status=00000001
$LINE value="VPTEST/LO A" status=00000001
$LINE value="VPTEST/LO A" status=00000001
$LINE value="VPTEST/LO A" status=00000001
$LINE value="VPTEST/LO A" status=00000001
$LINE value="VPTEST/LO A" status=00000001
$LINE value="VPTEST/LO A" status=00000001
$LINE value="VPTEST/LO A" status=00000001
$LINE value="VPTEST/LO A" status=00000001
INPUT value="A" status=00000001
INPUT   local EXCLUDE=000381F0
INPUT   local BINARY=000381F0
INPUT   local LOG=0003FD19
INPUT end=000381F0
OUTPUT end=000381F0
TARGET end=000310FC
TEXT end=000310FC
FILES end=000310FC
TITLE end=000310FC
LOG end=000381F0
CONFIRM end=000381F0
COUNT end=000381F0
NAME end=000381F0
LIST end=000381F0
STYLE end=000381F0
STYLE.BRIEF end=000381F0
STYLE.FULL end=000381F0
STYLE.COLUMNS end=000381F0
STYLE.HEADER end=000381F0
OUT end=000381F0
SINCE end=000381F0
BEFORE end=000381F0
EXCLUDE end=000381F0
BINARY end=000381F0
DELETE end=000381F0
ALL end=000310FC
WIDTH end=000310FC
PAGE end=000310FC
PAGE.NONE end=000310FC
PAGE.SIZE end=000310FC
@@ VPTEST/L A
%DCL-W-ABKEYW, ambiguous qualifier or keyword - supply more characters
 \L\
@@ VPTEST/C A
%DCL-W-ABKEYW, ambiguous qualifier or keyword - supply more characters
 \C\
@@ VPTEST/CON A
$VERB present=0003FD19
$LINE present=0003FD19
INPUT present=0003FD19
OUTPUT present=000381F0
TARGET present=000310FC
TEXT present=000310FC
FILES present=000310FC
TITLE present=000310FC
LOG present=000381F0
CONFIRM present=0003FD19
COUNT present=000381F0
NAME present=000381F0
LIST present=000381F0
STYLE present=000381F0
STYLE.BRIEF present=000381F0
STYLE.FULL present=000381F0
STYLE.COLUMNS present=000381F0
STYLE.HEADER present=000381F0
OUT present=000381F0
SINCE present=000381F0
BEFORE present=000381F0
EXCLUDE present=000381F0
BINARY present=000381F0
DELETE present=000381F0
ALL present=000310FC
WIDTH present=000310FC
PAGE present=000310FC
PAGE.NONE present=000310FC
PAGE.SIZE present=000310FC
$VERB value="VPTE" status=00000001
$VERB value="VPTE" status=00000001
$VERB value="VPTE" status=00000001
$VERB value="VPTE" status=00000001
$VERB value="VPTE" status=00000001
$VERB value="VPTE" status=00000001
$VERB value="VPTE" status=00000001
$VERB value="VPTE" status=00000001
$VERB value="VPTE" status=00000001
$VERB value="VPTE" status=00000001
$VERB value="VPTE" status=00000001
$VERB value="VPTE" status=00000001
$VERB value="VPTE" status=00000001
$VERB value="VPTE" status=00000001
$VERB value="VPTE" status=00000001
$VERB value="VPTE" status=00000001
$LINE value="VPTEST/CON A" status=00000001
$LINE value="VPTEST/CON A" status=00000001
$LINE value="VPTEST/CON A" status=00000001
$LINE value="VPTEST/CON A" status=00000001
$LINE value="VPTEST/CON A" status=00000001
$LINE value="VPTEST/CON A" status=00000001
$LINE value="VPTEST/CON A" status=00000001
$LINE value="VPTEST/CON A" status=00000001
$LINE value="VPTEST/CON A" status=00000001
$LINE value="VPTEST/CON A" status=00000001
$LINE value="VPTEST/CON A" status=00000001
$LINE value="VPTEST/CON A" status=00000001
$LINE value="VPTEST/CON A" status=00000001
$LINE value="VPTEST/CON A" status=00000001
$LINE value="VPTEST/CON A" status=00000001
$LINE value="VPTEST/CON A" status=00000001
INPUT value="A" status=00000001
INPUT   local EXCLUDE=000381F0
INPUT   local BINARY=000381F0
INPUT   local LOG=000381F0
INPUT end=000381F0
OUTPUT end=000381F0
TARGET end=000310FC
TEXT end=000310FC
FILES end=000310FC
TITLE end=000310FC
LOG end=000381F0
CONFIRM end=000381F0
COUNT end=000381F0
NAME end=000381F0
LIST end=000381F0
STYLE end=000381F0
STYLE.BRIEF end=000381F0
STYLE.FULL end=000381F0
STYLE.COLUMNS end=000381F0
STYLE.HEADER end=000381F0
OUT end=000381F0
SINCE end=000381F0
BEFORE end=000381F0
EXCLUDE end=000381F0
BINARY end=000381F0
DELETE end=000381F0
ALL end=000310FC
WIDTH end=000310FC
PAGE end=000310FC
PAGE.NONE end=000310FC
PAGE.SIZE end=000310FC
@@ VPTEST/OUT=X.LIS A
$VERB present=0003FD19
$LINE present=0003FD19
INPUT present=0003FD19
OUTPUT present=000381F0
TARGET present=000310FC
TEXT present=000310FC
FILES present=000310FC
TITLE present=000310FC
LOG present=000381F0
CONFIRM present=0003FD21
COUNT present=000381F0
NAME present=000381F0
LIST present=000381F0
STYLE present=000381F0
STYLE.BRIEF present=000381F0
STYLE.FULL present=000381F0
STYLE.COLUMNS present=000381F0
STYLE.HEADER present=000381F0
OUT present=0003FD19
SINCE present=000381F0
BEFORE present=000381F0
EXCLUDE present=000381F0
BINARY present=000381F0
DELETE present=000381F0
ALL present=000310FC
WIDTH present=000310FC
PAGE present=000310FC
PAGE.NONE present=000310FC
PAGE.SIZE present=000310FC
$VERB value="VPTE" status=00000001
$VERB value="VPTE" status=00000001
$VERB value="VPTE" status=00000001
$VERB value="VPTE" status=00000001
$VERB value="VPTE" status=00000001
$VERB value="VPTE" status=00000001
$VERB value="VPTE" status=00000001
$VERB value="VPTE" status=00000001
$VERB value="VPTE" status=00000001
$VERB value="VPTE" status=00000001
$VERB value="VPTE" status=00000001
$VERB value="VPTE" status=00000001
$VERB value="VPTE" status=00000001
$VERB value="VPTE" status=00000001
$VERB value="VPTE" status=00000001
$VERB value="VPTE" status=00000001
$LINE value="VPTEST/OUT=X.LIS A" status=00000001
$LINE value="VPTEST/OUT=X.LIS A" status=00000001
$LINE value="VPTEST/OUT=X.LIS A" status=00000001
$LINE value="VPTEST/OUT=X.LIS A" status=00000001
$LINE value="VPTEST/OUT=X.LIS A" status=00000001
$LINE value="VPTEST/OUT=X.LIS A" status=00000001
$LINE value="VPTEST/OUT=X.LIS A" status=00000001
$LINE value="VPTEST/OUT=X.LIS A" status=00000001
$LINE value="VPTEST/OUT=X.LIS A" status=00000001
$LINE value="VPTEST/OUT=X.LIS A" status=00000001
$LINE value="VPTEST/OUT=X.LIS A" status=00000001
$LINE value="VPTEST/OUT=X.LIS A" status=00000001
$LINE value="VPTEST/OUT=X.LIS A" status=00000001
$LINE value="VPTEST/OUT=X.LIS A" status=00000001
$LINE value="VPTEST/OUT=X.LIS A" status=00000001
$LINE value="VPTEST/OUT=X.LIS A" status=00000001
INPUT value="A" status=00000001
INPUT   local EXCLUDE=000381F0
INPUT   local BINARY=000381F0
INPUT   local LOG=000381F0
INPUT end=000381F0
OUTPUT end=000381F0
TARGET end=000310FC
TEXT end=000310FC
FILES end=000310FC
TITLE end=000310FC
LOG end=000381F0
CONFIRM end=000381F0
COUNT end=000381F0
NAME end=000381F0
LIST end=000381F0
STYLE end=000381F0
STYLE.BRIEF end=000381F0
STYLE.FULL end=000381F0
STYLE.COLUMNS end=000381F0
STYLE.HEADER end=000381F0
OUT value="X.LIS" status=00000001
OUT end=000381F0
SINCE end=000381F0
BEFORE end=000381F0
EXCLUDE end=000381F0
BINARY end=000381F0
DELETE end=000381F0
ALL end=000310FC
WIDTH end=000310FC
PAGE end=000310FC
PAGE.NONE end=000310FC
PAGE.SIZE end=000310FC
@@ VPTEST/OUTFILE A
$VERB present=0003FD19
$LINE present=0003FD19
INPUT present=0003FD19
OUTPUT present=000381F0
TARGET present=000310FC
TEXT present=000310FC
FILES present=000310FC
TITLE present=000310FC
LOG present=000381F0
CONFIRM present=0003FD21
COUNT present=000381F0
NAME present=000381F0
LIST present=000381F0
STYLE present=000381F0
STYLE.BRIEF present=000381F0
STYLE.FULL present=000381F0
STYLE.COLUMNS present=000381F0
STYLE.HEADER present=000381F0
OUT present=0003FD19
SINCE present=000381F0
BEFORE present=000381F0
EXCLUDE present=000381F0
BINARY present=000381F0
DELETE present=000381F0
ALL present=000310FC
WIDTH present=000310FC
PAGE present=000310FC
PAGE.NONE present=000310FC
PAGE.SIZE present=000310FC
$VERB value="VPTE" status=00000001
$VERB value="VPTE" status=00000001
$VERB value="VPTE" status=00000001
$VERB value="VPTE" status=00000001
$VERB value="VPTE" status=00000001
$VERB value="VPTE" status=00000001
$VERB value="VPTE" status=00000001
$VERB value="VPTE" status=00000001
$VERB value="VPTE" status=00000001
$VERB value="VPTE" status=00000001
$VERB value="VPTE" status=00000001
$VERB value="VPTE" status=00000001
$VERB value="VPTE" status=00000001
$VERB value="VPTE" status=00000001
$VERB value="VPTE" status=00000001
$VERB value="VPTE" status=00000001
$LINE value="VPTEST/OUTFILE A" status=00000001
$LINE value="VPTEST/OUTFILE A" status=00000001
$LINE value="VPTEST/OUTFILE A" status=00000001
$LINE value="VPTEST/OUTFILE A" status=00000001
$LINE value="VPTEST/OUTFILE A" status=00000001
$LINE value="VPTEST/OUTFILE A" status=00000001
$LINE value="VPTEST/OUTFILE A" status=00000001
$LINE value="VPTEST/OUTFILE A" status=00000001
$LINE value="VPTEST/OUTFILE A" status=00000001
$LINE value="VPTEST/OUTFILE A" status=00000001
$LINE value="VPTEST/OUTFILE A" status=00000001
$LINE value="VPTEST/OUTFILE A" status=00000001
$LINE value="VPTEST/OUTFILE A" status=00000001
$LINE value="VPTEST/OUTFILE A" status=00000001
$LINE value="VPTEST/OUTFILE A" status=00000001
$LINE value="VPTEST/OUTFILE A" status=00000001
INPUT value="A" status=00000001
INPUT   local EXCLUDE=000381F0
INPUT   local BINARY=000381F0
INPUT   local LOG=000381F0
INPUT end=000381F0
OUTPUT end=000381F0
TARGET end=000310FC
TEXT end=000310FC
FILES end=000310FC
TITLE end=000310FC
LOG end=000381F0
CONFIRM end=000381F0
COUNT end=000381F0
NAME end=000381F0
LIST end=000381F0
STYLE end=000381F0
STYLE.BRIEF end=000381F0
STYLE.FULL end=000381F0
STYLE.COLUMNS end=000381F0
STYLE.HEADER end=000381F0
OUT end=000381F0
SINCE end=000381F0
BEFORE end=000381F0
EXCLUDE end=000381F0
BINARY end=000381F0
DELETE end=000381F0
ALL end=000310FC
WIDTH end=000310FC
PAGE end=000310FC
PAGE.NONE end=000310FC
PAGE.SIZE end=000310FC
@@ VPTEST/LOG=YES A
%DCL-W-NOVALU, value not allowed - remove value specification
 \LOG=\
@@ VPTES A
$VERB present=0003FD19
$LINE present=0003FD19
INPUT present=0003FD19
OUTPUT present=000381F0
TARGET present=000310FC
TEXT present=000310FC
FILES present=000310FC
TITLE present=000310FC
LOG present=000381F0
CONFIRM present=0003FD21
COUNT present=000381F0
NAME present=000381F0
LIST present=000381F0
STYLE present=000381F0
STYLE.BRIEF present=000381F0
STYLE.FULL present=000381F0
STYLE.COLUMNS present=000381F0
STYLE.HEADER present=000381F0
OUT present=000381F0
SINCE present=000381F0
BEFORE present=000381F0
EXCLUDE present=000381F0
BINARY present=000381F0
DELETE present=000381F0
ALL present=000310FC
WIDTH present=000310FC
PAGE present=000310FC
PAGE.NONE present=000310FC
PAGE.SIZE present=000310FC
$VERB value="VPTE" status=00000001
$VERB value="VPTE" status=00000001
$VERB value="VPTE" status=00000001
$VERB value="VPTE" status=00000001
$VERB value="VPTE" status=00000001
$VERB value="VPTE" status=00000001
$VERB value="VPTE" status=00000001
$VERB value="VPTE" status=00000001
$VERB value="VPTE" status=00000001
$VERB value="VPTE" status=00000001
$VERB value="VPTE" status=00000001
$VERB value="VPTE" status=00000001
$VERB value="VPTE" status=00000001
$VERB value="VPTE" status=00000001
$VERB value="VPTE" status=00000001
$VERB value="VPTE" status=00000001
$LINE value="VPTES A" status=00000001
$LINE value="VPTES A" status=00000001
$LINE value="VPTES A" status=00000001
$LINE value="VPTES A" status=00000001
$LINE value="VPTES A" status=00000001
$LINE value="VPTES A" status=00000001
$LINE value="VPTES A" status=00000001
$LINE value="VPTES A" status=00000001
$LINE value="VPTES A" status=00000001
$LINE value="VPTES A" status=00000001
$LINE value="VPTES A" status=00000001
$LINE value="VPTES A" status=00000001
$LINE value="VPTES A" status=00000001
$LINE value="VPTES A" status=00000001
$LINE value="VPTES A" status=00000001
$LINE value="VPTES A" status=00000001
INPUT value="A" status=00000001
INPUT   local EXCLUDE=000381F0
INPUT   local BINARY=000381F0
INPUT   local LOG=000381F0
INPUT end=000381F0
OUTPUT end=000381F0
TARGET end=000310FC
TEXT end=000310FC
FILES end=000310FC
TITLE end=000310FC
LOG end=000381F0
CONFIRM end=000381F0
COUNT end=000381F0
NAME end=000381F0
LIST end=000381F0
STYLE end=000381F0
STYLE.BRIEF end=000381F0
STYLE.FULL end=000381F0
STYLE.COLUMNS end=000381F0
STYLE.HEADER end=000381F0
OUT end=000381F0
SINCE end=000381F0
BEFORE end=000381F0
EXCLUDE end=000381F0
BINARY end=000381F0
DELETE end=000381F0
ALL end=000310FC
WIDTH end=000310FC
PAGE end=000310FC
PAGE.NONE end=000310FC
PAGE.SIZE end=000310FC
@@ VPTE A
$VERB present=0003FD19
$LINE present=0003FD19
INPUT present=0003FD19
OUTPUT present=000381F0
TARGET present=000310FC
TEXT present=000310FC
FILES present=000310FC
TITLE present=000310FC
LOG present=000381F0
CONFIRM present=0003FD21
COUNT present=000381F0
NAME present=000381F0
LIST present=000381F0
STYLE present=000381F0
STYLE.BRIEF present=000381F0
STYLE.FULL present=000381F0
STYLE.COLUMNS present=000381F0
STYLE.HEADER present=000381F0
OUT present=000381F0
SINCE present=000381F0
BEFORE present=000381F0
EXCLUDE present=000381F0
BINARY present=000381F0
DELETE present=000381F0
ALL present=000310FC
WIDTH present=000310FC
PAGE present=000310FC
PAGE.NONE present=000310FC
PAGE.SIZE present=000310FC
$VERB value="VPTE" status=00000001
$VERB value="VPTE" status=00000001
$VERB value="VPTE" status=00000001
$VERB value="VPTE" status=00000001
$VERB value="VPTE" status=00000001
$VERB value="VPTE" status=00000001
$VERB value="VPTE" status=00000001
$VERB value="VPTE" status=00000001
$VERB value="VPTE" status=00000001
$VERB value="VPTE" status=00000001
$VERB value="VPTE" status=00000001
$VERB value="VPTE" status=00000001
$VERB value="VPTE" status=00000001
$VERB value="VPTE" status=00000001
$VERB value="VPTE" status=00000001
$VERB value="VPTE" status=00000001
$LINE value="VPTE A" status=00000001
$LINE value="VPTE A" status=00000001
$LINE value="VPTE A" status=00000001
$LINE value="VPTE A" status=00000001
$LINE value="VPTE A" status=00000001
$LINE value="VPTE A" status=00000001
$LINE value="VPTE A" status=00000001
$LINE value="VPTE A" status=00000001
$LINE value="VPTE A" status=00000001
$LINE value="VPTE A" status=00000001
$LINE value="VPTE A" status=00000001
$LINE value="VPTE A" status=00000001
$LINE value="VPTE A" status=00000001
$LINE value="VPTE A" status=00000001
$LINE value="VPTE A" status=00000001
$LINE value="VPTE A" status=00000001
INPUT value="A" status=00000001
INPUT   local EXCLUDE=000381F0
INPUT   local BINARY=000381F0
INPUT   local LOG=000381F0
INPUT end=000381F0
OUTPUT end=000381F0
TARGET end=000310FC
TEXT end=000310FC
FILES end=000310FC
TITLE end=000310FC
LOG end=000381F0
CONFIRM end=000381F0
COUNT end=000381F0
NAME end=000381F0
LIST end=000381F0
STYLE end=000381F0
STYLE.BRIEF end=000381F0
STYLE.FULL end=000381F0
STYLE.COLUMNS end=000381F0
STYLE.HEADER end=000381F0
OUT end=000381F0
SINCE end=000381F0
BEFORE end=000381F0
EXCLUDE end=000381F0
BINARY end=000381F0
DELETE end=000381F0
ALL end=000310FC
WIDTH end=000310FC
PAGE end=000310FC
PAGE.NONE end=000310FC
PAGE.SIZE end=000310FC
@@ VPT A
%DCL-W-ABVERB, ambiguous command verb - supply more characters
 \VPT\
@@ VPTEST/DELETE X
$VERB present=0003FD19
$LINE present=0003FD19
INPUT present=000310FC
OUTPUT present=000310FC
TARGET present=0003FD19
TEXT present=000310FC
FILES present=000310FC
TITLE present=000310FC
LOG present=000310FC
CONFIRM present=000310FC
COUNT present=000310FC
NAME present=000310FC
LIST present=000310FC
STYLE present=000310FC
STYLE.BRIEF present=000310FC
STYLE.FULL present=000310FC
STYLE.COLUMNS present=000310FC
STYLE.HEADER present=000310FC
OUT present=000310FC
SINCE present=000310FC
BEFORE present=000310FC
EXCLUDE present=000310FC
BINARY present=000310FC
DELETE present=000381F0
ALL present=000381F0
WIDTH present=000310FC
PAGE present=000310FC
PAGE.NONE present=000310FC
PAGE.SIZE present=000310FC
$VERB value="VPTE" status=00000001
$VERB value="VPTE" status=00000001
$VERB value="VPTE" status=00000001
$VERB value="VPTE" status=00000001
$VERB value="VPTE" status=00000001
$VERB value="VPTE" status=00000001
$VERB value="VPTE" status=00000001
$VERB value="VPTE" status=00000001
$VERB value="VPTE" status=00000001
$VERB value="VPTE" status=00000001
$VERB value="VPTE" status=00000001
$VERB value="VPTE" status=00000001
$VERB value="VPTE" status=00000001
$VERB value="VPTE" status=00000001
$VERB value="VPTE" status=00000001
$VERB value="VPTE" status=00000001
$LINE value="VPTEST/DELETE X" status=00000001
$LINE value="VPTEST/DELETE X" status=00000001
$LINE value="VPTEST/DELETE X" status=00000001
$LINE value="VPTEST/DELETE X" status=00000001
$LINE value="VPTEST/DELETE X" status=00000001
$LINE value="VPTEST/DELETE X" status=00000001
$LINE value="VPTEST/DELETE X" status=00000001
$LINE value="VPTEST/DELETE X" status=00000001
$LINE value="VPTEST/DELETE X" status=00000001
$LINE value="VPTEST/DELETE X" status=00000001
$LINE value="VPTEST/DELETE X" status=00000001
$LINE value="VPTEST/DELETE X" status=00000001
$LINE value="VPTEST/DELETE X" status=00000001
$LINE value="VPTEST/DELETE X" status=00000001
$LINE value="VPTEST/DELETE X" status=00000001
$LINE value="VPTEST/DELETE X" status=00000001
INPUT end=000310FC
OUTPUT end=000310FC
TARGET value="X" status=00000001
TARGET   local EXCLUDE=000310FC
TARGET   local BINARY=000310FC
TARGET   local LOG=000310FC
TARGET end=000381F0
TEXT end=000310FC
FILES end=000310FC
TITLE end=000310FC
LOG end=000310FC
CONFIRM end=000310FC
COUNT end=000310FC
NAME end=000310FC
LIST end=000310FC
STYLE end=000310FC
STYLE.BRIEF end=000310FC
STYLE.FULL end=000310FC
STYLE.COLUMNS end=000310FC
STYLE.HEADER end=000310FC
OUT end=000310FC
SINCE end=000310FC
BEFORE end=000310FC
EXCLUDE end=000310FC
BINARY end=000310FC
DELETE end=000381F0
ALL end=000381F0
WIDTH end=000310FC
PAGE end=000310FC
PAGE.NONE end=000310FC
PAGE.SIZE end=000310FC
@@ VPTEST/DELETE/ALL X
$VERB present=0003FD19
$LINE present=0003FD19
INPUT present=000310FC
OUTPUT present=000310FC
TARGET present=0003FD19
TEXT present=000310FC
FILES present=000310FC
TITLE present=000310FC
LOG present=000310FC
CONFIRM present=000310FC
COUNT present=000310FC
NAME present=000310FC
LIST present=000310FC
STYLE present=000310FC
STYLE.BRIEF present=000310FC
STYLE.FULL present=000310FC
STYLE.COLUMNS present=000310FC
STYLE.HEADER present=000310FC
OUT present=000310FC
SINCE present=000310FC
BEFORE present=000310FC
EXCLUDE present=000310FC
BINARY present=000310FC
DELETE present=000381F0
ALL present=0003FD19
WIDTH present=000310FC
PAGE present=000310FC
PAGE.NONE present=000310FC
PAGE.SIZE present=000310FC
$VERB value="VPTE" status=00000001
$VERB value="VPTE" status=00000001
$VERB value="VPTE" status=00000001
$VERB value="VPTE" status=00000001
$VERB value="VPTE" status=00000001
$VERB value="VPTE" status=00000001
$VERB value="VPTE" status=00000001
$VERB value="VPTE" status=00000001
$VERB value="VPTE" status=00000001
$VERB value="VPTE" status=00000001
$VERB value="VPTE" status=00000001
$VERB value="VPTE" status=00000001
$VERB value="VPTE" status=00000001
$VERB value="VPTE" status=00000001
$VERB value="VPTE" status=00000001
$VERB value="VPTE" status=00000001
$LINE value="VPTEST/DELETE/ALL X" status=00000001
$LINE value="VPTEST/DELETE/ALL X" status=00000001
$LINE value="VPTEST/DELETE/ALL X" status=00000001
$LINE value="VPTEST/DELETE/ALL X" status=00000001
$LINE value="VPTEST/DELETE/ALL X" status=00000001
$LINE value="VPTEST/DELETE/ALL X" status=00000001
$LINE value="VPTEST/DELETE/ALL X" status=00000001
$LINE value="VPTEST/DELETE/ALL X" status=00000001
$LINE value="VPTEST/DELETE/ALL X" status=00000001
$LINE value="VPTEST/DELETE/ALL X" status=00000001
$LINE value="VPTEST/DELETE/ALL X" status=00000001
$LINE value="VPTEST/DELETE/ALL X" status=00000001
$LINE value="VPTEST/DELETE/ALL X" status=00000001
$LINE value="VPTEST/DELETE/ALL X" status=00000001
$LINE value="VPTEST/DELETE/ALL X" status=00000001
$LINE value="VPTEST/DELETE/ALL X" status=00000001
INPUT end=000310FC
OUTPUT end=000310FC
TARGET value="X" status=00000001
TARGET   local EXCLUDE=000310FC
TARGET   local BINARY=000310FC
TARGET   local LOG=000310FC
TARGET end=000381F0
TEXT end=000310FC
FILES end=000310FC
TITLE end=000310FC
LOG end=000310FC
CONFIRM end=000310FC
COUNT end=000310FC
NAME end=000310FC
LIST end=000310FC
STYLE end=000310FC
STYLE.BRIEF end=000310FC
STYLE.FULL end=000310FC
STYLE.COLUMNS end=000310FC
STYLE.HEADER end=000310FC
OUT end=000310FC
SINCE end=000310FC
BEFORE end=000310FC
EXCLUDE end=000310FC
BINARY end=000310FC
DELETE end=000381F0
ALL end=000381F0
WIDTH end=000310FC
PAGE end=000310FC
PAGE.NONE end=000310FC
PAGE.SIZE end=000310FC
@@ VPTEST/DELETE/LOG X
%DCL-W-IVQUAL, unrecognized qualifier - check validity, spelling, and placement
 \LOG\
@@ VPTEST/ALL X
%DCL-W-IVQUAL, unrecognized qualifier - check validity, spelling, and placement
 \ALL\
@@ VPTALK hello  World  "Quoted"  /x
$VERB present=0003FD19
$LINE present=0003FD19
INPUT present=000310FC
OUTPUT present=000310FC
TARGET present=000310FC
TEXT present=0003FD19
FILES present=000310FC
TITLE present=000310FC
LOG present=000310FC
CONFIRM present=000310FC
COUNT present=000310FC
NAME present=000310FC
LIST present=000310FC
STYLE present=000310FC
STYLE.BRIEF present=000310FC
STYLE.FULL present=000310FC
STYLE.COLUMNS present=000310FC
STYLE.HEADER present=000310FC
OUT present=000310FC
SINCE present=000310FC
BEFORE present=000310FC
EXCLUDE present=000310FC
BINARY present=000310FC
DELETE present=000310FC
ALL present=000310FC
WIDTH present=000310FC
PAGE present=000310FC
PAGE.NONE present=000310FC
PAGE.SIZE present=000310FC
$VERB value="VPTA" status=00000001
$VERB value="VPTA" status=00000001
$VERB value="VPTA" status=00000001
$VERB value="VPTA" status=00000001
$VERB value="VPTA" status=00000001
$VERB value="VPTA" status=00000001
$VERB value="VPTA" status=00000001
$VERB value="VPTA" status=00000001
$VERB value="VPTA" status=00000001
$VERB value="VPTA" status=00000001
$VERB value="VPTA" status=00000001
$VERB value="VPTA" status=00000001
$VERB value="VPTA" status=00000001
$VERB value="VPTA" status=00000001
$VERB value="VPTA" status=00000001
$VERB value="VPTA" status=00000001
$LINE value="VPTALK HELLO WORLD "Quoted" /X" status=00000001
$LINE value="VPTALK HELLO WORLD "Quoted" /X" status=00000001
$LINE value="VPTALK HELLO WORLD "Quoted" /X" status=00000001
$LINE value="VPTALK HELLO WORLD "Quoted" /X" status=00000001
$LINE value="VPTALK HELLO WORLD "Quoted" /X" status=00000001
$LINE value="VPTALK HELLO WORLD "Quoted" /X" status=00000001
$LINE value="VPTALK HELLO WORLD "Quoted" /X" status=00000001
$LINE value="VPTALK HELLO WORLD "Quoted" /X" status=00000001
$LINE value="VPTALK HELLO WORLD "Quoted" /X" status=00000001
$LINE value="VPTALK HELLO WORLD "Quoted" /X" status=00000001
$LINE value="VPTALK HELLO WORLD "Quoted" /X" status=00000001
$LINE value="VPTALK HELLO WORLD "Quoted" /X" status=00000001
$LINE value="VPTALK HELLO WORLD "Quoted" /X" status=00000001
$LINE value="VPTALK HELLO WORLD "Quoted" /X" status=00000001
$LINE value="VPTALK HELLO WORLD "Quoted" /X" status=00000001
$LINE value="VPTALK HELLO WORLD "Quoted" /X" status=00000001
INPUT end=000310FC
OUTPUT end=000310FC
TARGET end=000310FC
TEXT value="HELLO WORLD "Quoted" /X" status=00000001
TEXT   local EXCLUDE=000310FC
TEXT   local BINARY=000310FC
TEXT   local LOG=000310FC
TEXT end=000381F0
FILES end=000310FC
TITLE end=000310FC
LOG end=000310FC
CONFIRM end=000310FC
COUNT end=000310FC
NAME end=000310FC
LIST end=000310FC
STYLE end=000310FC
STYLE.BRIEF end=000310FC
STYLE.FULL end=000310FC
STYLE.COLUMNS end=000310FC
STYLE.HEADER end=000310FC
OUT end=000310FC
SINCE end=000310FC
BEFORE end=000310FC
EXCLUDE end=000310FC
BINARY end=000310FC
DELETE end=000310FC
ALL end=000310FC
WIDTH end=000310FC
PAGE end=000310FC
PAGE.NONE end=000310FC
PAGE.SIZE end=000310FC
@@ VPTX Hello there
$VERB present=0003FD19
$LINE present=0003FD19
INPUT present=000310FC
OUTPUT present=000310FC
TARGET present=000310FC
TEXT present=0003FD19
FILES present=000310FC
TITLE present=000310FC
LOG present=000310FC
CONFIRM present=000310FC
COUNT present=000310FC
NAME present=000310FC
LIST present=000310FC
STYLE present=000310FC
STYLE.BRIEF present=000310FC
STYLE.FULL present=000310FC
STYLE.COLUMNS present=000310FC
STYLE.HEADER present=000310FC
OUT present=000310FC
SINCE present=000310FC
BEFORE present=000310FC
EXCLUDE present=000310FC
BINARY present=000310FC
DELETE present=000310FC
ALL present=000310FC
WIDTH present=000310FC
PAGE present=000310FC
PAGE.NONE present=000310FC
PAGE.SIZE present=000310FC
$VERB value="VPTA" status=00000001
$VERB value="VPTA" status=00000001
$VERB value="VPTA" status=00000001
$VERB value="VPTA" status=00000001
$VERB value="VPTA" status=00000001
$VERB value="VPTA" status=00000001
$VERB value="VPTA" status=00000001
$VERB value="VPTA" status=00000001
$VERB value="VPTA" status=00000001
$VERB value="VPTA" status=00000001
$VERB value="VPTA" status=00000001
$VERB value="VPTA" status=00000001
$VERB value="VPTA" status=00000001
$VERB value="VPTA" status=00000001
$VERB value="VPTA" status=00000001
$VERB value="VPTA" status=00000001
$LINE value="VPTX HELLO THERE" status=00000001
$LINE value="VPTX HELLO THERE" status=00000001
$LINE value="VPTX HELLO THERE" status=00000001
$LINE value="VPTX HELLO THERE" status=00000001
$LINE value="VPTX HELLO THERE" status=00000001
$LINE value="VPTX HELLO THERE" status=00000001
$LINE value="VPTX HELLO THERE" status=00000001
$LINE value="VPTX HELLO THERE" status=00000001
$LINE value="VPTX HELLO THERE" status=00000001
$LINE value="VPTX HELLO THERE" status=00000001
$LINE value="VPTX HELLO THERE" status=00000001
$LINE value="VPTX HELLO THERE" status=00000001
$LINE value="VPTX HELLO THERE" status=00000001
$LINE value="VPTX HELLO THERE" status=00000001
$LINE value="VPTX HELLO THERE" status=00000001
$LINE value="VPTX HELLO THERE" status=00000001
INPUT end=000310FC
OUTPUT end=000310FC
TARGET end=000310FC
TEXT value="HELLO THERE" status=00000001
TEXT   local EXCLUDE=000310FC
TEXT   local BINARY=000310FC
TEXT   local LOG=000310FC
TEXT end=000381F0
FILES end=000310FC
TITLE end=000310FC
LOG end=000310FC
CONFIRM end=000310FC
COUNT end=000310FC
NAME end=000310FC
LIST end=000310FC
STYLE end=000310FC
STYLE.BRIEF end=000310FC
STYLE.FULL end=000310FC
STYLE.COLUMNS end=000310FC
STYLE.HEADER end=000310FC
OUT end=000310FC
SINCE end=000310FC
BEFORE end=000310FC
EXCLUDE end=000310FC
BINARY end=000310FC
DELETE end=000310FC
ALL end=000310FC
WIDTH end=000310FC
PAGE end=000310FC
PAGE.NONE end=000310FC
PAGE.SIZE end=000310FC
@@ VPTALK
$VERB present=0003FD19
$LINE present=0003FD19
INPUT present=000310FC
OUTPUT present=000310FC
TARGET present=000310FC
TEXT present=000381F0
FILES present=000310FC
TITLE present=000310FC
LOG present=000310FC
CONFIRM present=000310FC
COUNT present=000310FC
NAME present=000310FC
LIST present=000310FC
STYLE present=000310FC
STYLE.BRIEF present=000310FC
STYLE.FULL present=000310FC
STYLE.COLUMNS present=000310FC
STYLE.HEADER present=000310FC
OUT present=000310FC
SINCE present=000310FC
BEFORE present=000310FC
EXCLUDE present=000310FC
BINARY present=000310FC
DELETE present=000310FC
ALL present=000310FC
WIDTH present=000310FC
PAGE present=000310FC
PAGE.NONE present=000310FC
PAGE.SIZE present=000310FC
$VERB value="VPTA" status=00000001
$VERB value="VPTA" status=00000001
$VERB value="VPTA" status=00000001
$VERB value="VPTA" status=00000001
$VERB value="VPTA" status=00000001
$VERB value="VPTA" status=00000001
$VERB value="VPTA" status=00000001
$VERB value="VPTA" status=00000001
$VERB value="VPTA" status=00000001
$VERB value="VPTA" status=00000001
$VERB value="VPTA" status=00000001
$VERB value="VPTA" status=00000001
$VERB value="VPTA" status=00000001
$VERB value="VPTA" status=00000001
$VERB value="VPTA" status=00000001
$VERB value="VPTA" status=00000001
$LINE value="VPTALK" status=00000001
$LINE value="VPTALK" status=00000001
$LINE value="VPTALK" status=00000001
$LINE value="VPTALK" status=00000001
$LINE value="VPTALK" status=00000001
$LINE value="VPTALK" status=00000001
$LINE value="VPTALK" status=00000001
$LINE value="VPTALK" status=00000001
$LINE value="VPTALK" status=00000001
$LINE value="VPTALK" status=00000001
$LINE value="VPTALK" status=00000001
$LINE value="VPTALK" status=00000001
$LINE value="VPTALK" status=00000001
$LINE value="VPTALK" status=00000001
$LINE value="VPTALK" status=00000001
$LINE value="VPTALK" status=00000001
INPUT end=000310FC
OUTPUT end=000310FC
TARGET end=000310FC
TEXT end=000381F0
FILES end=000310FC
TITLE end=000310FC
LOG end=000310FC
CONFIRM end=000310FC
COUNT end=000310FC
NAME end=000310FC
LIST end=000310FC
STYLE end=000310FC
STYLE.BRIEF end=000310FC
STYLE.FULL end=000310FC
STYLE.COLUMNS end=000310FC
STYLE.HEADER end=000310FC
OUT end=000310FC
SINCE end=000310FC
BEFORE end=000310FC
EXCLUDE end=000310FC
BINARY end=000310FC
DELETE end=000310FC
ALL end=000310FC
WIDTH end=000310FC
PAGE end=000310FC
PAGE.NONE end=000310FC
PAGE.SIZE end=000310FC
@@ VPCAT a+b,c "quoted string"
$VERB present=0003FD19
$LINE present=0003FD19
INPUT present=000310FC
OUTPUT present=000310FC
TARGET present=000310FC
TEXT present=000310FC
FILES present=0003FD19
TITLE present=0003FD19
LOG present=000310FC
CONFIRM present=000310FC
COUNT present=000310FC
NAME present=000310FC
LIST present=000310FC
STYLE present=000310FC
STYLE.BRIEF present=000310FC
STYLE.FULL present=000310FC
STYLE.COLUMNS present=000310FC
STYLE.HEADER present=000310FC
OUT present=000310FC
SINCE present=000310FC
BEFORE present=000310FC
EXCLUDE present=000310FC
BINARY present=000310FC
DELETE present=000310FC
ALL present=000310FC
WIDTH present=000381F0
PAGE present=000381F0
PAGE.NONE present=000381F0
PAGE.SIZE present=000381F0
$VERB value="VPCA" status=00000001
$VERB value="VPCA" status=00000001
$VERB value="VPCA" status=00000001
$VERB value="VPCA" status=00000001
$VERB value="VPCA" status=00000001
$VERB value="VPCA" status=00000001
$VERB value="VPCA" status=00000001
$VERB value="VPCA" status=00000001
$VERB value="VPCA" status=00000001
$VERB value="VPCA" status=00000001
$VERB value="VPCA" status=00000001
$VERB value="VPCA" status=00000001
$VERB value="VPCA" status=00000001
$VERB value="VPCA" status=00000001
$VERB value="VPCA" status=00000001
$VERB value="VPCA" status=00000001
$LINE value="VPCAT A+B,C "quoted string"" status=00000001
$LINE value="VPCAT A+B,C "quoted string"" status=00000001
$LINE value="VPCAT A+B,C "quoted string"" status=00000001
$LINE value="VPCAT A+B,C "quoted string"" status=00000001
$LINE value="VPCAT A+B,C "quoted string"" status=00000001
$LINE value="VPCAT A+B,C "quoted string"" status=00000001
$LINE value="VPCAT A+B,C "quoted string"" status=00000001
$LINE value="VPCAT A+B,C "quoted string"" status=00000001
$LINE value="VPCAT A+B,C "quoted string"" status=00000001
$LINE value="VPCAT A+B,C "quoted string"" status=00000001
$LINE value="VPCAT A+B,C "quoted string"" status=00000001
$LINE value="VPCAT A+B,C "quoted string"" status=00000001
$LINE value="VPCAT A+B,C "quoted string"" status=00000001
$LINE value="VPCAT A+B,C "quoted string"" status=00000001
$LINE value="VPCAT A+B,C "quoted string"" status=00000001
$LINE value="VPCAT A+B,C "quoted string"" status=00000001
INPUT end=000310FC
OUTPUT end=000310FC
TARGET end=000310FC
TEXT end=000310FC
FILES value="A" status=0003FD29
FILES   local EXCLUDE=000310FC
FILES   local BINARY=000310FC
FILES   local LOG=000310FC
FILES value="B" status=0003FD39
FILES   local EXCLUDE=000310FC
FILES   local BINARY=000310FC
FILES   local LOG=000310FC
FILES value="C" status=00000001
FILES   local EXCLUDE=000310FC
FILES   local BINARY=000310FC
FILES   local LOG=000310FC
FILES end=000381F0
TITLE value=""quoted string"" status=00000001
TITLE   local EXCLUDE=000310FC
TITLE   local BINARY=000310FC
TITLE   local LOG=000310FC
TITLE end=000381F0
LOG end=000310FC
CONFIRM end=000310FC
COUNT end=000310FC
NAME end=000310FC
LIST end=000310FC
STYLE end=000310FC
STYLE.BRIEF end=000310FC
STYLE.FULL end=000310FC
STYLE.COLUMNS end=000310FC
STYLE.HEADER end=000310FC
OUT end=000310FC
SINCE end=000310FC
BEFORE end=000310FC
EXCLUDE end=000310FC
BINARY end=000310FC
DELETE end=000310FC
ALL end=000310FC
WIDTH end=000381F0
PAGE end=000381F0
PAGE.NONE end=000381F0
PAGE.SIZE end=000381F0
@@ VPCAT a + b
$VERB present=0003FD19
$LINE present=0003FD19
INPUT present=000310FC
OUTPUT present=000310FC
TARGET present=000310FC
TEXT present=000310FC
FILES present=0003FD19
TITLE present=000381F0
LOG present=000310FC
CONFIRM present=000310FC
COUNT present=000310FC
NAME present=000310FC
LIST present=000310FC
STYLE present=000310FC
STYLE.BRIEF present=000310FC
STYLE.FULL present=000310FC
STYLE.COLUMNS present=000310FC
STYLE.HEADER present=000310FC
OUT present=000310FC
SINCE present=000310FC
BEFORE present=000310FC
EXCLUDE present=000310FC
BINARY present=000310FC
DELETE present=000310FC
ALL present=000310FC
WIDTH present=000381F0
PAGE present=000381F0
PAGE.NONE present=000381F0
PAGE.SIZE present=000381F0
$VERB value="VPCA" status=00000001
$VERB value="VPCA" status=00000001
$VERB value="VPCA" status=00000001
$VERB value="VPCA" status=00000001
$VERB value="VPCA" status=00000001
$VERB value="VPCA" status=00000001
$VERB value="VPCA" status=00000001
$VERB value="VPCA" status=00000001
$VERB value="VPCA" status=00000001
$VERB value="VPCA" status=00000001
$VERB value="VPCA" status=00000001
$VERB value="VPCA" status=00000001
$VERB value="VPCA" status=00000001
$VERB value="VPCA" status=00000001
$VERB value="VPCA" status=00000001
$VERB value="VPCA" status=00000001
$LINE value="VPCAT A+B" status=00000001
$LINE value="VPCAT A+B" status=00000001
$LINE value="VPCAT A+B" status=00000001
$LINE value="VPCAT A+B" status=00000001
$LINE value="VPCAT A+B" status=00000001
$LINE value="VPCAT A+B" status=00000001
$LINE value="VPCAT A+B" status=00000001
$LINE value="VPCAT A+B" status=00000001
$LINE value="VPCAT A+B" status=00000001
$LINE value="VPCAT A+B" status=00000001
$LINE value="VPCAT A+B" status=00000001
$LINE value="VPCAT A+B" status=00000001
$LINE value="VPCAT A+B" status=00000001
$LINE value="VPCAT A+B" status=00000001
$LINE value="VPCAT A+B" status=00000001
$LINE value="VPCAT A+B" status=00000001
INPUT end=000310FC
OUTPUT end=000310FC
TARGET end=000310FC
TEXT end=000310FC
FILES value="A" status=0003FD29
FILES   local EXCLUDE=000310FC
FILES   local BINARY=000310FC
FILES   local LOG=000310FC
FILES value="B" status=00000001
FILES   local EXCLUDE=000310FC
FILES   local BINARY=000310FC
FILES   local LOG=000310FC
FILES end=000381F0
TITLE end=000381F0
LOG end=000310FC
CONFIRM end=000310FC
COUNT end=000310FC
NAME end=000310FC
LIST end=000310FC
STYLE end=000310FC
STYLE.BRIEF end=000310FC
STYLE.FULL end=000310FC
STYLE.COLUMNS end=000310FC
STYLE.HEADER end=000310FC
OUT end=000310FC
SINCE end=000310FC
BEFORE end=000310FC
EXCLUDE end=000310FC
BINARY end=000310FC
DELETE end=000310FC
ALL end=000310FC
WIDTH end=000381F0
PAGE end=000381F0
PAGE.NONE end=000381F0
PAGE.SIZE end=000381F0
@@ VPCAT/WIDTH=10 a
$VERB present=0003FD19
$LINE present=0003FD19
INPUT present=000310FC
OUTPUT present=000310FC
TARGET present=000310FC
TEXT present=000310FC
FILES present=0003FD19
TITLE present=000381F0
LOG present=000310FC
CONFIRM present=000310FC
COUNT present=000310FC
NAME present=000310FC
LIST present=000310FC
STYLE present=000310FC
STYLE.BRIEF present=000310FC
STYLE.FULL present=000310FC
STYLE.COLUMNS present=000310FC
STYLE.HEADER present=000310FC
OUT present=000310FC
SINCE present=000310FC
BEFORE present=000310FC
EXCLUDE present=000310FC
BINARY present=000310FC
DELETE present=000310FC
ALL present=000310FC
WIDTH present=0003FD19
PAGE present=000381F0
PAGE.NONE present=000381F0
PAGE.SIZE present=000381F0
$VERB value="VPCA" status=00000001
$VERB value="VPCA" status=00000001
$VERB value="VPCA" status=00000001
$VERB value="VPCA" status=00000001
$VERB value="VPCA" status=00000001
$VERB value="VPCA" status=00000001
$VERB value="VPCA" status=00000001
$VERB value="VPCA" status=00000001
$VERB value="VPCA" status=00000001
$VERB value="VPCA" status=00000001
$VERB value="VPCA" status=00000001
$VERB value="VPCA" status=00000001
$VERB value="VPCA" status=00000001
$VERB value="VPCA" status=00000001
$VERB value="VPCA" status=00000001
$VERB value="VPCA" status=00000001
$LINE value="VPCAT/WIDTH=10 A" status=00000001
$LINE value="VPCAT/WIDTH=10 A" status=00000001
$LINE value="VPCAT/WIDTH=10 A" status=00000001
$LINE value="VPCAT/WIDTH=10 A" status=00000001
$LINE value="VPCAT/WIDTH=10 A" status=00000001
$LINE value="VPCAT/WIDTH=10 A" status=00000001
$LINE value="VPCAT/WIDTH=10 A" status=00000001
$LINE value="VPCAT/WIDTH=10 A" status=00000001
$LINE value="VPCAT/WIDTH=10 A" status=00000001
$LINE value="VPCAT/WIDTH=10 A" status=00000001
$LINE value="VPCAT/WIDTH=10 A" status=00000001
$LINE value="VPCAT/WIDTH=10 A" status=00000001
$LINE value="VPCAT/WIDTH=10 A" status=00000001
$LINE value="VPCAT/WIDTH=10 A" status=00000001
$LINE value="VPCAT/WIDTH=10 A" status=00000001
$LINE value="VPCAT/WIDTH=10 A" status=00000001
INPUT end=000310FC
OUTPUT end=000310FC
TARGET end=000310FC
TEXT end=000310FC
FILES value="A" status=00000001
FILES   local EXCLUDE=000310FC
FILES   local BINARY=000310FC
FILES   local LOG=000310FC
FILES end=000381F0
TITLE end=000381F0
LOG end=000310FC
CONFIRM end=000310FC
COUNT end=000310FC
NAME end=000310FC
LIST end=000310FC
STYLE end=000310FC
STYLE.BRIEF end=000310FC
STYLE.FULL end=000310FC
STYLE.COLUMNS end=000310FC
STYLE.HEADER end=000310FC
OUT end=000310FC
SINCE end=000310FC
BEFORE end=000310FC
EXCLUDE end=000310FC
BINARY end=000310FC
DELETE end=000310FC
ALL end=000310FC
WIDTH value="10" status=00000001
WIDTH end=000381F0
PAGE end=000381F0
PAGE.NONE end=000381F0
PAGE.SIZE end=000381F0
@@ VPCAT/WIDTH=10/PAGE=NONE a
%DCL-W-CONFLICT, illegal combination of command elements - check documentation
 \WIDTH\
@@ VPCAT/PAGE=SIZE=5 a
$VERB present=0003FD19
$LINE present=0003FD19
INPUT present=000310FC
OUTPUT present=000310FC
TARGET present=000310FC
TEXT present=000310FC
FILES present=0003FD19
TITLE present=000381F0
LOG present=000310FC
CONFIRM present=000310FC
COUNT present=000310FC
NAME present=000310FC
LIST present=000310FC
STYLE present=000310FC
STYLE.BRIEF present=000310FC
STYLE.FULL present=000310FC
STYLE.COLUMNS present=000310FC
STYLE.HEADER present=000310FC
OUT present=000310FC
SINCE present=000310FC
BEFORE present=000310FC
EXCLUDE present=000310FC
BINARY present=000310FC
DELETE present=000310FC
ALL present=000310FC
WIDTH present=000381F0
PAGE present=0003FD19
PAGE.NONE present=000381F0
PAGE.SIZE present=0003FD19
$VERB value="VPCA" status=00000001
$VERB value="VPCA" status=00000001
$VERB value="VPCA" status=00000001
$VERB value="VPCA" status=00000001
$VERB value="VPCA" status=00000001
$VERB value="VPCA" status=00000001
$VERB value="VPCA" status=00000001
$VERB value="VPCA" status=00000001
$VERB value="VPCA" status=00000001
$VERB value="VPCA" status=00000001
$VERB value="VPCA" status=00000001
$VERB value="VPCA" status=00000001
$VERB value="VPCA" status=00000001
$VERB value="VPCA" status=00000001
$VERB value="VPCA" status=00000001
$VERB value="VPCA" status=00000001
$LINE value="VPCAT/PAGE=SIZE=5 A" status=00000001
$LINE value="VPCAT/PAGE=SIZE=5 A" status=00000001
$LINE value="VPCAT/PAGE=SIZE=5 A" status=00000001
$LINE value="VPCAT/PAGE=SIZE=5 A" status=00000001
$LINE value="VPCAT/PAGE=SIZE=5 A" status=00000001
$LINE value="VPCAT/PAGE=SIZE=5 A" status=00000001
$LINE value="VPCAT/PAGE=SIZE=5 A" status=00000001
$LINE value="VPCAT/PAGE=SIZE=5 A" status=00000001
$LINE value="VPCAT/PAGE=SIZE=5 A" status=00000001
$LINE value="VPCAT/PAGE=SIZE=5 A" status=00000001
$LINE value="VPCAT/PAGE=SIZE=5 A" status=00000001
$LINE value="VPCAT/PAGE=SIZE=5 A" status=00000001
$LINE value="VPCAT/PAGE=SIZE=5 A" status=00000001
$LINE value="VPCAT/PAGE=SIZE=5 A" status=00000001
$LINE value="VPCAT/PAGE=SIZE=5 A" status=00000001
$LINE value="VPCAT/PAGE=SIZE=5 A" status=00000001
INPUT end=000310FC
OUTPUT end=000310FC
TARGET end=000310FC
TEXT end=000310FC
FILES value="A" status=00000001
FILES   local EXCLUDE=000310FC
FILES   local BINARY=000310FC
FILES   local LOG=000310FC
FILES end=000381F0
TITLE end=000381F0
LOG end=000310FC
CONFIRM end=000310FC
COUNT end=000310FC
NAME end=000310FC
LIST end=000310FC
STYLE end=000310FC
STYLE.BRIEF end=000310FC
STYLE.FULL end=000310FC
STYLE.COLUMNS end=000310FC
STYLE.HEADER end=000310FC
OUT end=000310FC
SINCE end=000310FC
BEFORE end=000310FC
EXCLUDE end=000310FC
BINARY end=000310FC
DELETE end=000310FC
ALL end=000310FC
WIDTH end=000381F0
PAGE value="SIZE=5" status=00000001
PAGE end=000381F0
PAGE.NONE end=000381F0
PAGE.SIZE value="5" status=00000001
PAGE.SIZE end=000381F0
@@ VPCAT/PAGE=(SIZE=5) a
$VERB present=0003FD19
$LINE present=0003FD19
INPUT present=000310FC
OUTPUT present=000310FC
TARGET present=000310FC
TEXT present=000310FC
FILES present=0003FD19
TITLE present=000381F0
LOG present=000310FC
CONFIRM present=000310FC
COUNT present=000310FC
NAME present=000310FC
LIST present=000310FC
STYLE present=000310FC
STYLE.BRIEF present=000310FC
STYLE.FULL present=000310FC
STYLE.COLUMNS present=000310FC
STYLE.HEADER present=000310FC
OUT present=000310FC
SINCE present=000310FC
BEFORE present=000310FC
EXCLUDE present=000310FC
BINARY present=000310FC
DELETE present=000310FC
ALL present=000310FC
WIDTH present=000381F0
PAGE present=0003FD19
PAGE.NONE present=000381F0
PAGE.SIZE present=0003FD19
$VERB value="VPCA" status=00000001
$VERB value="VPCA" status=00000001
$VERB value="VPCA" status=00000001
$VERB value="VPCA" status=00000001
$VERB value="VPCA" status=00000001
$VERB value="VPCA" status=00000001
$VERB value="VPCA" status=00000001
$VERB value="VPCA" status=00000001
$VERB value="VPCA" status=00000001
$VERB value="VPCA" status=00000001
$VERB value="VPCA" status=00000001
$VERB value="VPCA" status=00000001
$VERB value="VPCA" status=00000001
$VERB value="VPCA" status=00000001
$VERB value="VPCA" status=00000001
$VERB value="VPCA" status=00000001
$LINE value="VPCAT/PAGE=(SIZE=5) A" status=00000001
$LINE value="VPCAT/PAGE=(SIZE=5) A" status=00000001
$LINE value="VPCAT/PAGE=(SIZE=5) A" status=00000001
$LINE value="VPCAT/PAGE=(SIZE=5) A" status=00000001
$LINE value="VPCAT/PAGE=(SIZE=5) A" status=00000001
$LINE value="VPCAT/PAGE=(SIZE=5) A" status=00000001
$LINE value="VPCAT/PAGE=(SIZE=5) A" status=00000001
$LINE value="VPCAT/PAGE=(SIZE=5) A" status=00000001
$LINE value="VPCAT/PAGE=(SIZE=5) A" status=00000001
$LINE value="VPCAT/PAGE=(SIZE=5) A" status=00000001
$LINE value="VPCAT/PAGE=(SIZE=5) A" status=00000001
$LINE value="VPCAT/PAGE=(SIZE=5) A" status=00000001
$LINE value="VPCAT/PAGE=(SIZE=5) A" status=00000001
$LINE value="VPCAT/PAGE=(SIZE=5) A" status=00000001
$LINE value="VPCAT/PAGE=(SIZE=5) A" status=00000001
$LINE value="VPCAT/PAGE=(SIZE=5) A" status=00000001
INPUT end=000310FC
OUTPUT end=000310FC
TARGET end=000310FC
TEXT end=000310FC
FILES value="A" status=00000001
FILES   local EXCLUDE=000310FC
FILES   local BINARY=000310FC
FILES   local LOG=000310FC
FILES end=000381F0
TITLE end=000381F0
LOG end=000310FC
CONFIRM end=000310FC
COUNT end=000310FC
NAME end=000310FC
LIST end=000310FC
STYLE end=000310FC
STYLE.BRIEF end=000310FC
STYLE.FULL end=000310FC
STYLE.COLUMNS end=000310FC
STYLE.HEADER end=000310FC
OUT end=000310FC
SINCE end=000310FC
BEFORE end=000310FC
EXCLUDE end=000310FC
BINARY end=000310FC
DELETE end=000310FC
ALL end=000310FC
WIDTH end=000381F0
PAGE value="SIZE=5" status=00000001
PAGE end=000381F0
PAGE.NONE end=000381F0
PAGE.SIZE value="5" status=00000001
PAGE.SIZE end=000381F0
@@ VPCAT a "x" extra
%DCL-W-MAXPARM, too many parameters - reenter command with fewer parameters
 \EXTRA\
@@ VPCAT a unquoted
$VERB present=0003FD19
$LINE present=0003FD19
INPUT present=000310FC
OUTPUT present=000310FC
TARGET present=000310FC
TEXT present=000310FC
FILES present=0003FD19
TITLE present=0003FD19
LOG present=000310FC
CONFIRM present=000310FC
COUNT present=000310FC
NAME present=000310FC
LIST present=000310FC
STYLE present=000310FC
STYLE.BRIEF present=000310FC
STYLE.FULL present=000310FC
STYLE.COLUMNS present=000310FC
STYLE.HEADER present=000310FC
OUT present=000310FC
SINCE present=000310FC
BEFORE present=000310FC
EXCLUDE present=000310FC
BINARY present=000310FC
DELETE present=000310FC
ALL present=000310FC
WIDTH present=000381F0
PAGE present=000381F0
PAGE.NONE present=000381F0
PAGE.SIZE present=000381F0
$VERB value="VPCA" status=00000001
$VERB value="VPCA" status=00000001
$VERB value="VPCA" status=00000001
$VERB value="VPCA" status=00000001
$VERB value="VPCA" status=00000001
$VERB value="VPCA" status=00000001
$VERB value="VPCA" status=00000001
$VERB value="VPCA" status=00000001
$VERB value="VPCA" status=00000001
$VERB value="VPCA" status=00000001
$VERB value="VPCA" status=00000001
$VERB value="VPCA" status=00000001
$VERB value="VPCA" status=00000001
$VERB value="VPCA" status=00000001
$VERB value="VPCA" status=00000001
$VERB value="VPCA" status=00000001
$LINE value="VPCAT A UNQUOTED" status=00000001
$LINE value="VPCAT A UNQUOTED" status=00000001
$LINE value="VPCAT A UNQUOTED" status=00000001
$LINE value="VPCAT A UNQUOTED" status=00000001
$LINE value="VPCAT A UNQUOTED" status=00000001
$LINE value="VPCAT A UNQUOTED" status=00000001
$LINE value="VPCAT A UNQUOTED" status=00000001
$LINE value="VPCAT A UNQUOTED" status=00000001
$LINE value="VPCAT A UNQUOTED" status=00000001
$LINE value="VPCAT A UNQUOTED" status=00000001
$LINE value="VPCAT A UNQUOTED" status=00000001
$LINE value="VPCAT A UNQUOTED" status=00000001
$LINE value="VPCAT A UNQUOTED" status=00000001
$LINE value="VPCAT A UNQUOTED" status=00000001
$LINE value="VPCAT A UNQUOTED" status=00000001
$LINE value="VPCAT A UNQUOTED" status=00000001
INPUT end=000310FC
OUTPUT end=000310FC
TARGET end=000310FC
TEXT end=000310FC
FILES value="A" status=00000001
FILES   local EXCLUDE=000310FC
FILES   local BINARY=000310FC
FILES   local LOG=000310FC
FILES end=000381F0
TITLE value="UNQUOTED" status=00000001
TITLE   local EXCLUDE=000310FC
TITLE   local BINARY=000310FC
TITLE   local LOG=000310FC
TITLE end=000381F0
LOG end=000310FC
CONFIRM end=000310FC
COUNT end=000310FC
NAME end=000310FC
LIST end=000310FC
STYLE end=000310FC
STYLE.BRIEF end=000310FC
STYLE.FULL end=000310FC
STYLE.COLUMNS end=000310FC
STYLE.HEADER end=000310FC
OUT end=000310FC
SINCE end=000310FC
BEFORE end=000310FC
EXCLUDE end=000310FC
BINARY end=000310FC
DELETE end=000310FC
ALL end=000310FC
WIDTH end=000381F0
PAGE end=000381F0
PAGE.NONE end=000381F0
PAGE.SIZE end=000381F0
@@ VPTEST/COUNT=5/COUNT=6 A
$VERB present=0003FD19
$LINE present=0003FD19
INPUT present=0003FD19
OUTPUT present=000381F0
TARGET present=000310FC
TEXT present=000310FC
FILES present=000310FC
TITLE present=000310FC
LOG present=000381F0
CONFIRM present=0003FD21
COUNT present=0003FD19
NAME present=000381F0
LIST present=000381F0
STYLE present=000381F0
STYLE.BRIEF present=000381F0
STYLE.FULL present=000381F0
STYLE.COLUMNS present=000381F0
STYLE.HEADER present=000381F0
OUT present=000381F0
SINCE present=000381F0
BEFORE present=000381F0
EXCLUDE present=000381F0
BINARY present=000381F0
DELETE present=000381F0
ALL present=000310FC
WIDTH present=000310FC
PAGE present=000310FC
PAGE.NONE present=000310FC
PAGE.SIZE present=000310FC
$VERB value="VPTE" status=00000001
$VERB value="VPTE" status=00000001
$VERB value="VPTE" status=00000001
$VERB value="VPTE" status=00000001
$VERB value="VPTE" status=00000001
$VERB value="VPTE" status=00000001
$VERB value="VPTE" status=00000001
$VERB value="VPTE" status=00000001
$VERB value="VPTE" status=00000001
$VERB value="VPTE" status=00000001
$VERB value="VPTE" status=00000001
$VERB value="VPTE" status=00000001
$VERB value="VPTE" status=00000001
$VERB value="VPTE" status=00000001
$VERB value="VPTE" status=00000001
$VERB value="VPTE" status=00000001
$LINE value="VPTEST/COUNT=5/COUNT=6 A" status=00000001
$LINE value="VPTEST/COUNT=5/COUNT=6 A" status=00000001
$LINE value="VPTEST/COUNT=5/COUNT=6 A" status=00000001
$LINE value="VPTEST/COUNT=5/COUNT=6 A" status=00000001
$LINE value="VPTEST/COUNT=5/COUNT=6 A" status=00000001
$LINE value="VPTEST/COUNT=5/COUNT=6 A" status=00000001
$LINE value="VPTEST/COUNT=5/COUNT=6 A" status=00000001
$LINE value="VPTEST/COUNT=5/COUNT=6 A" status=00000001
$LINE value="VPTEST/COUNT=5/COUNT=6 A" status=00000001
$LINE value="VPTEST/COUNT=5/COUNT=6 A" status=00000001
$LINE value="VPTEST/COUNT=5/COUNT=6 A" status=00000001
$LINE value="VPTEST/COUNT=5/COUNT=6 A" status=00000001
$LINE value="VPTEST/COUNT=5/COUNT=6 A" status=00000001
$LINE value="VPTEST/COUNT=5/COUNT=6 A" status=00000001
$LINE value="VPTEST/COUNT=5/COUNT=6 A" status=00000001
$LINE value="VPTEST/COUNT=5/COUNT=6 A" status=00000001
INPUT value="A" status=00000001
INPUT   local EXCLUDE=000381F0
INPUT   local BINARY=000381F0
INPUT   local LOG=000381F0
INPUT end=000381F0
OUTPUT end=000381F0
TARGET end=000310FC
TEXT end=000310FC
FILES end=000310FC
TITLE end=000310FC
LOG end=000381F0
CONFIRM end=000381F0
COUNT value="6" status=00000001
COUNT end=000381F0
NAME end=000381F0
LIST end=000381F0
STYLE end=000381F0
STYLE.BRIEF end=000381F0
STYLE.FULL end=000381F0
STYLE.COLUMNS end=000381F0
STYLE.HEADER end=000381F0
OUT end=000381F0
SINCE end=000381F0
BEFORE end=000381F0
EXCLUDE end=000381F0
BINARY end=000381F0
DELETE end=000381F0
ALL end=000310FC
WIDTH end=000310FC
PAGE end=000310FC
PAGE.NONE end=000310FC
PAGE.SIZE end=000310FC
@@ VPTEST/LOG/NOLOG A
$VERB present=0003FD19
$LINE present=0003FD19
INPUT present=0003FD19
OUTPUT present=000381F0
TARGET present=000310FC
TEXT present=000310FC
FILES present=000310FC
TITLE present=000310FC
LOG present=000381F8
CONFIRM present=0003FD21
COUNT present=000381F0
NAME present=000381F0
LIST present=000381F0
STYLE present=000381F0
STYLE.BRIEF present=000381F0
STYLE.FULL present=000381F0
STYLE.COLUMNS present=000381F0
STYLE.HEADER present=000381F0
OUT present=000381F0
SINCE present=000381F0
BEFORE present=000381F0
EXCLUDE present=000381F0
BINARY present=000381F0
DELETE present=000381F0
ALL present=000310FC
WIDTH present=000310FC
PAGE present=000310FC
PAGE.NONE present=000310FC
PAGE.SIZE present=000310FC
$VERB value="VPTE" status=00000001
$VERB value="VPTE" status=00000001
$VERB value="VPTE" status=00000001
$VERB value="VPTE" status=00000001
$VERB value="VPTE" status=00000001
$VERB value="VPTE" status=00000001
$VERB value="VPTE" status=00000001
$VERB value="VPTE" status=00000001
$VERB value="VPTE" status=00000001
$VERB value="VPTE" status=00000001
$VERB value="VPTE" status=00000001
$VERB value="VPTE" status=00000001
$VERB value="VPTE" status=00000001
$VERB value="VPTE" status=00000001
$VERB value="VPTE" status=00000001
$VERB value="VPTE" status=00000001
$LINE value="VPTEST/LOG/NOLOG A" status=00000001
$LINE value="VPTEST/LOG/NOLOG A" status=00000001
$LINE value="VPTEST/LOG/NOLOG A" status=00000001
$LINE value="VPTEST/LOG/NOLOG A" status=00000001
$LINE value="VPTEST/LOG/NOLOG A" status=00000001
$LINE value="VPTEST/LOG/NOLOG A" status=00000001
$LINE value="VPTEST/LOG/NOLOG A" status=00000001
$LINE value="VPTEST/LOG/NOLOG A" status=00000001
$LINE value="VPTEST/LOG/NOLOG A" status=00000001
$LINE value="VPTEST/LOG/NOLOG A" status=00000001
$LINE value="VPTEST/LOG/NOLOG A" status=00000001
$LINE value="VPTEST/LOG/NOLOG A" status=00000001
$LINE value="VPTEST/LOG/NOLOG A" status=00000001
$LINE value="VPTEST/LOG/NOLOG A" status=00000001
$LINE value="VPTEST/LOG/NOLOG A" status=00000001
$LINE value="VPTEST/LOG/NOLOG A" status=00000001
INPUT value="A" status=00000001
INPUT   local EXCLUDE=000381F0
INPUT   local BINARY=000381F0
INPUT   local LOG=000381F8
INPUT end=000381F0
OUTPUT end=000381F0
TARGET end=000310FC
TEXT end=000310FC
FILES end=000310FC
TITLE end=000310FC
LOG end=000381F0
CONFIRM end=000381F0
COUNT end=000381F0
NAME end=000381F0
LIST end=000381F0
STYLE end=000381F0
STYLE.BRIEF end=000381F0
STYLE.FULL end=000381F0
STYLE.COLUMNS end=000381F0
STYLE.HEADER end=000381F0
OUT end=000381F0
SINCE end=000381F0
BEFORE end=000381F0
EXCLUDE end=000381F0
BINARY end=000381F0
DELETE end=000381F0
ALL end=000310FC
WIDTH end=000310FC
PAGE end=000310FC
PAGE.NONE end=000310FC
PAGE.SIZE end=000310FC
@@ VPTEST [A.B]X.Y;2,DEV:[C]D.E OUT
$VERB present=0003FD19
$LINE present=0003FD19
INPUT present=0003FD19
OUTPUT present=0003FD19
TARGET present=000310FC
TEXT present=000310FC
FILES present=000310FC
TITLE present=000310FC
LOG present=000381F0
CONFIRM present=0003FD21
COUNT present=000381F0
NAME present=000381F0
LIST present=000381F0
STYLE present=000381F0
STYLE.BRIEF present=000381F0
STYLE.FULL present=000381F0
STYLE.COLUMNS present=000381F0
STYLE.HEADER present=000381F0
OUT present=000381F0
SINCE present=000381F0
BEFORE present=000381F0
EXCLUDE present=000381F0
BINARY present=000381F0
DELETE present=000381F0
ALL present=000310FC
WIDTH present=000310FC
PAGE present=000310FC
PAGE.NONE present=000310FC
PAGE.SIZE present=000310FC
$VERB value="VPTE" status=00000001
$VERB value="VPTE" status=00000001
$VERB value="VPTE" status=00000001
$VERB value="VPTE" status=00000001
$VERB value="VPTE" status=00000001
$VERB value="VPTE" status=00000001
$VERB value="VPTE" status=00000001
$VERB value="VPTE" status=00000001
$VERB value="VPTE" status=00000001
$VERB value="VPTE" status=00000001
$VERB value="VPTE" status=00000001
$VERB value="VPTE" status=00000001
$VERB value="VPTE" status=00000001
$VERB value="VPTE" status=00000001
$VERB value="VPTE" status=00000001
$VERB value="VPTE" status=00000001
$LINE value="VPTEST [A.B]X.Y;2,DEV:[C]D.E OUT" status=00000001
$LINE value="VPTEST [A.B]X.Y;2,DEV:[C]D.E OUT" status=00000001
$LINE value="VPTEST [A.B]X.Y;2,DEV:[C]D.E OUT" status=00000001
$LINE value="VPTEST [A.B]X.Y;2,DEV:[C]D.E OUT" status=00000001
$LINE value="VPTEST [A.B]X.Y;2,DEV:[C]D.E OUT" status=00000001
$LINE value="VPTEST [A.B]X.Y;2,DEV:[C]D.E OUT" status=00000001
$LINE value="VPTEST [A.B]X.Y;2,DEV:[C]D.E OUT" status=00000001
$LINE value="VPTEST [A.B]X.Y;2,DEV:[C]D.E OUT" status=00000001
$LINE value="VPTEST [A.B]X.Y;2,DEV:[C]D.E OUT" status=00000001
$LINE value="VPTEST [A.B]X.Y;2,DEV:[C]D.E OUT" status=00000001
$LINE value="VPTEST [A.B]X.Y;2,DEV:[C]D.E OUT" status=00000001
$LINE value="VPTEST [A.B]X.Y;2,DEV:[C]D.E OUT" status=00000001
$LINE value="VPTEST [A.B]X.Y;2,DEV:[C]D.E OUT" status=00000001
$LINE value="VPTEST [A.B]X.Y;2,DEV:[C]D.E OUT" status=00000001
$LINE value="VPTEST [A.B]X.Y;2,DEV:[C]D.E OUT" status=00000001
$LINE value="VPTEST [A.B]X.Y;2,DEV:[C]D.E OUT" status=00000001
INPUT value="[A.B]X.Y;2" status=0003FD39
INPUT   local EXCLUDE=000381F0
INPUT   local BINARY=000381F0
INPUT   local LOG=000381F0
INPUT value="DEV:[C]D.E" status=00000001
INPUT   local EXCLUDE=000381F0
INPUT   local BINARY=000381F0
INPUT   local LOG=000381F0
INPUT end=000381F0
OUTPUT value="OUT" status=00000001
OUTPUT   local EXCLUDE=000381F0
OUTPUT   local BINARY=000381F0
OUTPUT   local LOG=000381F0
OUTPUT end=000381F0
TARGET end=000310FC
TEXT end=000310FC
FILES end=000310FC
TITLE end=000310FC
LOG end=000381F0
CONFIRM end=000381F0
COUNT end=000381F0
NAME end=000381F0
LIST end=000381F0
STYLE end=000381F0
STYLE.BRIEF end=000381F0
STYLE.FULL end=000381F0
STYLE.COLUMNS end=000381F0
STYLE.HEADER end=000381F0
OUT end=000381F0
SINCE end=000381F0
BEFORE end=000381F0
EXCLUDE end=000381F0
BINARY end=000381F0
DELETE end=000381F0
ALL end=000310FC
WIDTH end=000310FC
PAGE end=000310FC
PAGE.NONE end=000310FC
PAGE.SIZE end=000310FC
@@ VPTEST <A.B>X.Y
$VERB present=0003FD19
$LINE present=0003FD19
INPUT present=0003FD19
OUTPUT present=000381F0
TARGET present=000310FC
TEXT present=000310FC
FILES present=000310FC
TITLE present=000310FC
LOG present=000381F0
CONFIRM present=0003FD21
COUNT present=000381F0
NAME present=000381F0
LIST present=000381F0
STYLE present=000381F0
STYLE.BRIEF present=000381F0
STYLE.FULL present=000381F0
STYLE.COLUMNS present=000381F0
STYLE.HEADER present=000381F0
OUT present=000381F0
SINCE present=000381F0
BEFORE present=000381F0
EXCLUDE present=000381F0
BINARY present=000381F0
DELETE present=000381F0
ALL present=000310FC
WIDTH present=000310FC
PAGE present=000310FC
PAGE.NONE present=000310FC
PAGE.SIZE present=000310FC
$VERB value="VPTE" status=00000001
$VERB value="VPTE" status=00000001
$VERB value="VPTE" status=00000001
$VERB value="VPTE" status=00000001
$VERB value="VPTE" status=00000001
$VERB value="VPTE" status=00000001
$VERB value="VPTE" status=00000001
$VERB value="VPTE" status=00000001
$VERB value="VPTE" status=00000001
$VERB value="VPTE" status=00000001
$VERB value="VPTE" status=00000001
$VERB value="VPTE" status=00000001
$VERB value="VPTE" status=00000001
$VERB value="VPTE" status=00000001
$VERB value="VPTE" status=00000001
$VERB value="VPTE" status=00000001
$LINE value="VPTEST <A.B>X.Y" status=00000001
$LINE value="VPTEST <A.B>X.Y" status=00000001
$LINE value="VPTEST <A.B>X.Y" status=00000001
$LINE value="VPTEST <A.B>X.Y" status=00000001
$LINE value="VPTEST <A.B>X.Y" status=00000001
$LINE value="VPTEST <A.B>X.Y" status=00000001
$LINE value="VPTEST <A.B>X.Y" status=00000001
$LINE value="VPTEST <A.B>X.Y" status=00000001
$LINE value="VPTEST <A.B>X.Y" status=00000001
$LINE value="VPTEST <A.B>X.Y" status=00000001
$LINE value="VPTEST <A.B>X.Y" status=00000001
$LINE value="VPTEST <A.B>X.Y" status=00000001
$LINE value="VPTEST <A.B>X.Y" status=00000001
$LINE value="VPTEST <A.B>X.Y" status=00000001
$LINE value="VPTEST <A.B>X.Y" status=00000001
$LINE value="VPTEST <A.B>X.Y" status=00000001
INPUT value="<A.B>X.Y" status=00000001
INPUT   local EXCLUDE=000381F0
INPUT   local BINARY=000381F0
INPUT   local LOG=000381F0
INPUT end=000381F0
OUTPUT end=000381F0
TARGET end=000310FC
TEXT end=000310FC
FILES end=000310FC
TITLE end=000310FC
LOG end=000381F0
CONFIRM end=000381F0
COUNT end=000381F0
NAME end=000381F0
LIST end=000381F0
STYLE end=000381F0
STYLE.BRIEF end=000381F0
STYLE.FULL end=000381F0
STYLE.COLUMNS end=000381F0
STYLE.HEADER end=000381F0
OUT end=000381F0
SINCE end=000381F0
BEFORE end=000381F0
EXCLUDE end=000381F0
BINARY end=000381F0
DELETE end=000381F0
ALL end=000310FC
WIDTH end=000310FC
PAGE end=000310FC
PAGE.NONE end=000310FC
PAGE.SIZE end=000310FC
@@ VPTEST A/EXCLUDE=(X,Y)
%DCL-W-ONEVAL, list of values not allowed - check use of comma (,)
 \Y)\
@@ VPTEST/STYLE=HEADER A
$VERB present=0003FD19
$LINE present=0003FD19
INPUT present=0003FD19
OUTPUT present=000381F0
TARGET present=000310FC
TEXT present=000310FC
FILES present=000310FC
TITLE present=000310FC
LOG present=000381F0
CONFIRM present=0003FD21
COUNT present=000381F0
NAME present=000381F0
LIST present=000381F0
STYLE present=0003FD19
STYLE.BRIEF present=000381F0
STYLE.FULL present=000381F0
STYLE.COLUMNS present=000381F0
STYLE.HEADER present=0003FD19
OUT present=000381F0
SINCE present=000381F0
BEFORE present=000381F0
EXCLUDE present=000381F0
BINARY present=000381F0
DELETE present=000381F0
ALL present=000310FC
WIDTH present=000310FC
PAGE present=000310FC
PAGE.NONE present=000310FC
PAGE.SIZE present=000310FC
$VERB value="VPTE" status=00000001
$VERB value="VPTE" status=00000001
$VERB value="VPTE" status=00000001
$VERB value="VPTE" status=00000001
$VERB value="VPTE" status=00000001
$VERB value="VPTE" status=00000001
$VERB value="VPTE" status=00000001
$VERB value="VPTE" status=00000001
$VERB value="VPTE" status=00000001
$VERB value="VPTE" status=00000001
$VERB value="VPTE" status=00000001
$VERB value="VPTE" status=00000001
$VERB value="VPTE" status=00000001
$VERB value="VPTE" status=00000001
$VERB value="VPTE" status=00000001
$VERB value="VPTE" status=00000001
$LINE value="VPTEST/STYLE=HEADER A" status=00000001
$LINE value="VPTEST/STYLE=HEADER A" status=00000001
$LINE value="VPTEST/STYLE=HEADER A" status=00000001
$LINE value="VPTEST/STYLE=HEADER A" status=00000001
$LINE value="VPTEST/STYLE=HEADER A" status=00000001
$LINE value="VPTEST/STYLE=HEADER A" status=00000001
$LINE value="VPTEST/STYLE=HEADER A" status=00000001
$LINE value="VPTEST/STYLE=HEADER A" status=00000001
$LINE value="VPTEST/STYLE=HEADER A" status=00000001
$LINE value="VPTEST/STYLE=HEADER A" status=00000001
$LINE value="VPTEST/STYLE=HEADER A" status=00000001
$LINE value="VPTEST/STYLE=HEADER A" status=00000001
$LINE value="VPTEST/STYLE=HEADER A" status=00000001
$LINE value="VPTEST/STYLE=HEADER A" status=00000001
$LINE value="VPTEST/STYLE=HEADER A" status=00000001
$LINE value="VPTEST/STYLE=HEADER A" status=00000001
INPUT value="A" status=00000001
INPUT   local EXCLUDE=000381F0
INPUT   local BINARY=000381F0
INPUT   local LOG=000381F0
INPUT end=000381F0
OUTPUT end=000381F0
TARGET end=000310FC
TEXT end=000310FC
FILES end=000310FC
TITLE end=000310FC
LOG end=000381F0
CONFIRM end=000381F0
COUNT end=000381F0
NAME end=000381F0
LIST end=000381F0
STYLE value="HEADER" status=00000001
STYLE end=000381F0
STYLE.BRIEF end=000381F0
STYLE.FULL end=000381F0
STYLE.COLUMNS end=000381F0
STYLE.HEADER end=000381F0
OUT end=000381F0
SINCE end=000381F0
BEFORE end=000381F0
EXCLUDE end=000381F0
BINARY end=000381F0
DELETE end=000381F0
ALL end=000310FC
WIDTH end=000310FC
PAGE end=000310FC
PAGE.NONE end=000310FC
PAGE.SIZE end=000310FC
@@ VPTEST/STYLE=(COLUMNS=3,FULL) A
$VERB present=0003FD19
$LINE present=0003FD19
INPUT present=0003FD19
OUTPUT present=000381F0
TARGET present=000310FC
TEXT present=000310FC
FILES present=000310FC
TITLE present=000310FC
LOG present=000381F0
CONFIRM present=0003FD21
COUNT present=000381F0
NAME present=000381F0
LIST present=000381F0
STYLE present=0003FD19
STYLE.BRIEF present=000381F0
STYLE.FULL present=0003FD19
STYLE.COLUMNS present=0003FD19
STYLE.HEADER present=000381F0
OUT present=000381F0
SINCE present=000381F0
BEFORE present=000381F0
EXCLUDE present=000381F0
BINARY present=000381F0
DELETE present=000381F0
ALL present=000310FC
WIDTH present=000310FC
PAGE present=000310FC
PAGE.NONE present=000310FC
PAGE.SIZE present=000310FC
$VERB value="VPTE" status=00000001
$VERB value="VPTE" status=00000001
$VERB value="VPTE" status=00000001
$VERB value="VPTE" status=00000001
$VERB value="VPTE" status=00000001
$VERB value="VPTE" status=00000001
$VERB value="VPTE" status=00000001
$VERB value="VPTE" status=00000001
$VERB value="VPTE" status=00000001
$VERB value="VPTE" status=00000001
$VERB value="VPTE" status=00000001
$VERB value="VPTE" status=00000001
$VERB value="VPTE" status=00000001
$VERB value="VPTE" status=00000001
$VERB value="VPTE" status=00000001
$VERB value="VPTE" status=00000001
$LINE value="VPTEST/STYLE=(COLUMNS=3,FULL) A" status=00000001
$LINE value="VPTEST/STYLE=(COLUMNS=3,FULL) A" status=00000001
$LINE value="VPTEST/STYLE=(COLUMNS=3,FULL) A" status=00000001
$LINE value="VPTEST/STYLE=(COLUMNS=3,FULL) A" status=00000001
$LINE value="VPTEST/STYLE=(COLUMNS=3,FULL) A" status=00000001
$LINE value="VPTEST/STYLE=(COLUMNS=3,FULL) A" status=00000001
$LINE value="VPTEST/STYLE=(COLUMNS=3,FULL) A" status=00000001
$LINE value="VPTEST/STYLE=(COLUMNS=3,FULL) A" status=00000001
$LINE value="VPTEST/STYLE=(COLUMNS=3,FULL) A" status=00000001
$LINE value="VPTEST/STYLE=(COLUMNS=3,FULL) A" status=00000001
$LINE value="VPTEST/STYLE=(COLUMNS=3,FULL) A" status=00000001
$LINE value="VPTEST/STYLE=(COLUMNS=3,FULL) A" status=00000001
$LINE value="VPTEST/STYLE=(COLUMNS=3,FULL) A" status=00000001
$LINE value="VPTEST/STYLE=(COLUMNS=3,FULL) A" status=00000001
$LINE value="VPTEST/STYLE=(COLUMNS=3,FULL) A" status=00000001
$LINE value="VPTEST/STYLE=(COLUMNS=3,FULL) A" status=00000001
INPUT value="A" status=00000001
INPUT   local EXCLUDE=000381F0
INPUT   local BINARY=000381F0
INPUT   local LOG=000381F0
INPUT end=000381F0
OUTPUT end=000381F0
TARGET end=000310FC
TEXT end=000310FC
FILES end=000310FC
TITLE end=000310FC
LOG end=000381F0
CONFIRM end=000381F0
COUNT end=000381F0
NAME end=000381F0
LIST end=000381F0
STYLE value="COLUMNS=3" status=0003FD39
STYLE value="FULL" status=00000001
STYLE end=000381F0
STYLE.BRIEF end=000381F0
STYLE.FULL end=000381F0
STYLE.COLUMNS value="3" status=00000001
STYLE.COLUMNS end=000381F0
STYLE.HEADER end=000381F0
OUT end=000381F0
SINCE end=000381F0
BEFORE end=000381F0
EXCLUDE end=000381F0
BINARY end=000381F0
DELETE end=000381F0
ALL end=000310FC
WIDTH end=000310FC
PAGE end=000310FC
PAGE.NONE end=000310FC
PAGE.SIZE end=000310FC
@@ VPTEST/LIST=() A
%DCL-W-VALREQ, missing qualifier or keyword value - supply all required values
@@ VPCAT a,b+c
$VERB present=0003FD19
$LINE present=0003FD19
INPUT present=000310FC
OUTPUT present=000310FC
TARGET present=000310FC
TEXT present=000310FC
FILES present=0003FD19
TITLE present=000381F0
LOG present=000310FC
CONFIRM present=000310FC
COUNT present=000310FC
NAME present=000310FC
LIST present=000310FC
STYLE present=000310FC
STYLE.BRIEF present=000310FC
STYLE.FULL present=000310FC
STYLE.COLUMNS present=000310FC
STYLE.HEADER present=000310FC
OUT present=000310FC
SINCE present=000310FC
BEFORE present=000310FC
EXCLUDE present=000310FC
BINARY present=000310FC
DELETE present=000310FC
ALL present=000310FC
WIDTH present=000381F0
PAGE present=000381F0
PAGE.NONE present=000381F0
PAGE.SIZE present=000381F0
$VERB value="VPCA" status=00000001
$VERB value="VPCA" status=00000001
$VERB value="VPCA" status=00000001
$VERB value="VPCA" status=00000001
$VERB value="VPCA" status=00000001
$VERB value="VPCA" status=00000001
$VERB value="VPCA" status=00000001
$VERB value="VPCA" status=00000001
$VERB value="VPCA" status=00000001
$VERB value="VPCA" status=00000001
$VERB value="VPCA" status=00000001
$VERB value="VPCA" status=00000001
$VERB value="VPCA" status=00000001
$VERB value="VPCA" status=00000001
$VERB value="VPCA" status=00000001
$VERB value="VPCA" status=00000001
$LINE value="VPCAT A,B+C" status=00000001
$LINE value="VPCAT A,B+C" status=00000001
$LINE value="VPCAT A,B+C" status=00000001
$LINE value="VPCAT A,B+C" status=00000001
$LINE value="VPCAT A,B+C" status=00000001
$LINE value="VPCAT A,B+C" status=00000001
$LINE value="VPCAT A,B+C" status=00000001
$LINE value="VPCAT A,B+C" status=00000001
$LINE value="VPCAT A,B+C" status=00000001
$LINE value="VPCAT A,B+C" status=00000001
$LINE value="VPCAT A,B+C" status=00000001
$LINE value="VPCAT A,B+C" status=00000001
$LINE value="VPCAT A,B+C" status=00000001
$LINE value="VPCAT A,B+C" status=00000001
$LINE value="VPCAT A,B+C" status=00000001
$LINE value="VPCAT A,B+C" status=00000001
INPUT end=000310FC
OUTPUT end=000310FC
TARGET end=000310FC
TEXT end=000310FC
FILES value="A" status=0003FD39
FILES   local EXCLUDE=000310FC
FILES   local BINARY=000310FC
FILES   local LOG=000310FC
FILES value="B" status=0003FD29
FILES   local EXCLUDE=000310FC
FILES   local BINARY=000310FC
FILES   local LOG=000310FC
FILES value="C" status=00000001
FILES   local EXCLUDE=000310FC
FILES   local BINARY=000310FC
FILES   local LOG=000310FC
FILES end=000381F0
TITLE end=000381F0
LOG end=000310FC
CONFIRM end=000310FC
COUNT end=000310FC
NAME end=000310FC
LIST end=000310FC
STYLE end=000310FC
STYLE.BRIEF end=000310FC
STYLE.FULL end=000310FC
STYLE.COLUMNS end=000310FC
STYLE.HEADER end=000310FC
OUT end=000310FC
SINCE end=000310FC
BEFORE end=000310FC
EXCLUDE end=000310FC
BINARY end=000310FC
DELETE end=000310FC
ALL end=000310FC
WIDTH end=000381F0
PAGE end=000381F0
PAGE.NONE end=000381F0
PAGE.SIZE end=000381F0
@@ VPTEST/NOSTYLE A
$VERB present=0003FD19
$LINE present=0003FD19
INPUT present=0003FD19
OUTPUT present=000381F0
TARGET present=000310FC
TEXT present=000310FC
FILES present=000310FC
TITLE present=000310FC
LOG present=000381F0
CONFIRM present=0003FD21
COUNT present=000381F0
NAME present=000381F0
LIST present=000381F0
STYLE present=000381F8
STYLE.BRIEF present=0003FD21
STYLE.FULL present=000381F0
STYLE.COLUMNS present=000381F0
STYLE.HEADER present=000381F0
OUT present=000381F0
SINCE present=000381F0
BEFORE present=000381F0
EXCLUDE present=000381F0
BINARY present=000381F0
DELETE present=000381F0
ALL present=000310FC
WIDTH present=000310FC
PAGE present=000310FC
PAGE.NONE present=000310FC
PAGE.SIZE present=000310FC
$VERB value="VPTE" status=00000001
$VERB value="VPTE" status=00000001
$VERB value="VPTE" status=00000001
$VERB value="VPTE" status=00000001
$VERB value="VPTE" status=00000001
$VERB value="VPTE" status=00000001
$VERB value="VPTE" status=00000001
$VERB value="VPTE" status=00000001
$VERB value="VPTE" status=00000001
$VERB value="VPTE" status=00000001
$VERB value="VPTE" status=00000001
$VERB value="VPTE" status=00000001
$VERB value="VPTE" status=00000001
$VERB value="VPTE" status=00000001
$VERB value="VPTE" status=00000001
$VERB value="VPTE" status=00000001
$LINE value="VPTEST/NOSTYLE A" status=00000001
$LINE value="VPTEST/NOSTYLE A" status=00000001
$LINE value="VPTEST/NOSTYLE A" status=00000001
$LINE value="VPTEST/NOSTYLE A" status=00000001
$LINE value="VPTEST/NOSTYLE A" status=00000001
$LINE value="VPTEST/NOSTYLE A" status=00000001
$LINE value="VPTEST/NOSTYLE A" status=00000001
$LINE value="VPTEST/NOSTYLE A" status=00000001
$LINE value="VPTEST/NOSTYLE A" status=00000001
$LINE value="VPTEST/NOSTYLE A" status=00000001
$LINE value="VPTEST/NOSTYLE A" status=00000001
$LINE value="VPTEST/NOSTYLE A" status=00000001
$LINE value="VPTEST/NOSTYLE A" status=00000001
$LINE value="VPTEST/NOSTYLE A" status=00000001
$LINE value="VPTEST/NOSTYLE A" status=00000001
$LINE value="VPTEST/NOSTYLE A" status=00000001
INPUT value="A" status=00000001
INPUT   local EXCLUDE=000381F0
INPUT   local BINARY=000381F0
INPUT   local LOG=000381F0
INPUT end=000381F0
OUTPUT end=000381F0
TARGET end=000310FC
TEXT end=000310FC
FILES end=000310FC
TITLE end=000310FC
LOG end=000381F0
CONFIRM end=000381F0
COUNT end=000381F0
NAME end=000381F0
LIST end=000381F0
STYLE end=000381F0
STYLE.BRIEF end=000381F0
STYLE.FULL end=000381F0
STYLE.COLUMNS end=000381F0
STYLE.HEADER end=000381F0
OUT end=000381F0
SINCE end=000381F0
BEFORE end=000381F0
EXCLUDE end=000381F0
BINARY end=000381F0
DELETE end=000381F0
ALL end=000310FC
WIDTH end=000310FC
PAGE end=000310FC
PAGE.NONE end=000310FC
PAGE.SIZE end=000310FC
@@ VPTEST/NOCOUNT A
$VERB present=0003FD19
$LINE present=0003FD19
INPUT present=0003FD19
OUTPUT present=000381F0
TARGET present=000310FC
TEXT present=000310FC
FILES present=000310FC
TITLE present=000310FC
LOG present=000381F0
CONFIRM present=0003FD21
COUNT present=000381F8
NAME present=000381F0
LIST present=000381F0
STYLE present=000381F0
STYLE.BRIEF present=000381F0
STYLE.FULL present=000381F0
STYLE.COLUMNS present=000381F0
STYLE.HEADER present=000381F0
OUT present=000381F0
SINCE present=000381F0
BEFORE present=000381F0
EXCLUDE present=000381F0
BINARY present=000381F0
DELETE present=000381F0
ALL present=000310FC
WIDTH present=000310FC
PAGE present=000310FC
PAGE.NONE present=000310FC
PAGE.SIZE present=000310FC
$VERB value="VPTE" status=00000001
$VERB value="VPTE" status=00000001
$VERB value="VPTE" status=00000001
$VERB value="VPTE" status=00000001
$VERB value="VPTE" status=00000001
$VERB value="VPTE" status=00000001
$VERB value="VPTE" status=00000001
$VERB value="VPTE" status=00000001
$VERB value="VPTE" status=00000001
$VERB value="VPTE" status=00000001
$VERB value="VPTE" status=00000001
$VERB value="VPTE" status=00000001
$VERB value="VPTE" status=00000001
$VERB value="VPTE" status=00000001
$VERB value="VPTE" status=00000001
$VERB value="VPTE" status=00000001
$LINE value="VPTEST/NOCOUNT A" status=00000001
$LINE value="VPTEST/NOCOUNT A" status=00000001
$LINE value="VPTEST/NOCOUNT A" status=00000001
$LINE value="VPTEST/NOCOUNT A" status=00000001
$LINE value="VPTEST/NOCOUNT A" status=00000001
$LINE value="VPTEST/NOCOUNT A" status=00000001
$LINE value="VPTEST/NOCOUNT A" status=00000001
$LINE value="VPTEST/NOCOUNT A" status=00000001
$LINE value="VPTEST/NOCOUNT A" status=00000001
$LINE value="VPTEST/NOCOUNT A" status=00000001
$LINE value="VPTEST/NOCOUNT A" status=00000001
$LINE value="VPTEST/NOCOUNT A" status=00000001
$LINE value="VPTEST/NOCOUNT A" status=00000001
$LINE value="VPTEST/NOCOUNT A" status=00000001
$LINE value="VPTEST/NOCOUNT A" status=00000001
$LINE value="VPTEST/NOCOUNT A" status=00000001
INPUT value="A" status=00000001
INPUT   local EXCLUDE=000381F0
INPUT   local BINARY=000381F0
INPUT   local LOG=000381F0
INPUT end=000381F0
OUTPUT end=000381F0
TARGET end=000310FC
TEXT end=000310FC
FILES end=000310FC
TITLE end=000310FC
LOG end=000381F0
CONFIRM end=000381F0
COUNT end=000381F0
NAME end=000381F0
LIST end=000381F0
STYLE end=000381F0
STYLE.BRIEF end=000381F0
STYLE.FULL end=000381F0
STYLE.COLUMNS end=000381F0
STYLE.HEADER end=000381F0
OUT end=000381F0
SINCE end=000381F0
BEFORE end=000381F0
EXCLUDE end=000381F0
BINARY end=000381F0
DELETE end=000381F0
ALL end=000310FC
WIDTH end=000310FC
PAGE end=000310FC
PAGE.NONE end=000310FC
PAGE.SIZE end=000310FC
@@ VPTEST/ A
%DCL-W-IVQUAL, unrecognized qualifier - check validity, spelling, and placement
 \A\
@@ VPTEST A,
%DCL-W-NULFIL, missing or invalid file specification - respecify
@@ VPTEST/CONFIRM/NOCONFIRM A
$VERB present=0003FD19
$LINE present=0003FD19
INPUT present=0003FD19
OUTPUT present=000381F0
TARGET present=000310FC
TEXT present=000310FC
FILES present=000310FC
TITLE present=000310FC
LOG present=000381F0
CONFIRM present=000381F8
COUNT present=000381F0
NAME present=000381F0
LIST present=000381F0
STYLE present=000381F0
STYLE.BRIEF present=000381F0
STYLE.FULL present=000381F0
STYLE.COLUMNS present=000381F0
STYLE.HEADER present=000381F0
OUT present=000381F0
SINCE present=000381F0
BEFORE present=000381F0
EXCLUDE present=000381F0
BINARY present=000381F0
DELETE present=000381F0
ALL present=000310FC
WIDTH present=000310FC
PAGE present=000310FC
PAGE.NONE present=000310FC
PAGE.SIZE present=000310FC
$VERB value="VPTE" status=00000001
$VERB value="VPTE" status=00000001
$VERB value="VPTE" status=00000001
$VERB value="VPTE" status=00000001
$VERB value="VPTE" status=00000001
$VERB value="VPTE" status=00000001
$VERB value="VPTE" status=00000001
$VERB value="VPTE" status=00000001
$VERB value="VPTE" status=00000001
$VERB value="VPTE" status=00000001
$VERB value="VPTE" status=00000001
$VERB value="VPTE" status=00000001
$VERB value="VPTE" status=00000001
$VERB value="VPTE" status=00000001
$VERB value="VPTE" status=00000001
$VERB value="VPTE" status=00000001
$LINE value="VPTEST/CONFIRM/NOCONFIRM A" status=00000001
$LINE value="VPTEST/CONFIRM/NOCONFIRM A" status=00000001
$LINE value="VPTEST/CONFIRM/NOCONFIRM A" status=00000001
$LINE value="VPTEST/CONFIRM/NOCONFIRM A" status=00000001
$LINE value="VPTEST/CONFIRM/NOCONFIRM A" status=00000001
$LINE value="VPTEST/CONFIRM/NOCONFIRM A" status=00000001
$LINE value="VPTEST/CONFIRM/NOCONFIRM A" status=00000001
$LINE value="VPTEST/CONFIRM/NOCONFIRM A" status=00000001
$LINE value="VPTEST/CONFIRM/NOCONFIRM A" status=00000001
$LINE value="VPTEST/CONFIRM/NOCONFIRM A" status=00000001
$LINE value="VPTEST/CONFIRM/NOCONFIRM A" status=00000001
$LINE value="VPTEST/CONFIRM/NOCONFIRM A" status=00000001
$LINE value="VPTEST/CONFIRM/NOCONFIRM A" status=00000001
$LINE value="VPTEST/CONFIRM/NOCONFIRM A" status=00000001
$LINE value="VPTEST/CONFIRM/NOCONFIRM A" status=00000001
$LINE value="VPTEST/CONFIRM/NOCONFIRM A" status=00000001
INPUT value="A" status=00000001
INPUT   local EXCLUDE=000381F0
INPUT   local BINARY=000381F0
INPUT   local LOG=000381F0
INPUT end=000381F0
OUTPUT end=000381F0
TARGET end=000310FC
TEXT end=000310FC
FILES end=000310FC
TITLE end=000310FC
LOG end=000381F0
CONFIRM end=000381F0
COUNT end=000381F0
NAME end=000381F0
LIST end=000381F0
STYLE end=000381F0
STYLE.BRIEF end=000381F0
STYLE.FULL end=000381F0
STYLE.COLUMNS end=000381F0
STYLE.HEADER end=000381F0
OUT end=000381F0
SINCE end=000381F0
BEFORE end=000381F0
EXCLUDE end=000381F0
BINARY end=000381F0
DELETE end=000381F0
ALL end=000310FC
WIDTH end=000310FC
PAGE end=000310FC
PAGE.NONE end=000310FC
PAGE.SIZE end=000310FC
