$ SET DEFAULT SYS$LOGIN
$ CREATE/DIRECTORY [.EDF2]
$ SET DEFAULT [.EDF2]
$ CREATE H1.FDL
FILE
  ORGANIZATION indexed
RECORD
  FORMAT fixed
  SIZE 64
KEY 0
  SEG0_LENGTH 8
  SEG0_POSITION 0
*EXIT*
$ CREATE H2.FDL
FILE
  ORGANIZATION indexed
RECORD
  FORMAT fixed
  SIZE 64
KEY 0
  SEG0_LENGTH 8
  SEG0_POSITION 0
  DUPLICATES no
  CHANGES no
KEY 1
  SEG0_LENGTH 10
  SEG0_POSITION 8
  DUPLICATES yes
  CHANGES yes
*EXIT*
$ CREATE H2F.FDL
FILE
  ORGANIZATION indexed
RECORD
  FORMAT fixed
  SIZE 64
KEY 0
  SEG0_LENGTH 8
  SEG0_POSITION 0
  DUPLICATES no
  CHANGES no
  DATA_FILL 80
  INDEX_FILL 70
KEY 1
  SEG0_LENGTH 10
  SEG0_POSITION 8
  DUPLICATES yes
  CHANGES yes
  DATA_FILL 60
*EXIT*
$ CREATE H2B.FDL
FILE
  ORGANIZATION indexed
  BUCKET_SIZE 5
RECORD
  FORMAT fixed
  SIZE 64
KEY 0
  SEG0_LENGTH 8
  SEG0_POSITION 0
  DUPLICATES no
  CHANGES no
KEY 1
  SEG0_LENGTH 10
  SEG0_POSITION 8
  DUPLICATES yes
  CHANGES yes
*EXIT*
$ CREATE H2A.FDL
FILE
  ORGANIZATION indexed
RECORD
  FORMAT fixed
  SIZE 64
AREA 0
  ALLOCATION 100
  BUCKET_SIZE 4
  EXTENSION 20
KEY 0
  SEG0_LENGTH 8
  SEG0_POSITION 0
  DUPLICATES no
  CHANGES no
  DATA_AREA 0
  INDEX_AREA 0
KEY 1
  SEG0_LENGTH 10
  SEG0_POSITION 8
  DUPLICATES yes
  CHANGES yes
  DATA_AREA 0
  INDEX_AREA 0
*EXIT*
$ CREATE H2C.FDL
FILE
  ORGANIZATION indexed
RECORD
  FORMAT fixed
  SIZE 64
KEY 0
  SEG0_LENGTH 8
  SEG0_POSITION 0
  DUPLICATES no
  CHANGES no
  DATA_KEY_COMPRESSION no
  DATA_RECORD_COMPRESSION no
  INDEX_COMPRESSION yes
KEY 1
  SEG0_LENGTH 10
  SEG0_POSITION 8
  DUPLICATES yes
  CHANGES yes
  DATA_KEY_COMPRESSION no
*EXIT*
$ CREATE H2V.FDL
FILE
  ORGANIZATION indexed
RECORD
  FORMAT variable
  SIZE 200
KEY 0
  SEG0_LENGTH 8
  SEG0_POSITION 0
  DUPLICATES no
  CHANGES no
KEY 1
  SEG0_LENGTH 10
  SEG0_POSITION 8
  DUPLICATES yes
  CHANGES yes
*EXIT*
$ CREATE A1HEAD.FDL
FILE
  ALLOCATION 128
  BEST_TRY_CONTIGUOUS no
  BUCKET_SIZE 2
  CLUSTER_SIZE 16
  CONTIGUOUS no
  EXTENSION 0
  ORGANIZATION indexed
RECORD
  BLOCK_SPAN yes
  CARRIAGE_CONTROL carriage_return
  FORMAT fixed
  SIZE 64
AREA 0
  ALLOCATION 128
  BUCKET_SIZE 2
  EXTENSION 0
KEY 0
  CHANGES no
  DATA_KEY_COMPRESSION yes
  DATA_RECORD_COMPRESSION yes
  DATA_AREA 0
  DATA_FILL 100
  DUPLICATES no
  INDEX_AREA 0
  INDEX_COMPRESSION yes
  INDEX_FILL 100
  LEVEL1_INDEX_AREA 0
  NAME ""
  NULL_KEY no
  PROLOG 3
  SEG0_LENGTH 8
  SEG0_POSITION 0
  TYPE string
*EXIT*
$ CREATE A2HEAD.FDL
FILE
  ALLOCATION 128
  BEST_TRY_CONTIGUOUS no
  BUCKET_SIZE 2
  CLUSTER_SIZE 16
  CONTIGUOUS no
  EXTENSION 0
  ORGANIZATION indexed
RECORD
  BLOCK_SPAN yes
  CARRIAGE_CONTROL carriage_return
  FORMAT fixed
  SIZE 64
AREA 0
  ALLOCATION 128
  BUCKET_SIZE 2
  EXTENSION 0
KEY 0
  CHANGES no
  DATA_KEY_COMPRESSION yes
  DATA_RECORD_COMPRESSION yes
  DATA_AREA 0
  DATA_FILL 100
  DUPLICATES no
  INDEX_AREA 0
  INDEX_COMPRESSION yes
  INDEX_FILL 100
  LEVEL1_INDEX_AREA 0
  NAME ""
  NULL_KEY no
  PROLOG 3
  SEG0_LENGTH 8
  SEG0_POSITION 0
  TYPE string
KEY 1
  CHANGES yes
  DATA_KEY_COMPRESSION yes
  DATA_AREA 0
  DATA_FILL 100
  DUPLICATES yes
  INDEX_AREA 0
  INDEX_COMPRESSION yes
  INDEX_FILL 100
  LEVEL1_INDEX_AREA 0
  NAME ""
  NULL_KEY no
  SEG0_LENGTH 10
  SEG0_POSITION 8
  TYPE string
*EXIT*
$ CREATE RUN.COM
$ SET NOON
$ SET TERMINAL/TAB
$ GOSUB base
$ n0 = 1
$ CALL case N00 A1HEAD.FDL H1.FDL "" 1
$ GOSUB base
$ n0 = 10
$ CALL case N01 A1HEAD.FDL H1.FDL "" 1
$ GOSUB base
$ n0 = 30
$ CALL case N02 A1HEAD.FDL H1.FDL "" 1
$ GOSUB base
$ n0 = 100
$ CALL case N03 A1HEAD.FDL H1.FDL "" 1
$ GOSUB base
$ n0 = 300
$ CALL case N04 A1HEAD.FDL H1.FDL "" 1
$ GOSUB base
$ n0 = 1000
$ CALL case N05 A1HEAD.FDL H1.FDL "" 1
$ GOSUB base
$ n0 = 3000
$ CALL case N06 A1HEAD.FDL H1.FDL "" 1
$ GOSUB base
$ n0 = 10000
$ CALL case N07 A1HEAD.FDL H1.FDL "" 1
$ GOSUB base
$ n0 = 30000
$ CALL case N08 A1HEAD.FDL H1.FDL "" 1
$ GOSUB base
$ n0 = 100000
$ CALL case N09 A1HEAD.FDL H1.FDL "" 1
$ GOSUB base
$ n0 = 1000000
$ CALL case N10 A1HEAD.FDL H1.FDL "" 1
$ GOSUB base
$ n0 = 10000
$ dkc0 = 0
$ CALL case P00 A1HEAD.FDL H1.FDL "" 1
$ GOSUB base
$ n0 = 10000
$ dkc0 = 90
$ CALL case P01 A1HEAD.FDL H1.FDL "" 1
$ GOSUB base
$ n0 = 10000
$ drc0 = 0
$ CALL case P02 A1HEAD.FDL H1.FDL "" 1
$ GOSUB base
$ n0 = 10000
$ drc0 = 90
$ CALL case P03 A1HEAD.FDL H1.FDL "" 1
$ GOSUB base
$ n0 = 10000
$ ic0 = 0
$ CALL case P04 A1HEAD.FDL H1.FDL "" 1
$ GOSUB base
$ n0 = 10000
$ ic0 = 90
$ CALL case P05 A1HEAD.FDL H1.FDL "" 1
$ GOSUB base
$ n0 = 10000
$ mil0 = 4
$ CALL case P06 A1HEAD.FDL H1.FDL "" 1
$ GOSUB base
$ n0 = 10000
$ mil0 = 60
$ CALL case P07 A1HEAD.FDL H1.FDL "" 1
$ GOSUB base
$ n0 = 10000
$ df0 = 50
$ CALL case P08 A1HEAD.FDL H1.FDL "" 1
$ GOSUB base
$ n0 = 10000
$ if0 = 50
$ CALL case P09 A1HEAD.FDL H1.FDL "" 1
$ GOSUB base
$ n0 = 10000
$ dep0 = 3
$ CALL case P10 A1HEAD.FDL H1.FDL "" 1
$ GOSUB base
$ n0 = 10000
$ dso0 = 9999
$ CALL case P11 A1HEAD.FDL H1.FDL "" 1
$ GOSUB base
$ n0 = 10000
$ l10 = 9999
$ CALL case P12 A1HEAD.FDL H1.FDL "" 1
$ GOSUB base
$ n0 = 10000
$ mdl0 = 32
$ CALL case P13 A1HEAD.FDL H1.FDL "" 1
$ GOSUB base
$ n0 = 10000
$ lrl0 = 200
$ CALL case P14 A1HEAD.FDL H1.FDL "" 1
$ GOSUB base
$ n0 = 10000
$ iso0 = 999
$ CALL case P15 A1HEAD.FDL H1.FDL "" 1
$ GOSUB base
$ CALL case T00 A2HEAD.FDL H2.FDL "" 2
$ GOSUB base
$ n0 = 100000
$ CALL case T01 A2HEAD.FDL H2.FDL "" 2
$ GOSUB base
$ n1 = 1000
$ dps1 = 0
$ mdl1 = 20
$ CALL case T02 A2HEAD.FDL H2.FDL "" 2
$ GOSUB base
$ n1 = 10000
$ CALL case T03 A2HEAD.FDL H2.FDL "" 2
$ GOSUB base
$ dps1 = 100
$ mdl1 = 500
$ CALL case T04 A2HEAD.FDL H2.FDL "" 2
$ GOSUB base
$ mdl1 = 5000
$ CALL case T05 A2HEAD.FDL H2.FDL "" 2
$ GOSUB base
$ mil1 = 40
$ CALL case T06 A2HEAD.FDL H2.FDL "" 2
$ GOSUB base
$ dkc1 = 0
$ CALL case T07 A2HEAD.FDL H2.FDL "" 2
$ GOSUB base
$ ic1 = 90
$ CALL case T08 A2HEAD.FDL H2.FDL "" 2
$ GOSUB base
$ n1 = 1
$ dps1 = 999
$ mdl1 = 9999
$ CALL case T09 A2HEAD.FDL H2.FDL "" 2
$ GOSUB base
$ n0 = 100000
$ CALL case G00 A2HEAD.FDL H2.FDL "/GRANULARITY=1" 2
$ GOSUB base
$ n0 = 100000
$ CALL case G01 A2HEAD.FDL H2.FDL "/GRANULARITY=2" 2
$ GOSUB base
$ n0 = 100000
$ CALL case G02 A2HEAD.FDL H2.FDL "/GRANULARITY=4" 2
$ GOSUB base
$ n0 = 100000
$ CALL case G03 A2HEAD.FDL H2.FDL "/GRANULARITY=5" 2
$ GOSUB base
$ n0 = 100000
$ CALL case G04 A2HEAD.FDL H2.FDL "/EMPHASIS=FLATTER_FILES" 2
$ GOSUB base
$ n0 = 100000
$ CALL case G05 A2HEAD.FDL H2.FDL "/EMPHASIS=SMALLER_BUFFERS" 2
$ GOSUB base
$ n0 = 10000
$ CALL case I00 A2HEAD.FDL H2F.FDL "" 2
$ GOSUB base
$ n0 = 10000
$ CALL case I01 A2HEAD.FDL H2B.FDL "" 2
$ GOSUB base
$ n0 = 10000
$ CALL case I02 A2HEAD.FDL H2A.FDL "" 2
$ GOSUB base
$ n0 = 10000
$ CALL case I03 A2HEAD.FDL H2C.FDL "" 2
$ GOSUB base
$ n0 = 10000
$ CALL case I04 A2HEAD.FDL H2V.FDL "" 2
$ WRITE SYS$OUTPUT "@@ end"
$ EXIT
$base:
$ n0 = 1000
$ df0 = 72
$ dkc0 = 49
$ drc0 = 73
$ dso0 = 94
$ dep0 = 1
$ ic0 = 28
$ if0 = 34
$ iso0 = 2
$ l10 = 47
$ mdl0 = 64
$ mil0 = 10
$ lrl0 = 64
$ n1 = 50
$ df1 = 66
$ dkc1 = 56
$ dso1 = 16
$ dep1 = 1
$ dps1 = 19
$ ic1 = 44
$ if1 = 6
$ iso1 = 2
$ l11 = 8
$ mdl1 = 106
$ mil1 = 12
$ RETURN
$case: SUBROUTINE
$ OPEN/WRITE t T.TMP
$ WRITE t ""
$ WRITE t "ANALYSIS_OF_AREA 0"
$ WRITE t "  RECLAIMED_SPACE 0"
$ CALL aok 0
$ IF P5 .GT. 1 THEN CALL aok 1
$ CLOSE t
$ COPY 'P2'+T.TMP 'P1'A.FDL
$ DELETE T.TMP;*
$ EDIT/FDL/NOINTERACTIVE/ANALYSIS='P1'A.FDL/OUTPUT='P1'O.FDL'P4' 'P3'
$ st = $STATUS
$ WRITE SYS$OUTPUT "@@ ", P1, " ", P3, " ", P4, " ", F$FAO("!XL", F$INTEGER(st))
$ TYPE 'P1'A.FDL
$ WRITE SYS$OUTPUT "@@ ", P1, " output"
$ TYPE 'P1'O.FDL
$ ENDSUBROUTINE
$aok: SUBROUTINE
$ WRITE t ""
$ WRITE t "ANALYSIS_OF_KEY ", P1
$ WRITE t "  DATA_FILL ", df'P1'
$ WRITE t "  DATA_KEY_COMPRESSION ", dkc'P1'
$ IF P1 .EQ. 0 THEN WRITE t "  DATA_RECORD_COMPRESSION ", drc0
$ WRITE t "  DATA_RECORD_COUNT ", n'P1'
$ WRITE t "  DATA_SPACE_OCCUPIED ", dso'P1'
$ WRITE t "  DEPTH ", dep'P1'
$ IF P1 .GT. 0 THEN WRITE t "  DUPLICATES_PER_SIDR ", dps'P1'
$ WRITE t "  INDEX_COMPRESSION ", ic'P1'
$ WRITE t "  INDEX_FILL ", if'P1'
$ WRITE t "  INDEX_SPACE_OCCUPIED ", iso'P1'
$ WRITE t "  LEVEL1_RECORD_COUNT ", l1'P1'
$ WRITE t "  MEAN_DATA_LENGTH ", mdl'P1'
$ WRITE t "  MEAN_INDEX_LENGTH ", mil'P1'
$ IF P1 .EQ. 0 THEN WRITE t "  LONGEST_RECORD_LENGTH ", lrl0
$ ENDSUBROUTINE
*EXIT*
$ @RUN
%COPY-W-INCOMPAT, SYS$SYSROOT:[SYSMGR.EDF2]T.TMP;1 (input) and SYS$SYSROOT:[SYSMGR.EDF2]N00A.FDL;1 (output) have incompatible attrib
utes
@@ N00 H1.FDL  00000001
FILE
  ALLOCATION 128
  BEST_TRY_CONTIGUOUS no
  BUCKET_SIZE 2
  CLUSTER_SIZE 16
  CONTIGUOUS no
  EXTENSION 0
  ORGANIZATION indexed
RECORD
  BLOCK_SPAN yes
  CARRIAGE_CONTROL carriage_return
  FORMAT fixed
  SIZE 64
AREA 0
  ALLOCATION 128
  BUCKET_SIZE 2
  EXTENSION 0
KEY 0
  CHANGES no
  DATA_KEY_COMPRESSION yes
  DATA_RECORD_COMPRESSION yes
  DATA_AREA 0
  DATA_FILL 100
  DUPLICATES no
  INDEX_AREA 0
  INDEX_COMPRESSION yes
  INDEX_FILL 100
  LEVEL1_INDEX_AREA 0
  NAME ""
  NULL_KEY no
  PROLOG 3
  SEG0_LENGTH 8
  SEG0_POSITION 0
  TYPE string

ANALYSIS_OF_AREA 0
  RECLAIMED_SPACE 0

ANALYSIS_OF_KEY 0
  DATA_FILL 72
  DATA_KEY_COMPRESSION 49
  DATA_RECORD_COMPRESSION 73
  DATA_RECORD_COUNT 1
  DATA_SPACE_OCCUPIED 94
  DEPTH 1
  INDEX_COMPRESSION 28
  INDEX_FILL 34
  INDEX_SPACE_OCCUPIED 2
  LEVEL1_RECORD_COUNT 47
  MEAN_DATA_LENGTH 64
  MEAN_INDEX_LENGTH 10
  LONGEST_RECORD_LENGTH 64
@@ N00 output
IDENT	FDL_VERSION 02	" 7-OCT-2026 04:15:27  OpenVMS FDL Editor"

SYSTEM
	SOURCE			"OpenVMS"

FILE
	ORGANIZATION		indexed
	GLBUFF_FLAGS_V83	none

RECORD
	CARRIAGE_CONTROL	carriage_return
	FORMAT			fixed
	SIZE			64

AREA 0
	ALLOCATION		32
	BEST_TRY_CONTIGUOUS	yes
	BUCKET_SIZE		1
	EXTENSION		16

AREA 1
	ALLOCATION		16
	BEST_TRY_CONTIGUOUS	yes
	BUCKET_SIZE		1
	EXTENSION		16

KEY 0
	CHANGES			no
	DATA_AREA		0
	DATA_FILL		100
	DATA_KEY_COMPRESSION	yes
	DATA_RECORD_COMPRESSION	yes
	DUPLICATES		no
	INDEX_AREA		1
	INDEX_COMPRESSION	no
	INDEX_FILL		100
	LEVEL1_INDEX_AREA	1
	PROLOG			3
	SEG0_LENGTH		8
	SEG0_POSITION		0
	TYPE			string
%COPY-W-INCOMPAT, SYS$SYSROOT:[SYSMGR.EDF2]T.TMP;1 (input) and SYS$SYSROOT:[SYSMGR.EDF2]N01A.FDL;1 (output) have incompatible attrib
utes
@@ N01 H1.FDL  00000001
FILE
  ALLOCATION 128
  BEST_TRY_CONTIGUOUS no
  BUCKET_SIZE 2
  CLUSTER_SIZE 16
  CONTIGUOUS no
  EXTENSION 0
  ORGANIZATION indexed
RECORD
  BLOCK_SPAN yes
  CARRIAGE_CONTROL carriage_return
  FORMAT fixed
  SIZE 64
AREA 0
  ALLOCATION 128
  BUCKET_SIZE 2
  EXTENSION 0
KEY 0
  CHANGES no
  DATA_KEY_COMPRESSION yes
  DATA_RECORD_COMPRESSION yes
  DATA_AREA 0
  DATA_FILL 100
  DUPLICATES no
  INDEX_AREA 0
  INDEX_COMPRESSION yes
  INDEX_FILL 100
  LEVEL1_INDEX_AREA 0
  NAME ""
  NULL_KEY no
  PROLOG 3
  SEG0_LENGTH 8
  SEG0_POSITION 0
  TYPE string

ANALYSIS_OF_AREA 0
  RECLAIMED_SPACE 0

ANALYSIS_OF_KEY 0
  DATA_FILL 72
  DATA_KEY_COMPRESSION 49
  DATA_RECORD_COMPRESSION 73
  DATA_RECORD_COUNT 10
  DATA_SPACE_OCCUPIED 94
  DEPTH 1
  INDEX_COMPRESSION 28
  INDEX_FILL 34
  INDEX_SPACE_OCCUPIED 2
  LEVEL1_RECORD_COUNT 47
  MEAN_DATA_LENGTH 64
  MEAN_INDEX_LENGTH 10
  LONGEST_RECORD_LENGTH 64
@@ N01 output
IDENT	FDL_VERSION 02	" 7-OCT-2026 04:15:27  OpenVMS FDL Editor"

SYSTEM
	SOURCE			"OpenVMS"

FILE
	ORGANIZATION		indexed
	GLBUFF_FLAGS_V83	none

RECORD
	CARRIAGE_CONTROL	carriage_return
	FORMAT			fixed
	SIZE			64

AREA 0
	ALLOCATION		32
	BEST_TRY_CONTIGUOUS	yes
	BUCKET_SIZE		1
	EXTENSION		16

AREA 1
	ALLOCATION		16
	BEST_TRY_CONTIGUOUS	yes
	BUCKET_SIZE		1
	EXTENSION		16

KEY 0
	CHANGES			no
	DATA_AREA		0
	DATA_FILL		100
	DATA_KEY_COMPRESSION	yes
	DATA_RECORD_COMPRESSION	yes
	DUPLICATES		no
	INDEX_AREA		1
	INDEX_COMPRESSION	no
	INDEX_FILL		100
	LEVEL1_INDEX_AREA	1
	PROLOG			3
	SEG0_LENGTH		8
	SEG0_POSITION		0
	TYPE			string
%COPY-W-INCOMPAT, SYS$SYSROOT:[SYSMGR.EDF2]T.TMP;1 (input) and SYS$SYSROOT:[SYSMGR.EDF2]N02A.FDL;1 (output) have incompatible attrib
utes
@@ N02 H1.FDL  00000001
FILE
  ALLOCATION 128
  BEST_TRY_CONTIGUOUS no
  BUCKET_SIZE 2
  CLUSTER_SIZE 16
  CONTIGUOUS no
  EXTENSION 0
  ORGANIZATION indexed
RECORD
  BLOCK_SPAN yes
  CARRIAGE_CONTROL carriage_return
  FORMAT fixed
  SIZE 64
AREA 0
  ALLOCATION 128
  BUCKET_SIZE 2
  EXTENSION 0
KEY 0
  CHANGES no
  DATA_KEY_COMPRESSION yes
  DATA_RECORD_COMPRESSION yes
  DATA_AREA 0
  DATA_FILL 100
  DUPLICATES no
  INDEX_AREA 0
  INDEX_COMPRESSION yes
  INDEX_FILL 100
  LEVEL1_INDEX_AREA 0
  NAME ""
  NULL_KEY no
  PROLOG 3
  SEG0_LENGTH 8
  SEG0_POSITION 0
  TYPE string

ANALYSIS_OF_AREA 0
  RECLAIMED_SPACE 0

ANALYSIS_OF_KEY 0
  DATA_FILL 72
  DATA_KEY_COMPRESSION 49
  DATA_RECORD_COMPRESSION 73
  DATA_RECORD_COUNT 30
  DATA_SPACE_OCCUPIED 94
  DEPTH 1
  INDEX_COMPRESSION 28
  INDEX_FILL 34
  INDEX_SPACE_OCCUPIED 2
  LEVEL1_RECORD_COUNT 47
  MEAN_DATA_LENGTH 64
  MEAN_INDEX_LENGTH 10
  LONGEST_RECORD_LENGTH 64
@@ N02 output
IDENT	FDL_VERSION 02	" 7-OCT-2026 04:15:28  OpenVMS FDL Editor"

SYSTEM
	SOURCE			"OpenVMS"

FILE
	ORGANIZATION		indexed
	GLBUFF_FLAGS_V83	none

RECORD
	CARRIAGE_CONTROL	carriage_return
	FORMAT			fixed
	SIZE			64

AREA 0
	ALLOCATION		32
	BEST_TRY_CONTIGUOUS	yes
	BUCKET_SIZE		1
	EXTENSION		16

AREA 1
	ALLOCATION		16
	BEST_TRY_CONTIGUOUS	yes
	BUCKET_SIZE		1
	EXTENSION		16

KEY 0
	CHANGES			no
	DATA_AREA		0
	DATA_FILL		100
	DATA_KEY_COMPRESSION	yes
	DATA_RECORD_COMPRESSION	yes
	DUPLICATES		no
	INDEX_AREA		1
	INDEX_COMPRESSION	no
	INDEX_FILL		100
	LEVEL1_INDEX_AREA	1
	PROLOG			3
	SEG0_LENGTH		8
	SEG0_POSITION		0
	TYPE			string
%COPY-W-INCOMPAT, SYS$SYSROOT:[SYSMGR.EDF2]T.TMP;1 (input) and SYS$SYSROOT:[SYSMGR.EDF2]N03A.FDL;1 (output) have incompatible attrib
utes
@@ N03 H1.FDL  00000001
FILE
  ALLOCATION 128
  BEST_TRY_CONTIGUOUS no
  BUCKET_SIZE 2
  CLUSTER_SIZE 16
  CONTIGUOUS no
  EXTENSION 0
  ORGANIZATION indexed
RECORD
  BLOCK_SPAN yes
  CARRIAGE_CONTROL carriage_return
  FORMAT fixed
  SIZE 64
AREA 0
  ALLOCATION 128
  BUCKET_SIZE 2
  EXTENSION 0
KEY 0
  CHANGES no
  DATA_KEY_COMPRESSION yes
  DATA_RECORD_COMPRESSION yes
  DATA_AREA 0
  DATA_FILL 100
  DUPLICATES no
  INDEX_AREA 0
  INDEX_COMPRESSION yes
  INDEX_FILL 100
  LEVEL1_INDEX_AREA 0
  NAME ""
  NULL_KEY no
  PROLOG 3
  SEG0_LENGTH 8
  SEG0_POSITION 0
  TYPE string

ANALYSIS_OF_AREA 0
  RECLAIMED_SPACE 0

ANALYSIS_OF_KEY 0
  DATA_FILL 72
  DATA_KEY_COMPRESSION 49
  DATA_RECORD_COMPRESSION 73
  DATA_RECORD_COUNT 100
  DATA_SPACE_OCCUPIED 94
  DEPTH 1
  INDEX_COMPRESSION 28
  INDEX_FILL 34
  INDEX_SPACE_OCCUPIED 2
  LEVEL1_RECORD_COUNT 47
  MEAN_DATA_LENGTH 64
  MEAN_INDEX_LENGTH 10
  LONGEST_RECORD_LENGTH 64
@@ N03 output
IDENT	FDL_VERSION 02	" 7-OCT-2026 04:15:28  OpenVMS FDL Editor"

SYSTEM
	SOURCE			"OpenVMS"

FILE
	ORGANIZATION		indexed
	GLBUFF_FLAGS_V83	none

RECORD
	CARRIAGE_CONTROL	carriage_return
	FORMAT			fixed
	SIZE			64

AREA 0
	ALLOCATION		32
	BEST_TRY_CONTIGUOUS	yes
	BUCKET_SIZE		1
	EXTENSION		16

AREA 1
	ALLOCATION		16
	BEST_TRY_CONTIGUOUS	yes
	BUCKET_SIZE		1
	EXTENSION		16

KEY 0
	CHANGES			no
	DATA_AREA		0
	DATA_FILL		100
	DATA_KEY_COMPRESSION	yes
	DATA_RECORD_COMPRESSION	yes
	DUPLICATES		no
	INDEX_AREA		1
	INDEX_COMPRESSION	no
	INDEX_FILL		100
	LEVEL1_INDEX_AREA	1
	PROLOG			3
	SEG0_LENGTH		8
	SEG0_POSITION		0
	TYPE			string
%COPY-W-INCOMPAT, SYS$SYSROOT:[SYSMGR.EDF2]T.TMP;1 (input) and SYS$SYSROOT:[SYSMGR.EDF2]N04A.FDL;1 (output) have incompatible attrib
utes
@@ N04 H1.FDL  00000001
FILE
  ALLOCATION 128
  BEST_TRY_CONTIGUOUS no
  BUCKET_SIZE 2
  CLUSTER_SIZE 16
  CONTIGUOUS no
  EXTENSION 0
  ORGANIZATION indexed
RECORD
  BLOCK_SPAN yes
  CARRIAGE_CONTROL carriage_return
  FORMAT fixed
  SIZE 64
AREA 0
  ALLOCATION 128
  BUCKET_SIZE 2
  EXTENSION 0
KEY 0
  CHANGES no
  DATA_KEY_COMPRESSION yes
  DATA_RECORD_COMPRESSION yes
  DATA_AREA 0
  DATA_FILL 100
  DUPLICATES no
  INDEX_AREA 0
  INDEX_COMPRESSION yes
  INDEX_FILL 100
  LEVEL1_INDEX_AREA 0
  NAME ""
  NULL_KEY no
  PROLOG 3
  SEG0_LENGTH 8
  SEG0_POSITION 0
  TYPE string

ANALYSIS_OF_AREA 0
  RECLAIMED_SPACE 0

ANALYSIS_OF_KEY 0
  DATA_FILL 72
  DATA_KEY_COMPRESSION 49
  DATA_RECORD_COMPRESSION 73
  DATA_RECORD_COUNT 300
  DATA_SPACE_OCCUPIED 94
  DEPTH 1
  INDEX_COMPRESSION 28
  INDEX_FILL 34
  INDEX_SPACE_OCCUPIED 2
  LEVEL1_RECORD_COUNT 47
  MEAN_DATA_LENGTH 64
  MEAN_INDEX_LENGTH 10
  LONGEST_RECORD_LENGTH 64
@@ N04 output
IDENT	FDL_VERSION 02	" 7-OCT-2026 04:15:28  OpenVMS FDL Editor"

SYSTEM
	SOURCE			"OpenVMS"

FILE
	ORGANIZATION		indexed
	GLBUFF_FLAGS_V83	none

RECORD
	CARRIAGE_CONTROL	carriage_return
	FORMAT			fixed
	SIZE			64

AREA 0
	ALLOCATION		48
	BEST_TRY_CONTIGUOUS	yes
	BUCKET_SIZE		1
	EXTENSION		16

AREA 1
	ALLOCATION		16
	BEST_TRY_CONTIGUOUS	yes
	BUCKET_SIZE		1
	EXTENSION		16

KEY 0
	CHANGES			no
	DATA_AREA		0
	DATA_FILL		100
	DATA_KEY_COMPRESSION	yes
	DATA_RECORD_COMPRESSION	yes
	DUPLICATES		no
	INDEX_AREA		1
	INDEX_COMPRESSION	no
	INDEX_FILL		100
	LEVEL1_INDEX_AREA	1
	PROLOG			3
	SEG0_LENGTH		8
	SEG0_POSITION		0
	TYPE			string
%COPY-W-INCOMPAT, SYS$SYSROOT:[SYSMGR.EDF2]T.TMP;1 (input) and SYS$SYSROOT:[SYSMGR.EDF2]N05A.FDL;1 (output) have incompatible attrib
utes
@@ N05 H1.FDL  00000001
FILE
  ALLOCATION 128
  BEST_TRY_CONTIGUOUS no
  BUCKET_SIZE 2
  CLUSTER_SIZE 16
  CONTIGUOUS no
  EXTENSION 0
  ORGANIZATION indexed
RECORD
  BLOCK_SPAN yes
  CARRIAGE_CONTROL carriage_return
  FORMAT fixed
  SIZE 64
AREA 0
  ALLOCATION 128
  BUCKET_SIZE 2
  EXTENSION 0
KEY 0
  CHANGES no
  DATA_KEY_COMPRESSION yes
  DATA_RECORD_COMPRESSION yes
  DATA_AREA 0
  DATA_FILL 100
  DUPLICATES no
  INDEX_AREA 0
  INDEX_COMPRESSION yes
  INDEX_FILL 100
  LEVEL1_INDEX_AREA 0
  NAME ""
  NULL_KEY no
  PROLOG 3
  SEG0_LENGTH 8
  SEG0_POSITION 0
  TYPE string

ANALYSIS_OF_AREA 0
  RECLAIMED_SPACE 0

ANALYSIS_OF_KEY 0
  DATA_FILL 72
  DATA_KEY_COMPRESSION 49
  DATA_RECORD_COMPRESSION 73
  DATA_RECORD_COUNT 1000
  DATA_SPACE_OCCUPIED 94
  DEPTH 1
  INDEX_COMPRESSION 28
  INDEX_FILL 34
  INDEX_SPACE_OCCUPIED 2
  LEVEL1_RECORD_COUNT 47
  MEAN_DATA_LENGTH 64
  MEAN_INDEX_LENGTH 10
  LONGEST_RECORD_LENGTH 64
@@ N05 output
IDENT	FDL_VERSION 02	" 7-OCT-2026 04:15:28  OpenVMS FDL Editor"

SYSTEM
	SOURCE			"OpenVMS"

FILE
	ORGANIZATION		indexed
	GLBUFF_FLAGS_V83	none

RECORD
	CARRIAGE_CONTROL	carriage_return
	FORMAT			fixed
	SIZE			64

AREA 0
	ALLOCATION		96
	BEST_TRY_CONTIGUOUS	yes
	BUCKET_SIZE		2
	EXTENSION		32

AREA 1
	ALLOCATION		16
	BEST_TRY_CONTIGUOUS	yes
	BUCKET_SIZE		2
	EXTENSION		16

KEY 0
	CHANGES			no
	DATA_AREA		0
	DATA_FILL		100
	DATA_KEY_COMPRESSION	yes
	DATA_RECORD_COMPRESSION	yes
	DUPLICATES		no
	INDEX_AREA		1
	INDEX_COMPRESSION	no
	INDEX_FILL		100
	LEVEL1_INDEX_AREA	1
	PROLOG			3
	SEG0_LENGTH		8
	SEG0_POSITION		0
	TYPE			string
%COPY-W-INCOMPAT, SYS$SYSROOT:[SYSMGR.EDF2]T.TMP;1 (input) and SYS$SYSROOT:[SYSMGR.EDF2]N06A.FDL;1 (output) have incompatible attrib
utes
@@ N06 H1.FDL  00000001
FILE
  ALLOCATION 128
  BEST_TRY_CONTIGUOUS no
  BUCKET_SIZE 2
  CLUSTER_SIZE 16
  CONTIGUOUS no
  EXTENSION 0
  ORGANIZATION indexed
RECORD
  BLOCK_SPAN yes
  CARRIAGE_CONTROL carriage_return
  FORMAT fixed
  SIZE 64
AREA 0
  ALLOCATION 128
  BUCKET_SIZE 2
  EXTENSION 0
KEY 0
  CHANGES no
  DATA_KEY_COMPRESSION yes
  DATA_RECORD_COMPRESSION yes
  DATA_AREA 0
  DATA_FILL 100
  DUPLICATES no
  INDEX_AREA 0
  INDEX_COMPRESSION yes
  INDEX_FILL 100
  LEVEL1_INDEX_AREA 0
  NAME ""
  NULL_KEY no
  PROLOG 3
  SEG0_LENGTH 8
  SEG0_POSITION 0
  TYPE string

ANALYSIS_OF_AREA 0
  RECLAIMED_SPACE 0

ANALYSIS_OF_KEY 0
  DATA_FILL 72
  DATA_KEY_COMPRESSION 49
  DATA_RECORD_COMPRESSION 73
  DATA_RECORD_COUNT 3000
  DATA_SPACE_OCCUPIED 94
  DEPTH 1
  INDEX_COMPRESSION 28
  INDEX_FILL 34
  INDEX_SPACE_OCCUPIED 2
  LEVEL1_RECORD_COUNT 47
  MEAN_DATA_LENGTH 64
  MEAN_INDEX_LENGTH 10
  LONGEST_RECORD_LENGTH 64
@@ N06 output
IDENT	FDL_VERSION 02	" 7-OCT-2026 04:15:29  OpenVMS FDL Editor"

SYSTEM
	SOURCE			"OpenVMS"

FILE
	ORGANIZATION		indexed
	GLBUFF_FLAGS_V83	none

RECORD
	CARRIAGE_CONTROL	carriage_return
	FORMAT			fixed
	SIZE			64

AREA 0
	ALLOCATION		256
	BEST_TRY_CONTIGUOUS	yes
	BUCKET_SIZE		3
	EXTENSION		96

AREA 1
	ALLOCATION		48
	BEST_TRY_CONTIGUOUS	yes
	BUCKET_SIZE		3
	EXTENSION		48

KEY 0
	CHANGES			no
	DATA_AREA		0
	DATA_FILL		100
	DATA_KEY_COMPRESSION	yes
	DATA_RECORD_COMPRESSION	yes
	DUPLICATES		no
	INDEX_AREA		1
	INDEX_COMPRESSION	no
	INDEX_FILL		100
	LEVEL1_INDEX_AREA	1
	PROLOG			3
	SEG0_LENGTH		8
	SEG0_POSITION		0
	TYPE			string
%COPY-W-INCOMPAT, SYS$SYSROOT:[SYSMGR.EDF2]T.TMP;1 (input) and SYS$SYSROOT:[SYSMGR.EDF2]N07A.FDL;1 (output) have incompatible attrib
utes
@@ N07 H1.FDL  00000001
FILE
  ALLOCATION 128
  BEST_TRY_CONTIGUOUS no
  BUCKET_SIZE 2
  CLUSTER_SIZE 16
  CONTIGUOUS no
  EXTENSION 0
  ORGANIZATION indexed
RECORD
  BLOCK_SPAN yes
  CARRIAGE_CONTROL carriage_return
  FORMAT fixed
  SIZE 64
AREA 0
  ALLOCATION 128
  BUCKET_SIZE 2
  EXTENSION 0
KEY 0
  CHANGES no
  DATA_KEY_COMPRESSION yes
  DATA_RECORD_COMPRESSION yes
  DATA_AREA 0
  DATA_FILL 100
  DUPLICATES no
  INDEX_AREA 0
  INDEX_COMPRESSION yes
  INDEX_FILL 100
  LEVEL1_INDEX_AREA 0
  NAME ""
  NULL_KEY no
  PROLOG 3
  SEG0_LENGTH 8
  SEG0_POSITION 0
  TYPE string

ANALYSIS_OF_AREA 0
  RECLAIMED_SPACE 0

ANALYSIS_OF_KEY 0
  DATA_FILL 72
  DATA_KEY_COMPRESSION 49
  DATA_RECORD_COMPRESSION 73
  DATA_RECORD_COUNT 10000
  DATA_SPACE_OCCUPIED 94
  DEPTH 1
  INDEX_COMPRESSION 28
  INDEX_FILL 34
  INDEX_SPACE_OCCUPIED 2
  LEVEL1_RECORD_COUNT 47
  MEAN_DATA_LENGTH 64
  MEAN_INDEX_LENGTH 10
  LONGEST_RECORD_LENGTH 64
@@ N07 output
IDENT	FDL_VERSION 02	" 7-OCT-2026 04:15:29  OpenVMS FDL Editor"

SYSTEM
	SOURCE			"OpenVMS"

FILE
	ORGANIZATION		indexed
	GLBUFF_FLAGS_V83	none

RECORD
	CARRIAGE_CONTROL	carriage_return
	FORMAT			fixed
	SIZE			64

AREA 0
	ALLOCATION		736
	BEST_TRY_CONTIGUOUS	yes
	BUCKET_SIZE		5
	EXTENSION		240

AREA 1
	ALLOCATION		80
	BEST_TRY_CONTIGUOUS	yes
	BUCKET_SIZE		5
	EXTENSION		80

KEY 0
	CHANGES			no
	DATA_AREA		0
	DATA_FILL		100
	DATA_KEY_COMPRESSION	yes
	DATA_RECORD_COMPRESSION	yes
	DUPLICATES		no
	INDEX_AREA		1
	INDEX_COMPRESSION	no
	INDEX_FILL		100
	LEVEL1_INDEX_AREA	1
	PROLOG			3
	SEG0_LENGTH		8
	SEG0_POSITION		0
	TYPE			string
%COPY-W-INCOMPAT, SYS$SYSROOT:[SYSMGR.EDF2]T.TMP;1 (input) and SYS$SYSROOT:[SYSMGR.EDF2]N08A.FDL;1 (output) have incompatible attrib
utes
@@ N08 H1.FDL  00000001
FILE
  ALLOCATION 128
  BEST_TRY_CONTIGUOUS no
  BUCKET_SIZE 2
  CLUSTER_SIZE 16
  CONTIGUOUS no
  EXTENSION 0
  ORGANIZATION indexed
RECORD
  BLOCK_SPAN yes
  CARRIAGE_CONTROL carriage_return
  FORMAT fixed
  SIZE 64
AREA 0
  ALLOCATION 128
  BUCKET_SIZE 2
  EXTENSION 0
KEY 0
  CHANGES no
  DATA_KEY_COMPRESSION yes
  DATA_RECORD_COMPRESSION yes
  DATA_AREA 0
  DATA_FILL 100
  DUPLICATES no
  INDEX_AREA 0
  INDEX_COMPRESSION yes
  INDEX_FILL 100
  LEVEL1_INDEX_AREA 0
  NAME ""
  NULL_KEY no
  PROLOG 3
  SEG0_LENGTH 8
  SEG0_POSITION 0
  TYPE string

ANALYSIS_OF_AREA 0
  RECLAIMED_SPACE 0

ANALYSIS_OF_KEY 0
  DATA_FILL 72
  DATA_KEY_COMPRESSION 49
  DATA_RECORD_COMPRESSION 73
  DATA_RECORD_COUNT 30000
  DATA_SPACE_OCCUPIED 94
  DEPTH 1
  INDEX_COMPRESSION 28
  INDEX_FILL 34
  INDEX_SPACE_OCCUPIED 2
  LEVEL1_RECORD_COUNT 47
  MEAN_DATA_LENGTH 64
  MEAN_INDEX_LENGTH 10
  LONGEST_RECORD_LENGTH 64
@@ N08 output
IDENT	FDL_VERSION 02	" 7-OCT-2026 04:15:29  OpenVMS FDL Editor"

SYSTEM
	SOURCE			"OpenVMS"

FILE
	ORGANIZATION		indexed
	GLBUFF_FLAGS_V83	none

RECORD
	CARRIAGE_CONTROL	carriage_return
	FORMAT			fixed
	SIZE			64

AREA 0
	ALLOCATION		2096
	BEST_TRY_CONTIGUOUS	yes
	BUCKET_SIZE		8
	EXTENSION		528

AREA 1
	ALLOCATION		16
	BEST_TRY_CONTIGUOUS	yes
	BUCKET_SIZE		8
	EXTENSION		16

KEY 0
	CHANGES			no
	DATA_AREA		0
	DATA_FILL		100
	DATA_KEY_COMPRESSION	yes
	DATA_RECORD_COMPRESSION	yes
	DUPLICATES		no
	INDEX_AREA		1
	INDEX_COMPRESSION	no
	INDEX_FILL		100
	LEVEL1_INDEX_AREA	1
	PROLOG			3
	SEG0_LENGTH		8
	SEG0_POSITION		0
	TYPE			string
%COPY-W-INCOMPAT, SYS$SYSROOT:[SYSMGR.EDF2]T.TMP;1 (input) and SYS$SYSROOT:[SYSMGR.EDF2]N09A.FDL;1 (output) have incompatible attrib
utes
@@ N09 H1.FDL  00000001
FILE
  ALLOCATION 128
  BEST_TRY_CONTIGUOUS no
  BUCKET_SIZE 2
  CLUSTER_SIZE 16
  CONTIGUOUS no
  EXTENSION 0
  ORGANIZATION indexed
RECORD
  BLOCK_SPAN yes
  CARRIAGE_CONTROL carriage_return
  FORMAT fixed
  SIZE 64
AREA 0
  ALLOCATION 128
  BUCKET_SIZE 2
  EXTENSION 0
KEY 0
  CHANGES no
  DATA_KEY_COMPRESSION yes
  DATA_RECORD_COMPRESSION yes
  DATA_AREA 0
  DATA_FILL 100
  DUPLICATES no
  INDEX_AREA 0
  INDEX_COMPRESSION yes
  INDEX_FILL 100
  LEVEL1_INDEX_AREA 0
  NAME ""
  NULL_KEY no
  PROLOG 3
  SEG0_LENGTH 8
  SEG0_POSITION 0
  TYPE string

ANALYSIS_OF_AREA 0
  RECLAIMED_SPACE 0

ANALYSIS_OF_KEY 0
  DATA_FILL 72
  DATA_KEY_COMPRESSION 49
  DATA_RECORD_COMPRESSION 73
  DATA_RECORD_COUNT 100000
  DATA_SPACE_OCCUPIED 94
  DEPTH 1
  INDEX_COMPRESSION 28
  INDEX_FILL 34
  INDEX_SPACE_OCCUPIED 2
  LEVEL1_RECORD_COUNT 47
  MEAN_DATA_LENGTH 64
  MEAN_INDEX_LENGTH 10
  LONGEST_RECORD_LENGTH 64
@@ N09 output
IDENT	FDL_VERSION 02	" 7-OCT-2026 04:15:29  OpenVMS FDL Editor"

SYSTEM
	SOURCE			"OpenVMS"

FILE
	ORGANIZATION		indexed
	GLBUFF_FLAGS_V83	none

RECORD
	CARRIAGE_CONTROL	carriage_return
	FORMAT			fixed
	SIZE			64

AREA 0
	ALLOCATION		6896
	BEST_TRY_CONTIGUOUS	yes
	BUCKET_SIZE		16
	EXTENSION		1728

AREA 1
	ALLOCATION		16
	BEST_TRY_CONTIGUOUS	yes
	BUCKET_SIZE		16
	EXTENSION		16

KEY 0
	CHANGES			no
	DATA_AREA		0
	DATA_FILL		100
	DATA_KEY_COMPRESSION	yes
	DATA_RECORD_COMPRESSION	yes
	DUPLICATES		no
	INDEX_AREA		1
	INDEX_COMPRESSION	no
	INDEX_FILL		100
	LEVEL1_INDEX_AREA	1
	PROLOG			3
	SEG0_LENGTH		8
	SEG0_POSITION		0
	TYPE			string
%COPY-W-INCOMPAT, SYS$SYSROOT:[SYSMGR.EDF2]T.TMP;1 (input) and SYS$SYSROOT:[SYSMGR.EDF2]N10A.FDL;1 (output) have incompatible attrib
utes
@@ N10 H1.FDL  00000001
FILE
  ALLOCATION 128
  BEST_TRY_CONTIGUOUS no
  BUCKET_SIZE 2
  CLUSTER_SIZE 16
  CONTIGUOUS no
  EXTENSION 0
  ORGANIZATION indexed
RECORD
  BLOCK_SPAN yes
  CARRIAGE_CONTROL carriage_return
  FORMAT fixed
  SIZE 64
AREA 0
  ALLOCATION 128
  BUCKET_SIZE 2
  EXTENSION 0
KEY 0
  CHANGES no
  DATA_KEY_COMPRESSION yes
  DATA_RECORD_COMPRESSION yes
  DATA_AREA 0
  DATA_FILL 100
  DUPLICATES no
  INDEX_AREA 0
  INDEX_COMPRESSION yes
  INDEX_FILL 100
  LEVEL1_INDEX_AREA 0
  NAME ""
  NULL_KEY no
  PROLOG 3
  SEG0_LENGTH 8
  SEG0_POSITION 0
  TYPE string

ANALYSIS_OF_AREA 0
  RECLAIMED_SPACE 0

ANALYSIS_OF_KEY 0
  DATA_FILL 72
  DATA_KEY_COMPRESSION 49
  DATA_RECORD_COMPRESSION 73
  DATA_RECORD_COUNT 1000000
  DATA_SPACE_OCCUPIED 94
  DEPTH 1
  INDEX_COMPRESSION 28
  INDEX_FILL 34
  INDEX_SPACE_OCCUPIED 2
  LEVEL1_RECORD_COUNT 47
  MEAN_DATA_LENGTH 64
  MEAN_INDEX_LENGTH 10
  LONGEST_RECORD_LENGTH 64
@@ N10 output
IDENT	FDL_VERSION 02	" 7-OCT-2026 04:15:30  OpenVMS FDL Editor"

SYSTEM
	SOURCE			"OpenVMS"

FILE
	ORGANIZATION		indexed
	GLBUFF_FLAGS_V83	none

RECORD
	CARRIAGE_CONTROL	carriage_return
	FORMAT			fixed
	SIZE			64

AREA 0
	ALLOCATION		68992
	BEST_TRY_CONTIGUOUS	yes
	BUCKET_SIZE		4
	EXTENSION		17248

AREA 1
	ALLOCATION		416
	BEST_TRY_CONTIGUOUS	yes
	BUCKET_SIZE		4
	EXTENSION		112

KEY 0
	CHANGES			no
	DATA_AREA		0
	DATA_FILL		100
	DATA_KEY_COMPRESSION	yes
	DATA_RECORD_COMPRESSION	yes
	DUPLICATES		no
	INDEX_AREA		1
	INDEX_COMPRESSION	no
	INDEX_FILL		100
	LEVEL1_INDEX_AREA	1
	PROLOG			3
	SEG0_LENGTH		8
	SEG0_POSITION		0
	TYPE			string
%COPY-W-INCOMPAT, SYS$SYSROOT:[SYSMGR.EDF2]T.TMP;1 (input) and SYS$SYSROOT:[SYSMGR.EDF2]P00A.FDL;1 (output) have incompatible attrib
utes
@@ P00 H1.FDL  00000001
FILE
  ALLOCATION 128
  BEST_TRY_CONTIGUOUS no
  BUCKET_SIZE 2
  CLUSTER_SIZE 16
  CONTIGUOUS no
  EXTENSION 0
  ORGANIZATION indexed
RECORD
  BLOCK_SPAN yes
  CARRIAGE_CONTROL carriage_return
  FORMAT fixed
  SIZE 64
AREA 0
  ALLOCATION 128
  BUCKET_SIZE 2
  EXTENSION 0
KEY 0
  CHANGES no
  DATA_KEY_COMPRESSION yes
  DATA_RECORD_COMPRESSION yes
  DATA_AREA 0
  DATA_FILL 100
  DUPLICATES no
  INDEX_AREA 0
  INDEX_COMPRESSION yes
  INDEX_FILL 100
  LEVEL1_INDEX_AREA 0
  NAME ""
  NULL_KEY no
  PROLOG 3
  SEG0_LENGTH 8
  SEG0_POSITION 0
  TYPE string

ANALYSIS_OF_AREA 0
  RECLAIMED_SPACE 0

ANALYSIS_OF_KEY 0
  DATA_FILL 72
  DATA_KEY_COMPRESSION 0
  DATA_RECORD_COMPRESSION 73
  DATA_RECORD_COUNT 10000
  DATA_SPACE_OCCUPIED 94
  DEPTH 1
  INDEX_COMPRESSION 28
  INDEX_FILL 34
  INDEX_SPACE_OCCUPIED 2
  LEVEL1_RECORD_COUNT 47
  MEAN_DATA_LENGTH 64
  MEAN_INDEX_LENGTH 10
  LONGEST_RECORD_LENGTH 64
@@ P00 output
IDENT	FDL_VERSION 02	" 7-OCT-2026 04:15:30  OpenVMS FDL Editor"

SYSTEM
	SOURCE			"OpenVMS"

FILE
	ORGANIZATION		indexed
	GLBUFF_FLAGS_V83	none

RECORD
	CARRIAGE_CONTROL	carriage_return
	FORMAT			fixed
	SIZE			64

AREA 0
	ALLOCATION		816
	BEST_TRY_CONTIGUOUS	yes
	BUCKET_SIZE		5
	EXTENSION		240

AREA 1
	ALLOCATION		80
	BEST_TRY_CONTIGUOUS	yes
	BUCKET_SIZE		5
	EXTENSION		80

KEY 0
	CHANGES			no
	DATA_AREA		0
	DATA_FILL		100
	DATA_KEY_COMPRESSION	yes
	DATA_RECORD_COMPRESSION	yes
	DUPLICATES		no
	INDEX_AREA		1
	INDEX_COMPRESSION	no
	INDEX_FILL		100
	LEVEL1_INDEX_AREA	1
	PROLOG			3
	SEG0_LENGTH		8
	SEG0_POSITION		0
	TYPE			string
%COPY-W-INCOMPAT, SYS$SYSROOT:[SYSMGR.EDF2]T.TMP;1 (input) and SYS$SYSROOT:[SYSMGR.EDF2]P01A.FDL;1 (output) have incompatible attrib
utes
@@ P01 H1.FDL  00000001
FILE
  ALLOCATION 128
  BEST_TRY_CONTIGUOUS no
  BUCKET_SIZE 2
  CLUSTER_SIZE 16
  CONTIGUOUS no
  EXTENSION 0
  ORGANIZATION indexed
RECORD
  BLOCK_SPAN yes
  CARRIAGE_CONTROL carriage_return
  FORMAT fixed
  SIZE 64
AREA 0
  ALLOCATION 128
  BUCKET_SIZE 2
  EXTENSION 0
KEY 0
  CHANGES no
  DATA_KEY_COMPRESSION yes
  DATA_RECORD_COMPRESSION yes
  DATA_AREA 0
  DATA_FILL 100
  DUPLICATES no
  INDEX_AREA 0
  INDEX_COMPRESSION yes
  INDEX_FILL 100
  LEVEL1_INDEX_AREA 0
  NAME ""
  NULL_KEY no
  PROLOG 3
  SEG0_LENGTH 8
  SEG0_POSITION 0
  TYPE string

ANALYSIS_OF_AREA 0
  RECLAIMED_SPACE 0

ANALYSIS_OF_KEY 0
  DATA_FILL 72
  DATA_KEY_COMPRESSION 90
  DATA_RECORD_COMPRESSION 73
  DATA_RECORD_COUNT 10000
  DATA_SPACE_OCCUPIED 94
  DEPTH 1
  INDEX_COMPRESSION 28
  INDEX_FILL 34
  INDEX_SPACE_OCCUPIED 2
  LEVEL1_RECORD_COUNT 47
  MEAN_DATA_LENGTH 64
  MEAN_INDEX_LENGTH 10
  LONGEST_RECORD_LENGTH 64
@@ P01 output
IDENT	FDL_VERSION 02	" 7-OCT-2026 04:15:30  OpenVMS FDL Editor"

SYSTEM
	SOURCE			"OpenVMS"

FILE
	ORGANIZATION		indexed
	GLBUFF_FLAGS_V83	none

RECORD
	CARRIAGE_CONTROL	carriage_return
	FORMAT			fixed
	SIZE			64

AREA 0
	ALLOCATION		640
	BEST_TRY_CONTIGUOUS	yes
	BUCKET_SIZE		4
	EXTENSION		160

AREA 1
	ALLOCATION		16
	BEST_TRY_CONTIGUOUS	yes
	BUCKET_SIZE		4
	EXTENSION		16

KEY 0
	CHANGES			no
	DATA_AREA		0
	DATA_FILL		100
	DATA_KEY_COMPRESSION	yes
	DATA_RECORD_COMPRESSION	yes
	DUPLICATES		no
	INDEX_AREA		1
	INDEX_COMPRESSION	no
	INDEX_FILL		100
	LEVEL1_INDEX_AREA	1
	PROLOG			3
	SEG0_LENGTH		8
	SEG0_POSITION		0
	TYPE			string
%COPY-W-INCOMPAT, SYS$SYSROOT:[SYSMGR.EDF2]T.TMP;1 (input) and SYS$SYSROOT:[SYSMGR.EDF2]P02A.FDL;1 (output) have incompatible attrib
utes
@@ P02 H1.FDL  00000001
FILE
  ALLOCATION 128
  BEST_TRY_CONTIGUOUS no
  BUCKET_SIZE 2
  CLUSTER_SIZE 16
  CONTIGUOUS no
  EXTENSION 0
  ORGANIZATION indexed
RECORD
  BLOCK_SPAN yes
  CARRIAGE_CONTROL carriage_return
  FORMAT fixed
  SIZE 64
AREA 0
  ALLOCATION 128
  BUCKET_SIZE 2
  EXTENSION 0
KEY 0
  CHANGES no
  DATA_KEY_COMPRESSION yes
  DATA_RECORD_COMPRESSION yes
  DATA_AREA 0
  DATA_FILL 100
  DUPLICATES no
  INDEX_AREA 0
  INDEX_COMPRESSION yes
  INDEX_FILL 100
  LEVEL1_INDEX_AREA 0
  NAME ""
  NULL_KEY no
  PROLOG 3
  SEG0_LENGTH 8
  SEG0_POSITION 0
  TYPE string

ANALYSIS_OF_AREA 0
  RECLAIMED_SPACE 0

ANALYSIS_OF_KEY 0
  DATA_FILL 72
  DATA_KEY_COMPRESSION 49
  DATA_RECORD_COMPRESSION 0
  DATA_RECORD_COUNT 10000
  DATA_SPACE_OCCUPIED 94
  DEPTH 1
  INDEX_COMPRESSION 28
  INDEX_FILL 34
  INDEX_SPACE_OCCUPIED 2
  LEVEL1_RECORD_COUNT 47
  MEAN_DATA_LENGTH 64
  MEAN_INDEX_LENGTH 10
  LONGEST_RECORD_LENGTH 64
@@ P02 output
IDENT	FDL_VERSION 02	" 7-OCT-2026 04:15:30  OpenVMS FDL Editor"

SYSTEM
	SOURCE			"OpenVMS"

FILE
	ORGANIZATION		indexed
	GLBUFF_FLAGS_V83	none

RECORD
	CARRIAGE_CONTROL	carriage_return
	FORMAT			fixed
	SIZE			64

AREA 0
	ALLOCATION		1504
	BEST_TRY_CONTIGUOUS	yes
	BUCKET_SIZE		8
	EXTENSION		384

AREA 1
	ALLOCATION		16
	BEST_TRY_CONTIGUOUS	yes
	BUCKET_SIZE		8
	EXTENSION		16

KEY 0
	CHANGES			no
	DATA_AREA		0
	DATA_FILL		100
	DATA_KEY_COMPRESSION	yes
	DATA_RECORD_COMPRESSION	yes
	DUPLICATES		no
	INDEX_AREA		1
	INDEX_COMPRESSION	no
	INDEX_FILL		100
	LEVEL1_INDEX_AREA	1
	PROLOG			3
	SEG0_LENGTH		8
	SEG0_POSITION		0
	TYPE			string
%COPY-W-INCOMPAT, SYS$SYSROOT:[SYSMGR.EDF2]T.TMP;1 (input) and SYS$SYSROOT:[SYSMGR.EDF2]P03A.FDL;1 (output) have incompatible attrib
utes
@@ P03 H1.FDL  00000001
FILE
  ALLOCATION 128
  BEST_TRY_CONTIGUOUS no
  BUCKET_SIZE 2
  CLUSTER_SIZE 16
  CONTIGUOUS no
  EXTENSION 0
  ORGANIZATION indexed
RECORD
  BLOCK_SPAN yes
  CARRIAGE_CONTROL carriage_return
  FORMAT fixed
  SIZE 64
AREA 0
  ALLOCATION 128
  BUCKET_SIZE 2
  EXTENSION 0
KEY 0
  CHANGES no
  DATA_KEY_COMPRESSION yes
  DATA_RECORD_COMPRESSION yes
  DATA_AREA 0
  DATA_FILL 100
  DUPLICATES no
  INDEX_AREA 0
  INDEX_COMPRESSION yes
  INDEX_FILL 100
  LEVEL1_INDEX_AREA 0
  NAME ""
  NULL_KEY no
  PROLOG 3
  SEG0_LENGTH 8
  SEG0_POSITION 0
  TYPE string

ANALYSIS_OF_AREA 0
  RECLAIMED_SPACE 0

ANALYSIS_OF_KEY 0
  DATA_FILL 72
  DATA_KEY_COMPRESSION 49
  DATA_RECORD_COMPRESSION 90
  DATA_RECORD_COUNT 10000
  DATA_SPACE_OCCUPIED 94
  DEPTH 1
  INDEX_COMPRESSION 28
  INDEX_FILL 34
  INDEX_SPACE_OCCUPIED 2
  LEVEL1_RECORD_COUNT 47
  MEAN_DATA_LENGTH 64
  MEAN_INDEX_LENGTH 10
  LONGEST_RECORD_LENGTH 64
@@ P03 output
IDENT	FDL_VERSION 02	" 7-OCT-2026 04:15:31  OpenVMS FDL Editor"

SYSTEM
	SOURCE			"OpenVMS"

FILE
	ORGANIZATION		indexed
	GLBUFF_FLAGS_V83	none

RECORD
	CARRIAGE_CONTROL	carriage_return
	FORMAT			fixed
	SIZE			64

AREA 0
	ALLOCATION		512
	BEST_TRY_CONTIGUOUS	yes
	BUCKET_SIZE		4
	EXTENSION		128

AREA 1
	ALLOCATION		16
	BEST_TRY_CONTIGUOUS	yes
	BUCKET_SIZE		4
	EXTENSION		16

KEY 0
	CHANGES			no
	DATA_AREA		0
	DATA_FILL		100
	DATA_KEY_COMPRESSION	yes
	DATA_RECORD_COMPRESSION	yes
	DUPLICATES		no
	INDEX_AREA		1
	INDEX_COMPRESSION	no
	INDEX_FILL		100
	LEVEL1_INDEX_AREA	1
	PROLOG			3
	SEG0_LENGTH		8
	SEG0_POSITION		0
	TYPE			string
%COPY-W-INCOMPAT, SYS$SYSROOT:[SYSMGR.EDF2]T.TMP;1 (input) and SYS$SYSROOT:[SYSMGR.EDF2]P04A.FDL;1 (output) have incompatible attrib
utes
@@ P04 H1.FDL  00000001
FILE
  ALLOCATION 128
  BEST_TRY_CONTIGUOUS no
  BUCKET_SIZE 2
  CLUSTER_SIZE 16
  CONTIGUOUS no
  EXTENSION 0
  ORGANIZATION indexed
RECORD
  BLOCK_SPAN yes
  CARRIAGE_CONTROL carriage_return
  FORMAT fixed
  SIZE 64
AREA 0
  ALLOCATION 128
  BUCKET_SIZE 2
  EXTENSION 0
KEY 0
  CHANGES no
  DATA_KEY_COMPRESSION yes
  DATA_RECORD_COMPRESSION yes
  DATA_AREA 0
  DATA_FILL 100
  DUPLICATES no
  INDEX_AREA 0
  INDEX_COMPRESSION yes
  INDEX_FILL 100
  LEVEL1_INDEX_AREA 0
  NAME ""
  NULL_KEY no
  PROLOG 3
  SEG0_LENGTH 8
  SEG0_POSITION 0
  TYPE string

ANALYSIS_OF_AREA 0
  RECLAIMED_SPACE 0

ANALYSIS_OF_KEY 0
  DATA_FILL 72
  DATA_KEY_COMPRESSION 49
  DATA_RECORD_COMPRESSION 73
  DATA_RECORD_COUNT 10000
  DATA_SPACE_OCCUPIED 94
  DEPTH 1
  INDEX_COMPRESSION 0
  INDEX_FILL 34
  INDEX_SPACE_OCCUPIED 2
  LEVEL1_RECORD_COUNT 47
  MEAN_DATA_LENGTH 64
  MEAN_INDEX_LENGTH 10
  LONGEST_RECORD_LENGTH 64
@@ P04 output
IDENT	FDL_VERSION 02	" 7-OCT-2026 04:15:31  OpenVMS FDL Editor"

SYSTEM
	SOURCE			"OpenVMS"

FILE
	ORGANIZATION		indexed
	GLBUFF_FLAGS_V83	none

RECORD
	CARRIAGE_CONTROL	carriage_return
	FORMAT			fixed
	SIZE			64

AREA 0
	ALLOCATION		736
	BEST_TRY_CONTIGUOUS	yes
	BUCKET_SIZE		5
	EXTENSION		240

AREA 1
	ALLOCATION		80
	BEST_TRY_CONTIGUOUS	yes
	BUCKET_SIZE		5
	EXTENSION		80

KEY 0
	CHANGES			no
	DATA_AREA		0
	DATA_FILL		100
	DATA_KEY_COMPRESSION	yes
	DATA_RECORD_COMPRESSION	yes
	DUPLICATES		no
	INDEX_AREA		1
	INDEX_COMPRESSION	no
	INDEX_FILL		100
	LEVEL1_INDEX_AREA	1
	PROLOG			3
	SEG0_LENGTH		8
	SEG0_POSITION		0
	TYPE			string
%COPY-W-INCOMPAT, SYS$SYSROOT:[SYSMGR.EDF2]T.TMP;1 (input) and SYS$SYSROOT:[SYSMGR.EDF2]P05A.FDL;1 (output) have incompatible attrib
utes
@@ P05 H1.FDL  00000001
FILE
  ALLOCATION 128
  BEST_TRY_CONTIGUOUS no
  BUCKET_SIZE 2
  CLUSTER_SIZE 16
  CONTIGUOUS no
  EXTENSION 0
  ORGANIZATION indexed
RECORD
  BLOCK_SPAN yes
  CARRIAGE_CONTROL carriage_return
  FORMAT fixed
  SIZE 64
AREA 0
  ALLOCATION 128
  BUCKET_SIZE 2
  EXTENSION 0
KEY 0
  CHANGES no
  DATA_KEY_COMPRESSION yes
  DATA_RECORD_COMPRESSION yes
  DATA_AREA 0
  DATA_FILL 100
  DUPLICATES no
  INDEX_AREA 0
  INDEX_COMPRESSION yes
  INDEX_FILL 100
  LEVEL1_INDEX_AREA 0
  NAME ""
  NULL_KEY no
  PROLOG 3
  SEG0_LENGTH 8
  SEG0_POSITION 0
  TYPE string

ANALYSIS_OF_AREA 0
  RECLAIMED_SPACE 0

ANALYSIS_OF_KEY 0
  DATA_FILL 72
  DATA_KEY_COMPRESSION 49
  DATA_RECORD_COMPRESSION 73
  DATA_RECORD_COUNT 10000
  DATA_SPACE_OCCUPIED 94
  DEPTH 1
  INDEX_COMPRESSION 90
  INDEX_FILL 34
  INDEX_SPACE_OCCUPIED 2
  LEVEL1_RECORD_COUNT 47
  MEAN_DATA_LENGTH 64
  MEAN_INDEX_LENGTH 10
  LONGEST_RECORD_LENGTH 64
@@ P05 output
IDENT	FDL_VERSION 02	" 7-OCT-2026 04:15:31  OpenVMS FDL Editor"

SYSTEM
	SOURCE			"OpenVMS"

FILE
	ORGANIZATION		indexed
	GLBUFF_FLAGS_V83	none

RECORD
	CARRIAGE_CONTROL	carriage_return
	FORMAT			fixed
	SIZE			64

AREA 0
	ALLOCATION		736
	BEST_TRY_CONTIGUOUS	yes
	BUCKET_SIZE		5
	EXTENSION		240

AREA 1
	ALLOCATION		80
	BEST_TRY_CONTIGUOUS	yes
	BUCKET_SIZE		5
	EXTENSION		80

KEY 0
	CHANGES			no
	DATA_AREA		0
	DATA_FILL		100
	DATA_KEY_COMPRESSION	yes
	DATA_RECORD_COMPRESSION	yes
	DUPLICATES		no
	INDEX_AREA		1
	INDEX_COMPRESSION	no
	INDEX_FILL		100
	LEVEL1_INDEX_AREA	1
	PROLOG			3
	SEG0_LENGTH		8
	SEG0_POSITION		0
	TYPE			string
%COPY-W-INCOMPAT, SYS$SYSROOT:[SYSMGR.EDF2]T.TMP;1 (input) and SYS$SYSROOT:[SYSMGR.EDF2]P06A.FDL;1 (output) have incompatible attrib
utes
@@ P06 H1.FDL  00000001
FILE
  ALLOCATION 128
  BEST_TRY_CONTIGUOUS no
  BUCKET_SIZE 2
  CLUSTER_SIZE 16
  CONTIGUOUS no
  EXTENSION 0
  ORGANIZATION indexed
RECORD
  BLOCK_SPAN yes
  CARRIAGE_CONTROL carriage_return
  FORMAT fixed
  SIZE 64
AREA 0
  ALLOCATION 128
  BUCKET_SIZE 2
  EXTENSION 0
KEY 0
  CHANGES no
  DATA_KEY_COMPRESSION yes
  DATA_RECORD_COMPRESSION yes
  DATA_AREA 0
  DATA_FILL 100
  DUPLICATES no
  INDEX_AREA 0
  INDEX_COMPRESSION yes
  INDEX_FILL 100
  LEVEL1_INDEX_AREA 0
  NAME ""
  NULL_KEY no
  PROLOG 3
  SEG0_LENGTH 8
  SEG0_POSITION 0
  TYPE string

ANALYSIS_OF_AREA 0
  RECLAIMED_SPACE 0

ANALYSIS_OF_KEY 0
  DATA_FILL 72
  DATA_KEY_COMPRESSION 49
  DATA_RECORD_COMPRESSION 73
  DATA_RECORD_COUNT 10000
  DATA_SPACE_OCCUPIED 94
  DEPTH 1
  INDEX_COMPRESSION 28
  INDEX_FILL 34
  INDEX_SPACE_OCCUPIED 2
  LEVEL1_RECORD_COUNT 47
  MEAN_DATA_LENGTH 64
  MEAN_INDEX_LENGTH 4
  LONGEST_RECORD_LENGTH 64
@@ P06 output
IDENT	FDL_VERSION 02	" 7-OCT-2026 04:15:31  OpenVMS FDL Editor"

SYSTEM
	SOURCE			"OpenVMS"

FILE
	ORGANIZATION		indexed
	GLBUFF_FLAGS_V83	none

RECORD
	CARRIAGE_CONTROL	carriage_return
	FORMAT			fixed
	SIZE			64

AREA 0
	ALLOCATION		736
	BEST_TRY_CONTIGUOUS	yes
	BUCKET_SIZE		5
	EXTENSION		240

AREA 1
	ALLOCATION		80
	BEST_TRY_CONTIGUOUS	yes
	BUCKET_SIZE		5
	EXTENSION		80

KEY 0
	CHANGES			no
	DATA_AREA		0
	DATA_FILL		100
	DATA_KEY_COMPRESSION	yes
	DATA_RECORD_COMPRESSION	yes
	DUPLICATES		no
	INDEX_AREA		1
	INDEX_COMPRESSION	no
	INDEX_FILL		100
	LEVEL1_INDEX_AREA	1
	PROLOG			3
	SEG0_LENGTH		8
	SEG0_POSITION		0
	TYPE			string
%COPY-W-INCOMPAT, SYS$SYSROOT:[SYSMGR.EDF2]T.TMP;1 (input) and SYS$SYSROOT:[SYSMGR.EDF2]P07A.FDL;1 (output) have incompatible attrib
utes
@@ P07 H1.FDL  00000001
FILE
  ALLOCATION 128
  BEST_TRY_CONTIGUOUS no
  BUCKET_SIZE 2
  CLUSTER_SIZE 16
  CONTIGUOUS no
  EXTENSION 0
  ORGANIZATION indexed
RECORD
  BLOCK_SPAN yes
  CARRIAGE_CONTROL carriage_return
  FORMAT fixed
  SIZE 64
AREA 0
  ALLOCATION 128
  BUCKET_SIZE 2
  EXTENSION 0
KEY 0
  CHANGES no
  DATA_KEY_COMPRESSION yes
  DATA_RECORD_COMPRESSION yes
  DATA_AREA 0
  DATA_FILL 100
  DUPLICATES no
  INDEX_AREA 0
  INDEX_COMPRESSION yes
  INDEX_FILL 100
  LEVEL1_INDEX_AREA 0
  NAME ""
  NULL_KEY no
  PROLOG 3
  SEG0_LENGTH 8
  SEG0_POSITION 0
  TYPE string

ANALYSIS_OF_AREA 0
  RECLAIMED_SPACE 0

ANALYSIS_OF_KEY 0
  DATA_FILL 72
  DATA_KEY_COMPRESSION 49
  DATA_RECORD_COMPRESSION 73
  DATA_RECORD_COUNT 10000
  DATA_SPACE_OCCUPIED 94
  DEPTH 1
  INDEX_COMPRESSION 28
  INDEX_FILL 34
  INDEX_SPACE_OCCUPIED 2
  LEVEL1_RECORD_COUNT 47
  MEAN_DATA_LENGTH 64
  MEAN_INDEX_LENGTH 60
  LONGEST_RECORD_LENGTH 64
@@ P07 output
IDENT	FDL_VERSION 02	" 7-OCT-2026 04:15:32  OpenVMS FDL Editor"

SYSTEM
	SOURCE			"OpenVMS"

FILE
	ORGANIZATION		indexed
	GLBUFF_FLAGS_V83	none

RECORD
	CARRIAGE_CONTROL	carriage_return
	FORMAT			fixed
	SIZE			64

AREA 0
	ALLOCATION		736
	BEST_TRY_CONTIGUOUS	yes
	BUCKET_SIZE		5
	EXTENSION		240

AREA 1
	ALLOCATION		80
	BEST_TRY_CONTIGUOUS	yes
	BUCKET_SIZE		5
	EXTENSION		80

KEY 0
	CHANGES			no
	DATA_AREA		0
	DATA_FILL		100
	DATA_KEY_COMPRESSION	yes
	DATA_RECORD_COMPRESSION	yes
	DUPLICATES		no
	INDEX_AREA		1
	INDEX_COMPRESSION	no
	INDEX_FILL		100
	LEVEL1_INDEX_AREA	1
	PROLOG			3
	SEG0_LENGTH		8
	SEG0_POSITION		0
	TYPE			string
%COPY-W-INCOMPAT, SYS$SYSROOT:[SYSMGR.EDF2]T.TMP;1 (input) and SYS$SYSROOT:[SYSMGR.EDF2]P08A.FDL;1 (output) have incompatible attrib
utes
@@ P08 H1.FDL  00000001
FILE
  ALLOCATION 128
  BEST_TRY_CONTIGUOUS no
  BUCKET_SIZE 2
  CLUSTER_SIZE 16
  CONTIGUOUS no
  EXTENSION 0
  ORGANIZATION indexed
RECORD
  BLOCK_SPAN yes
  CARRIAGE_CONTROL carriage_return
  FORMAT fixed
  SIZE 64
AREA 0
  ALLOCATION 128
  BUCKET_SIZE 2
  EXTENSION 0
KEY 0
  CHANGES no
  DATA_KEY_COMPRESSION yes
  DATA_RECORD_COMPRESSION yes
  DATA_AREA 0
  DATA_FILL 100
  DUPLICATES no
  INDEX_AREA 0
  INDEX_COMPRESSION yes
  INDEX_FILL 100
  LEVEL1_INDEX_AREA 0
  NAME ""
  NULL_KEY no
  PROLOG 3
  SEG0_LENGTH 8
  SEG0_POSITION 0
  TYPE string

ANALYSIS_OF_AREA 0
  RECLAIMED_SPACE 0

ANALYSIS_OF_KEY 0
  DATA_FILL 50
  DATA_KEY_COMPRESSION 49
  DATA_RECORD_COMPRESSION 73
  DATA_RECORD_COUNT 10000
  DATA_SPACE_OCCUPIED 94
  DEPTH 1
  INDEX_COMPRESSION 28
  INDEX_FILL 34
  INDEX_SPACE_OCCUPIED 2
  LEVEL1_RECORD_COUNT 47
  MEAN_DATA_LENGTH 64
  MEAN_INDEX_LENGTH 10
  LONGEST_RECORD_LENGTH 64
@@ P08 output
IDENT	FDL_VERSION 02	" 7-OCT-2026 04:15:32  OpenVMS FDL Editor"

SYSTEM
	SOURCE			"OpenVMS"

FILE
	ORGANIZATION		indexed
	GLBUFF_FLAGS_V83	none

RECORD
	CARRIAGE_CONTROL	carriage_return
	FORMAT			fixed
	SIZE			64

AREA 0
	ALLOCATION		736
	BEST_TRY_CONTIGUOUS	yes
	BUCKET_SIZE		5
	EXTENSION		240

AREA 1
	ALLOCATION		80
	BEST_TRY_CONTIGUOUS	yes
	BUCKET_SIZE		5
	EXTENSION		80

KEY 0
	CHANGES			no
	DATA_AREA		0
	DATA_FILL		100
	DATA_KEY_COMPRESSION	yes
	DATA_RECORD_COMPRESSION	yes
	DUPLICATES		no
	INDEX_AREA		1
	INDEX_COMPRESSION	no
	INDEX_FILL		100
	LEVEL1_INDEX_AREA	1
	PROLOG			3
	SEG0_LENGTH		8
	SEG0_POSITION		0
	TYPE			string
%COPY-W-INCOMPAT, SYS$SYSROOT:[SYSMGR.EDF2]T.TMP;1 (input) and SYS$SYSROOT:[SYSMGR.EDF2]P09A.FDL;1 (output) have incompatible attrib
utes
@@ P09 H1.FDL  00000001
FILE
  ALLOCATION 128
  BEST_TRY_CONTIGUOUS no
  BUCKET_SIZE 2
  CLUSTER_SIZE 16
  CONTIGUOUS no
  EXTENSION 0
  ORGANIZATION indexed
RECORD
  BLOCK_SPAN yes
  CARRIAGE_CONTROL carriage_return
  FORMAT fixed
  SIZE 64
AREA 0
  ALLOCATION 128
  BUCKET_SIZE 2
  EXTENSION 0
KEY 0
  CHANGES no
  DATA_KEY_COMPRESSION yes
  DATA_RECORD_COMPRESSION yes
  DATA_AREA 0
  DATA_FILL 100
  DUPLICATES no
  INDEX_AREA 0
  INDEX_COMPRESSION yes
  INDEX_FILL 100
  LEVEL1_INDEX_AREA 0
  NAME ""
  NULL_KEY no
  PROLOG 3
  SEG0_LENGTH 8
  SEG0_POSITION 0
  TYPE string

ANALYSIS_OF_AREA 0
  RECLAIMED_SPACE 0

ANALYSIS_OF_KEY 0
  DATA_FILL 72
  DATA_KEY_COMPRESSION 49
  DATA_RECORD_COMPRESSION 73
  DATA_RECORD_COUNT 10000
  DATA_SPACE_OCCUPIED 94
  DEPTH 1
  INDEX_COMPRESSION 28
  INDEX_FILL 50
  INDEX_SPACE_OCCUPIED 2
  LEVEL1_RECORD_COUNT 47
  MEAN_DATA_LENGTH 64
  MEAN_INDEX_LENGTH 10
  LONGEST_RECORD_LENGTH 64
@@ P09 output
IDENT	FDL_VERSION 02	" 7-OCT-2026 04:15:32  OpenVMS FDL Editor"

SYSTEM
	SOURCE			"OpenVMS"

FILE
	ORGANIZATION		indexed
	GLBUFF_FLAGS_V83	none

RECORD
	CARRIAGE_CONTROL	carriage_return
	FORMAT			fixed
	SIZE			64

AREA 0
	ALLOCATION		736
	BEST_TRY_CONTIGUOUS	yes
	BUCKET_SIZE		5
	EXTENSION		240

AREA 1
	ALLOCATION		80
	BEST_TRY_CONTIGUOUS	yes
	BUCKET_SIZE		5
	EXTENSION		80

KEY 0
	CHANGES			no
	DATA_AREA		0
	DATA_FILL		100
	DATA_KEY_COMPRESSION	yes
	DATA_RECORD_COMPRESSION	yes
	DUPLICATES		no
	INDEX_AREA		1
	INDEX_COMPRESSION	no
	INDEX_FILL		100
	LEVEL1_INDEX_AREA	1
	PROLOG			3
	SEG0_LENGTH		8
	SEG0_POSITION		0
	TYPE			string
%COPY-W-INCOMPAT, SYS$SYSROOT:[SYSMGR.EDF2]T.TMP;1 (input) and SYS$SYSROOT:[SYSMGR.EDF2]P10A.FDL;1 (output) have incompatible attrib
utes
@@ P10 H1.FDL  00000001
FILE
  ALLOCATION 128
  BEST_TRY_CONTIGUOUS no
  BUCKET_SIZE 2
  CLUSTER_SIZE 16
  CONTIGUOUS no
  EXTENSION 0
  ORGANIZATION indexed
RECORD
  BLOCK_SPAN yes
  CARRIAGE_CONTROL carriage_return
  FORMAT fixed
  SIZE 64
AREA 0
  ALLOCATION 128
  BUCKET_SIZE 2
  EXTENSION 0
KEY 0
  CHANGES no
  DATA_KEY_COMPRESSION yes
  DATA_RECORD_COMPRESSION yes
  DATA_AREA 0
  DATA_FILL 100
  DUPLICATES no
  INDEX_AREA 0
  INDEX_COMPRESSION yes
  INDEX_FILL 100
  LEVEL1_INDEX_AREA 0
  NAME ""
  NULL_KEY no
  PROLOG 3
  SEG0_LENGTH 8
  SEG0_POSITION 0
  TYPE string

ANALYSIS_OF_AREA 0
  RECLAIMED_SPACE 0

ANALYSIS_OF_KEY 0
  DATA_FILL 72
  DATA_KEY_COMPRESSION 49
  DATA_RECORD_COMPRESSION 73
  DATA_RECORD_COUNT 10000
  DATA_SPACE_OCCUPIED 94
  DEPTH 3
  INDEX_COMPRESSION 28
  INDEX_FILL 34
  INDEX_SPACE_OCCUPIED 2
  LEVEL1_RECORD_COUNT 47
  MEAN_DATA_LENGTH 64
  MEAN_INDEX_LENGTH 10
  LONGEST_RECORD_LENGTH 64
@@ P10 output
IDENT	FDL_VERSION 02	" 7-OCT-2026 04:15:32  OpenVMS FDL Editor"

SYSTEM
	SOURCE			"OpenVMS"

FILE
	ORGANIZATION		indexed
	GLBUFF_FLAGS_V83	none

RECORD
	CARRIAGE_CONTROL	carriage_return
	FORMAT			fixed
	SIZE			64

AREA 0
	ALLOCATION		736
	BEST_TRY_CONTIGUOUS	yes
	BUCKET_SIZE		5
	EXTENSION		240

AREA 1
	ALLOCATION		80
	BEST_TRY_CONTIGUOUS	yes
	BUCKET_SIZE		5
	EXTENSION		80

KEY 0
	CHANGES			no
	DATA_AREA		0
	DATA_FILL		100
	DATA_KEY_COMPRESSION	yes
	DATA_RECORD_COMPRESSION	yes
	DUPLICATES		no
	INDEX_AREA		1
	INDEX_COMPRESSION	no
	INDEX_FILL		100
	LEVEL1_INDEX_AREA	1
	PROLOG			3
	SEG0_LENGTH		8
	SEG0_POSITION		0
	TYPE			string
%COPY-W-INCOMPAT, SYS$SYSROOT:[SYSMGR.EDF2]T.TMP;1 (input) and SYS$SYSROOT:[SYSMGR.EDF2]P11A.FDL;1 (output) have incompatible attrib
utes
@@ P11 H1.FDL  00000001
FILE
  ALLOCATION 128
  BEST_TRY_CONTIGUOUS no
  BUCKET_SIZE 2
  CLUSTER_SIZE 16
  CONTIGUOUS no
  EXTENSION 0
  ORGANIZATION indexed
RECORD
  BLOCK_SPAN yes
  CARRIAGE_CONTROL carriage_return
  FORMAT fixed
  SIZE 64
AREA 0
  ALLOCATION 128
  BUCKET_SIZE 2
  EXTENSION 0
KEY 0
  CHANGES no
  DATA_KEY_COMPRESSION yes
  DATA_RECORD_COMPRESSION yes
  DATA_AREA 0
  DATA_FILL 100
  DUPLICATES no
  INDEX_AREA 0
  INDEX_COMPRESSION yes
  INDEX_FILL 100
  LEVEL1_INDEX_AREA 0
  NAME ""
  NULL_KEY no
  PROLOG 3
  SEG0_LENGTH 8
  SEG0_POSITION 0
  TYPE string

ANALYSIS_OF_AREA 0
  RECLAIMED_SPACE 0

ANALYSIS_OF_KEY 0
  DATA_FILL 72
  DATA_KEY_COMPRESSION 49
  DATA_RECORD_COMPRESSION 73
  DATA_RECORD_COUNT 10000
  DATA_SPACE_OCCUPIED 9999
  DEPTH 1
  INDEX_COMPRESSION 28
  INDEX_FILL 34
  INDEX_SPACE_OCCUPIED 2
  LEVEL1_RECORD_COUNT 47
  MEAN_DATA_LENGTH 64
  MEAN_INDEX_LENGTH 10
  LONGEST_RECORD_LENGTH 64
@@ P11 output
IDENT	FDL_VERSION 02	" 7-OCT-2026 04:15:33  OpenVMS FDL Editor"

SYSTEM
	SOURCE			"OpenVMS"

FILE
	ORGANIZATION		indexed
	GLBUFF_FLAGS_V83	none

RECORD
	CARRIAGE_CONTROL	carriage_return
	FORMAT			fixed
	SIZE			64

AREA 0
	ALLOCATION		736
	BEST_TRY_CONTIGUOUS	yes
	BUCKET_SIZE		5
	EXTENSION		240

AREA 1
	ALLOCATION		80
	BEST_TRY_CONTIGUOUS	yes
	BUCKET_SIZE		5
	EXTENSION		80

KEY 0
	CHANGES			no
	DATA_AREA		0
	DATA_FILL		100
	DATA_KEY_COMPRESSION	yes
	DATA_RECORD_COMPRESSION	yes
	DUPLICATES		no
	INDEX_AREA		1
	INDEX_COMPRESSION	no
	INDEX_FILL		100
	LEVEL1_INDEX_AREA	1
	PROLOG			3
	SEG0_LENGTH		8
	SEG0_POSITION		0
	TYPE			string
%COPY-W-INCOMPAT, SYS$SYSROOT:[SYSMGR.EDF2]T.TMP;1 (input) and SYS$SYSROOT:[SYSMGR.EDF2]P12A.FDL;1 (output) have incompatible attrib
utes
@@ P12 H1.FDL  00000001
FILE
  ALLOCATION 128
  BEST_TRY_CONTIGUOUS no
  BUCKET_SIZE 2
  CLUSTER_SIZE 16
  CONTIGUOUS no
  EXTENSION 0
  ORGANIZATION indexed
RECORD
  BLOCK_SPAN yes
  CARRIAGE_CONTROL carriage_return
  FORMAT fixed
  SIZE 64
AREA 0
  ALLOCATION 128
  BUCKET_SIZE 2
  EXTENSION 0
KEY 0
  CHANGES no
  DATA_KEY_COMPRESSION yes
  DATA_RECORD_COMPRESSION yes
  DATA_AREA 0
  DATA_FILL 100
  DUPLICATES no
  INDEX_AREA 0
  INDEX_COMPRESSION yes
  INDEX_FILL 100
  LEVEL1_INDEX_AREA 0
  NAME ""
  NULL_KEY no
  PROLOG 3
  SEG0_LENGTH 8
  SEG0_POSITION 0
  TYPE string

ANALYSIS_OF_AREA 0
  RECLAIMED_SPACE 0

ANALYSIS_OF_KEY 0
  DATA_FILL 72
  DATA_KEY_COMPRESSION 49
  DATA_RECORD_COMPRESSION 73
  DATA_RECORD_COUNT 10000
  DATA_SPACE_OCCUPIED 94
  DEPTH 1
  INDEX_COMPRESSION 28
  INDEX_FILL 34
  INDEX_SPACE_OCCUPIED 2
  LEVEL1_RECORD_COUNT 9999
  MEAN_DATA_LENGTH 64
  MEAN_INDEX_LENGTH 10
  LONGEST_RECORD_LENGTH 64
@@ P12 output
IDENT	FDL_VERSION 02	" 7-OCT-2026 04:15:33  OpenVMS FDL Editor"

SYSTEM
	SOURCE			"OpenVMS"

FILE
	ORGANIZATION		indexed
	GLBUFF_FLAGS_V83	none

RECORD
	CARRIAGE_CONTROL	carriage_return
	FORMAT			fixed
	SIZE			64

AREA 0
	ALLOCATION		736
	BEST_TRY_CONTIGUOUS	yes
	BUCKET_SIZE		5
	EXTENSION		240

AREA 1
	ALLOCATION		80
	BEST_TRY_CONTIGUOUS	yes
	BUCKET_SIZE		5
	EXTENSION		80

KEY 0
	CHANGES			no
	DATA_AREA		0
	DATA_FILL		100
	DATA_KEY_COMPRESSION	yes
	DATA_RECORD_COMPRESSION	yes
	DUPLICATES		no
	INDEX_AREA		1
	INDEX_COMPRESSION	no
	INDEX_FILL		100
	LEVEL1_INDEX_AREA	1
	PROLOG			3
	SEG0_LENGTH		8
	SEG0_POSITION		0
	TYPE			string
%COPY-W-INCOMPAT, SYS$SYSROOT:[SYSMGR.EDF2]T.TMP;1 (input) and SYS$SYSROOT:[SYSMGR.EDF2]P13A.FDL;1 (output) have incompatible attrib
utes
@@ P13 H1.FDL  00000001
FILE
  ALLOCATION 128
  BEST_TRY_CONTIGUOUS no
  BUCKET_SIZE 2
  CLUSTER_SIZE 16
  CONTIGUOUS no
  EXTENSION 0
  ORGANIZATION indexed
RECORD
  BLOCK_SPAN yes
  CARRIAGE_CONTROL carriage_return
  FORMAT fixed
  SIZE 64
AREA 0
  ALLOCATION 128
  BUCKET_SIZE 2
  EXTENSION 0
KEY 0
  CHANGES no
  DATA_KEY_COMPRESSION yes
  DATA_RECORD_COMPRESSION yes
  DATA_AREA 0
  DATA_FILL 100
  DUPLICATES no
  INDEX_AREA 0
  INDEX_COMPRESSION yes
  INDEX_FILL 100
  LEVEL1_INDEX_AREA 0
  NAME ""
  NULL_KEY no
  PROLOG 3
  SEG0_LENGTH 8
  SEG0_POSITION 0
  TYPE string

ANALYSIS_OF_AREA 0
  RECLAIMED_SPACE 0

ANALYSIS_OF_KEY 0
  DATA_FILL 72
  DATA_KEY_COMPRESSION 49
  DATA_RECORD_COMPRESSION 73
  DATA_RECORD_COUNT 10000
  DATA_SPACE_OCCUPIED 94
  DEPTH 1
  INDEX_COMPRESSION 28
  INDEX_FILL 34
  INDEX_SPACE_OCCUPIED 2
  LEVEL1_RECORD_COUNT 47
  MEAN_DATA_LENGTH 32
  MEAN_INDEX_LENGTH 10
  LONGEST_RECORD_LENGTH 64
@@ P13 output
IDENT	FDL_VERSION 02	" 7-OCT-2026 04:15:33  OpenVMS FDL Editor"

SYSTEM
	SOURCE			"OpenVMS"

FILE
	ORGANIZATION		indexed
	GLBUFF_FLAGS_V83	none

RECORD
	CARRIAGE_CONTROL	carriage_return
	FORMAT			fixed
	SIZE			64

AREA 0
	ALLOCATION		736
	BEST_TRY_CONTIGUOUS	yes
	BUCKET_SIZE		5
	EXTENSION		240

AREA 1
	ALLOCATION		80
	BEST_TRY_CONTIGUOUS	yes
	BUCKET_SIZE		5
	EXTENSION		80

KEY 0
	CHANGES			no
	DATA_AREA		0
	DATA_FILL		100
	DATA_KEY_COMPRESSION	yes
	DATA_RECORD_COMPRESSION	yes
	DUPLICATES		no
	INDEX_AREA		1
	INDEX_COMPRESSION	no
	INDEX_FILL		100
	LEVEL1_INDEX_AREA	1
	PROLOG			3
	SEG0_LENGTH		8
	SEG0_POSITION		0
	TYPE			string
%COPY-W-INCOMPAT, SYS$SYSROOT:[SYSMGR.EDF2]T.TMP;1 (input) and SYS$SYSROOT:[SYSMGR.EDF2]P14A.FDL;1 (output) have incompatible attrib
utes
@@ P14 H1.FDL  00000001
FILE
  ALLOCATION 128
  BEST_TRY_CONTIGUOUS no
  BUCKET_SIZE 2
  CLUSTER_SIZE 16
  CONTIGUOUS no
  EXTENSION 0
  ORGANIZATION indexed
RECORD
  BLOCK_SPAN yes
  CARRIAGE_CONTROL carriage_return
  FORMAT fixed
  SIZE 64
AREA 0
  ALLOCATION 128
  BUCKET_SIZE 2
  EXTENSION 0
KEY 0
  CHANGES no
  DATA_KEY_COMPRESSION yes
  DATA_RECORD_COMPRESSION yes
  DATA_AREA 0
  DATA_FILL 100
  DUPLICATES no
  INDEX_AREA 0
  INDEX_COMPRESSION yes
  INDEX_FILL 100
  LEVEL1_INDEX_AREA 0
  NAME ""
  NULL_KEY no
  PROLOG 3
  SEG0_LENGTH 8
  SEG0_POSITION 0
  TYPE string

ANALYSIS_OF_AREA 0
  RECLAIMED_SPACE 0

ANALYSIS_OF_KEY 0
  DATA_FILL 72
  DATA_KEY_COMPRESSION 49
  DATA_RECORD_COMPRESSION 73
  DATA_RECORD_COUNT 10000
  DATA_SPACE_OCCUPIED 94
  DEPTH 1
  INDEX_COMPRESSION 28
  INDEX_FILL 34
  INDEX_SPACE_OCCUPIED 2
  LEVEL1_RECORD_COUNT 47
  MEAN_DATA_LENGTH 64
  MEAN_INDEX_LENGTH 10
  LONGEST_RECORD_LENGTH 200
@@ P14 output
IDENT	FDL_VERSION 02	" 7-OCT-2026 04:15:33  OpenVMS FDL Editor"

SYSTEM
	SOURCE			"OpenVMS"

FILE
	ORGANIZATION		indexed
	GLBUFF_FLAGS_V83	none

RECORD
	CARRIAGE_CONTROL	carriage_return
	FORMAT			fixed
	SIZE			64

AREA 0
	ALLOCATION		736
	BEST_TRY_CONTIGUOUS	yes
	BUCKET_SIZE		5
	EXTENSION		240

AREA 1
	ALLOCATION		80
	BEST_TRY_CONTIGUOUS	yes
	BUCKET_SIZE		5
	EXTENSION		80

KEY 0
	CHANGES			no
	DATA_AREA		0
	DATA_FILL		100
	DATA_KEY_COMPRESSION	yes
	DATA_RECORD_COMPRESSION	yes
	DUPLICATES		no
	INDEX_AREA		1
	INDEX_COMPRESSION	no
	INDEX_FILL		100
	LEVEL1_INDEX_AREA	1
	PROLOG			3
	SEG0_LENGTH		8
	SEG0_POSITION		0
	TYPE			string
%COPY-W-INCOMPAT, SYS$SYSROOT:[SYSMGR.EDF2]T.TMP;1 (input) and SYS$SYSROOT:[SYSMGR.EDF2]P15A.FDL;1 (output) have incompatible attrib
utes
@@ P15 H1.FDL  00000001
FILE
  ALLOCATION 128
  BEST_TRY_CONTIGUOUS no
  BUCKET_SIZE 2
  CLUSTER_SIZE 16
  CONTIGUOUS no
  EXTENSION 0
  ORGANIZATION indexed
RECORD
  BLOCK_SPAN yes
  CARRIAGE_CONTROL carriage_return
  FORMAT fixed
  SIZE 64
AREA 0
  ALLOCATION 128
  BUCKET_SIZE 2
  EXTENSION 0
KEY 0
  CHANGES no
  DATA_KEY_COMPRESSION yes
  DATA_RECORD_COMPRESSION yes
  DATA_AREA 0
  DATA_FILL 100
  DUPLICATES no
  INDEX_AREA 0
  INDEX_COMPRESSION yes
  INDEX_FILL 100
  LEVEL1_INDEX_AREA 0
  NAME ""
  NULL_KEY no
  PROLOG 3
  SEG0_LENGTH 8
  SEG0_POSITION 0
  TYPE string

ANALYSIS_OF_AREA 0
  RECLAIMED_SPACE 0

ANALYSIS_OF_KEY 0
  DATA_FILL 72
  DATA_KEY_COMPRESSION 49
  DATA_RECORD_COMPRESSION 73
  DATA_RECORD_COUNT 10000
  DATA_SPACE_OCCUPIED 94
  DEPTH 1
  INDEX_COMPRESSION 28
  INDEX_FILL 34
  INDEX_SPACE_OCCUPIED 999
  LEVEL1_RECORD_COUNT 47
  MEAN_DATA_LENGTH 64
  MEAN_INDEX_LENGTH 10
  LONGEST_RECORD_LENGTH 64
@@ P15 output
IDENT	FDL_VERSION 02	" 7-OCT-2026 04:15:34  OpenVMS FDL Editor"

SYSTEM
	SOURCE			"OpenVMS"

FILE
	ORGANIZATION		indexed
	GLBUFF_FLAGS_V83	none

RECORD
	CARRIAGE_CONTROL	carriage_return
	FORMAT			fixed
	SIZE			64

AREA 0
	ALLOCATION		736
	BEST_TRY_CONTIGUOUS	yes
	BUCKET_SIZE		5
	EXTENSION		240

AREA 1
	ALLOCATION		80
	BEST_TRY_CONTIGUOUS	yes
	BUCKET_SIZE		5
	EXTENSION		80

KEY 0
	CHANGES			no
	DATA_AREA		0
	DATA_FILL		100
	DATA_KEY_COMPRESSION	yes
	DATA_RECORD_COMPRESSION	yes
	DUPLICATES		no
	INDEX_AREA		1
	INDEX_COMPRESSION	no
	INDEX_FILL		100
	LEVEL1_INDEX_AREA	1
	PROLOG			3
	SEG0_LENGTH		8
	SEG0_POSITION		0
	TYPE			string
%COPY-W-INCOMPAT, SYS$SYSROOT:[SYSMGR.EDF2]T.TMP;1 (input) and SYS$SYSROOT:[SYSMGR.EDF2]T00A.FDL;1 (output) have incompatible attrib
utes
@@ T00 H2.FDL  00000001
FILE
  ALLOCATION 128
  BEST_TRY_CONTIGUOUS no
  BUCKET_SIZE 2
  CLUSTER_SIZE 16
  CONTIGUOUS no
  EXTENSION 0
  ORGANIZATION indexed
RECORD
  BLOCK_SPAN yes
  CARRIAGE_CONTROL carriage_return
  FORMAT fixed
  SIZE 64
AREA 0
  ALLOCATION 128
  BUCKET_SIZE 2
  EXTENSION 0
KEY 0
  CHANGES no
  DATA_KEY_COMPRESSION yes
  DATA_RECORD_COMPRESSION yes
  DATA_AREA 0
  DATA_FILL 100
  DUPLICATES no
  INDEX_AREA 0
  INDEX_COMPRESSION yes
  INDEX_FILL 100
  LEVEL1_INDEX_AREA 0
  NAME ""
  NULL_KEY no
  PROLOG 3
  SEG0_LENGTH 8
  SEG0_POSITION 0
  TYPE string
KEY 1
  CHANGES yes
  DATA_KEY_COMPRESSION yes
  DATA_AREA 0
  DATA_FILL 100
  DUPLICATES yes
  INDEX_AREA 0
  INDEX_COMPRESSION yes
  INDEX_FILL 100
  LEVEL1_INDEX_AREA 0
  NAME ""
  NULL_KEY no
  SEG0_LENGTH 10
  SEG0_POSITION 8
  TYPE string

ANALYSIS_OF_AREA 0
  RECLAIMED_SPACE 0

ANALYSIS_OF_KEY 0
  DATA_FILL 72
  DATA_KEY_COMPRESSION 49
  DATA_RECORD_COMPRESSION 73
  DATA_RECORD_COUNT 1000
  DATA_SPACE_OCCUPIED 94
  DEPTH 1
  INDEX_COMPRESSION 28
  INDEX_FILL 34
  INDEX_SPACE_OCCUPIED 2
  LEVEL1_RECORD_COUNT 47
  MEAN_DATA_LENGTH 64
  MEAN_INDEX_LENGTH 10
  LONGEST_RECORD_LENGTH 64

ANALYSIS_OF_KEY 1
  DATA_FILL 66
  DATA_KEY_COMPRESSION 56
  DATA_RECORD_COUNT 50
  DATA_SPACE_OCCUPIED 16
  DEPTH 1
  DUPLICATES_PER_SIDR 19
  INDEX_COMPRESSION 44
  INDEX_FILL 6
  INDEX_SPACE_OCCUPIED 2
  LEVEL1_RECORD_COUNT 8
  MEAN_DATA_LENGTH 106
  MEAN_INDEX_LENGTH 12
@@ T00 output
IDENT	FDL_VERSION 02	" 7-OCT-2026 04:15:34  OpenVMS FDL Editor"

SYSTEM
	SOURCE			"OpenVMS"

FILE
	ORGANIZATION		indexed
	GLBUFF_FLAGS_V83	none

RECORD
	CARRIAGE_CONTROL	carriage_return
	FORMAT			fixed
	SIZE			64

AREA 0
	ALLOCATION		96
	BEST_TRY_CONTIGUOUS	yes
	BUCKET_SIZE		2
	EXTENSION		32

AREA 1
	ALLOCATION		16
	BEST_TRY_CONTIGUOUS	yes
	BUCKET_SIZE		2
	EXTENSION		16

AREA 2
	ALLOCATION		32
	BEST_TRY_CONTIGUOUS	yes
	BUCKET_SIZE		1
	EXTENSION		32

KEY 0
	CHANGES			no
	DATA_AREA		0
	DATA_FILL		100
	DATA_KEY_COMPRESSION	yes
	DATA_RECORD_COMPRESSION	yes
	DUPLICATES		no
	INDEX_AREA		1
	INDEX_COMPRESSION	no
	INDEX_FILL		100
	LEVEL1_INDEX_AREA	1
	PROLOG			3
	SEG0_LENGTH		8
	SEG0_POSITION		0
	TYPE			string

KEY 1
	CHANGES			yes
	DATA_AREA		2
	DATA_FILL		100
	DATA_KEY_COMPRESSION	yes
	DUPLICATES		yes
	INDEX_AREA		2
	INDEX_COMPRESSION	no
	INDEX_FILL		100
	LEVEL1_INDEX_AREA	2
	SEG0_LENGTH		10
	SEG0_POSITION		8
	TYPE			string
%COPY-W-INCOMPAT, SYS$SYSROOT:[SYSMGR.EDF2]T.TMP;1 (input) and SYS$SYSROOT:[SYSMGR.EDF2]T01A.FDL;1 (output) have incompatible attrib
utes
@@ T01 H2.FDL  00000001
FILE
  ALLOCATION 128
  BEST_TRY_CONTIGUOUS no
  BUCKET_SIZE 2
  CLUSTER_SIZE 16
  CONTIGUOUS no
  EXTENSION 0
  ORGANIZATION indexed
RECORD
  BLOCK_SPAN yes
  CARRIAGE_CONTROL carriage_return
  FORMAT fixed
  SIZE 64
AREA 0
  ALLOCATION 128
  BUCKET_SIZE 2
  EXTENSION 0
KEY 0
  CHANGES no
  DATA_KEY_COMPRESSION yes
  DATA_RECORD_COMPRESSION yes
  DATA_AREA 0
  DATA_FILL 100
  DUPLICATES no
  INDEX_AREA 0
  INDEX_COMPRESSION yes
  INDEX_FILL 100
  LEVEL1_INDEX_AREA 0
  NAME ""
  NULL_KEY no
  PROLOG 3
  SEG0_LENGTH 8
  SEG0_POSITION 0
  TYPE string
KEY 1
  CHANGES yes
  DATA_KEY_COMPRESSION yes
  DATA_AREA 0
  DATA_FILL 100
  DUPLICATES yes
  INDEX_AREA 0
  INDEX_COMPRESSION yes
  INDEX_FILL 100
  LEVEL1_INDEX_AREA 0
  NAME ""
  NULL_KEY no
  SEG0_LENGTH 10
  SEG0_POSITION 8
  TYPE string

ANALYSIS_OF_AREA 0
  RECLAIMED_SPACE 0

ANALYSIS_OF_KEY 0
  DATA_FILL 72
  DATA_KEY_COMPRESSION 49
  DATA_RECORD_COMPRESSION 73
  DATA_RECORD_COUNT 100000
  DATA_SPACE_OCCUPIED 94
  DEPTH 1
  INDEX_COMPRESSION 28
  INDEX_FILL 34
  INDEX_SPACE_OCCUPIED 2
  LEVEL1_RECORD_COUNT 47
  MEAN_DATA_LENGTH 64
  MEAN_INDEX_LENGTH 10
  LONGEST_RECORD_LENGTH 64

ANALYSIS_OF_KEY 1
  DATA_FILL 66
  DATA_KEY_COMPRESSION 56
  DATA_RECORD_COUNT 50
  DATA_SPACE_OCCUPIED 16
  DEPTH 1
  DUPLICATES_PER_SIDR 19
  INDEX_COMPRESSION 44
  INDEX_FILL 6
  INDEX_SPACE_OCCUPIED 2
  LEVEL1_RECORD_COUNT 8
  MEAN_DATA_LENGTH 106
  MEAN_INDEX_LENGTH 12
@@ T01 output
IDENT	FDL_VERSION 02	" 7-OCT-2026 04:15:34  OpenVMS FDL Editor"

SYSTEM
	SOURCE			"OpenVMS"

FILE
	ORGANIZATION		indexed
	GLBUFF_FLAGS_V83	none

RECORD
	CARRIAGE_CONTROL	carriage_return
	FORMAT			fixed
	SIZE			64

AREA 0
	ALLOCATION		6896
	BEST_TRY_CONTIGUOUS	yes
	BUCKET_SIZE		16
	EXTENSION		1728

AREA 1
	ALLOCATION		16
	BEST_TRY_CONTIGUOUS	yes
	BUCKET_SIZE		16
	EXTENSION		16

AREA 2
	ALLOCATION		32
	BEST_TRY_CONTIGUOUS	yes
	BUCKET_SIZE		1
	EXTENSION		32

KEY 0
	CHANGES			no
	DATA_AREA		0
	DATA_FILL		100
	DATA_KEY_COMPRESSION	yes
	DATA_RECORD_COMPRESSION	yes
	DUPLICATES		no
	INDEX_AREA		1
	INDEX_COMPRESSION	no
	INDEX_FILL		100
	LEVEL1_INDEX_AREA	1
	PROLOG			3
	SEG0_LENGTH		8
	SEG0_POSITION		0
	TYPE			string

KEY 1
	CHANGES			yes
	DATA_AREA		2
	DATA_FILL		100
	DATA_KEY_COMPRESSION	yes
	DUPLICATES		yes
	INDEX_AREA		2
	INDEX_COMPRESSION	no
	INDEX_FILL		100
	LEVEL1_INDEX_AREA	2
	SEG0_LENGTH		10
	SEG0_POSITION		8
	TYPE			string
%COPY-W-INCOMPAT, SYS$SYSROOT:[SYSMGR.EDF2]T.TMP;1 (input) and SYS$SYSROOT:[SYSMGR.EDF2]T02A.FDL;1 (output) have incompatible attrib
utes
@@ T02 H2.FDL  00000001
FILE
  ALLOCATION 128
  BEST_TRY_CONTIGUOUS no
  BUCKET_SIZE 2
  CLUSTER_SIZE 16
  CONTIGUOUS no
  EXTENSION 0
  ORGANIZATION indexed
RECORD
  BLOCK_SPAN yes
  CARRIAGE_CONTROL carriage_return
  FORMAT fixed
  SIZE 64
AREA 0
  ALLOCATION 128
  BUCKET_SIZE 2
  EXTENSION 0
KEY 0
  CHANGES no
  DATA_KEY_COMPRESSION yes
  DATA_RECORD_COMPRESSION yes
  DATA_AREA 0
  DATA_FILL 100
  DUPLICATES no
  INDEX_AREA 0
  INDEX_COMPRESSION yes
  INDEX_FILL 100
  LEVEL1_INDEX_AREA 0
  NAME ""
  NULL_KEY no
  PROLOG 3
  SEG0_LENGTH 8
  SEG0_POSITION 0
  TYPE string
KEY 1
  CHANGES yes
  DATA_KEY_COMPRESSION yes
  DATA_AREA 0
  DATA_FILL 100
  DUPLICATES yes
  INDEX_AREA 0
  INDEX_COMPRESSION yes
  INDEX_FILL 100
  LEVEL1_INDEX_AREA 0
  NAME ""
  NULL_KEY no
  SEG0_LENGTH 10
  SEG0_POSITION 8
  TYPE string

ANALYSIS_OF_AREA 0
  RECLAIMED_SPACE 0

ANALYSIS_OF_KEY 0
  DATA_FILL 72
  DATA_KEY_COMPRESSION 49
  DATA_RECORD_COMPRESSION 73
  DATA_RECORD_COUNT 1000
  DATA_SPACE_OCCUPIED 94
  DEPTH 1
  INDEX_COMPRESSION 28
  INDEX_FILL 34
  INDEX_SPACE_OCCUPIED 2
  LEVEL1_RECORD_COUNT 47
  MEAN_DATA_LENGTH 64
  MEAN_INDEX_LENGTH 10
  LONGEST_RECORD_LENGTH 64

ANALYSIS_OF_KEY 1
  DATA_FILL 66
  DATA_KEY_COMPRESSION 56
  DATA_RECORD_COUNT 1000
  DATA_SPACE_OCCUPIED 16
  DEPTH 1
  DUPLICATES_PER_SIDR 0
  INDEX_COMPRESSION 44
  INDEX_FILL 6
  INDEX_SPACE_OCCUPIED 2
  LEVEL1_RECORD_COUNT 8
  MEAN_DATA_LENGTH 20
  MEAN_INDEX_LENGTH 12
@@ T02 output
IDENT	FDL_VERSION 02	" 7-OCT-2026 04:15:35  OpenVMS FDL Editor"

SYSTEM
	SOURCE			"OpenVMS"

FILE
	ORGANIZATION		indexed
	GLBUFF_FLAGS_V83	none

RECORD
	CARRIAGE_CONTROL	carriage_return
	FORMAT			fixed
	SIZE			64

AREA 0
	ALLOCATION		96
	BEST_TRY_CONTIGUOUS	yes
	BUCKET_SIZE		2
	EXTENSION		32

AREA 1
	ALLOCATION		16
	BEST_TRY_CONTIGUOUS	yes
	BUCKET_SIZE		2
	EXTENSION		16

AREA 2
	ALLOCATION		64
	BEST_TRY_CONTIGUOUS	yes
	BUCKET_SIZE		2
	EXTENSION		32

KEY 0
	CHANGES			no
	DATA_AREA		0
	DATA_FILL		100
	DATA_KEY_COMPRESSION	yes
	DATA_RECORD_COMPRESSION	yes
	DUPLICATES		no
	INDEX_AREA		1
	INDEX_COMPRESSION	no
	INDEX_FILL		100
	LEVEL1_INDEX_AREA	1
	PROLOG			3
	SEG0_LENGTH		8
	SEG0_POSITION		0
	TYPE			string

KEY 1
	CHANGES			yes
	DATA_AREA		2
	DATA_FILL		100
	DATA_KEY_COMPRESSION	yes
	DUPLICATES		yes
	INDEX_AREA		2
	INDEX_COMPRESSION	no
	INDEX_FILL		100
	LEVEL1_INDEX_AREA	2
	SEG0_LENGTH		10
	SEG0_POSITION		8
	TYPE			string
%COPY-W-INCOMPAT, SYS$SYSROOT:[SYSMGR.EDF2]T.TMP;1 (input) and SYS$SYSROOT:[SYSMGR.EDF2]T03A.FDL;1 (output) have incompatible attrib
utes
@@ T03 H2.FDL  00000001
FILE
  ALLOCATION 128
  BEST_TRY_CONTIGUOUS no
  BUCKET_SIZE 2
  CLUSTER_SIZE 16
  CONTIGUOUS no
  EXTENSION 0
  ORGANIZATION indexed
RECORD
  BLOCK_SPAN yes
  CARRIAGE_CONTROL carriage_return
  FORMAT fixed
  SIZE 64
AREA 0
  ALLOCATION 128
  BUCKET_SIZE 2
  EXTENSION 0
KEY 0
  CHANGES no
  DATA_KEY_COMPRESSION yes
  DATA_RECORD_COMPRESSION yes
  DATA_AREA 0
  DATA_FILL 100
  DUPLICATES no
  INDEX_AREA 0
  INDEX_COMPRESSION yes
  INDEX_FILL 100
  LEVEL1_INDEX_AREA 0
  NAME ""
  NULL_KEY no
  PROLOG 3
  SEG0_LENGTH 8
  SEG0_POSITION 0
  TYPE string
KEY 1
  CHANGES yes
  DATA_KEY_COMPRESSION yes
  DATA_AREA 0
  DATA_FILL 100
  DUPLICATES yes
  INDEX_AREA 0
  INDEX_COMPRESSION yes
  INDEX_FILL 100
  LEVEL1_INDEX_AREA 0
  NAME ""
  NULL_KEY no
  SEG0_LENGTH 10
  SEG0_POSITION 8
  TYPE string

ANALYSIS_OF_AREA 0
  RECLAIMED_SPACE 0

ANALYSIS_OF_KEY 0
  DATA_FILL 72
  DATA_KEY_COMPRESSION 49
  DATA_RECORD_COMPRESSION 73
  DATA_RECORD_COUNT 1000
  DATA_SPACE_OCCUPIED 94
  DEPTH 1
  INDEX_COMPRESSION 28
  INDEX_FILL 34
  INDEX_SPACE_OCCUPIED 2
  LEVEL1_RECORD_COUNT 47
  MEAN_DATA_LENGTH 64
  MEAN_INDEX_LENGTH 10
  LONGEST_RECORD_LENGTH 64

ANALYSIS_OF_KEY 1
  DATA_FILL 66
  DATA_KEY_COMPRESSION 56
  DATA_RECORD_COUNT 10000
  DATA_SPACE_OCCUPIED 16
  DEPTH 1
  DUPLICATES_PER_SIDR 19
  INDEX_COMPRESSION 44
  INDEX_FILL 6
  INDEX_SPACE_OCCUPIED 2
  LEVEL1_RECORD_COUNT 8
  MEAN_DATA_LENGTH 106
  MEAN_INDEX_LENGTH 12
@@ T03 output
IDENT	FDL_VERSION 02	" 7-OCT-2026 04:15:35  OpenVMS FDL Editor"

SYSTEM
	SOURCE			"OpenVMS"

FILE
	ORGANIZATION		indexed
	GLBUFF_FLAGS_V83	none

RECORD
	CARRIAGE_CONTROL	carriage_return
	FORMAT			fixed
	SIZE			64

AREA 0
	ALLOCATION		96
	BEST_TRY_CONTIGUOUS	yes
	BUCKET_SIZE		2
	EXTENSION		32

AREA 1
	ALLOCATION		16
	BEST_TRY_CONTIGUOUS	yes
	BUCKET_SIZE		2
	EXTENSION		16

AREA 2
	ALLOCATION		464
	BEST_TRY_CONTIGUOUS	yes
	BUCKET_SIZE		4
	EXTENSION		128

KEY 0
	CHANGES			no
	DATA_AREA		0
	DATA_FILL		100
	DATA_KEY_COMPRESSION	yes
	DATA_RECORD_COMPRESSION	yes
	DUPLICATES		no
	INDEX_AREA		1
	INDEX_COMPRESSION	no
	INDEX_FILL		100
	LEVEL1_INDEX_AREA	1
	PROLOG			3
	SEG0_LENGTH		8
	SEG0_POSITION		0
	TYPE			string

KEY 1
	CHANGES			yes
	DATA_AREA		2
	DATA_FILL		100
	DATA_KEY_COMPRESSION	yes
	DUPLICATES		yes
	INDEX_AREA		2
	INDEX_COMPRESSION	no
	INDEX_FILL		100
	LEVEL1_INDEX_AREA	2
	SEG0_LENGTH		10
	SEG0_POSITION		8
	TYPE			string
%COPY-W-INCOMPAT, SYS$SYSROOT:[SYSMGR.EDF2]T.TMP;1 (input) and SYS$SYSROOT:[SYSMGR.EDF2]T04A.FDL;1 (output) have incompatible attrib
utes
@@ T04 H2.FDL  00000001
FILE
  ALLOCATION 128
  BEST_TRY_CONTIGUOUS no
  BUCKET_SIZE 2
  CLUSTER_SIZE 16
  CONTIGUOUS no
  EXTENSION 0
  ORGANIZATION indexed
RECORD
  BLOCK_SPAN yes
  CARRIAGE_CONTROL carriage_return
  FORMAT fixed
  SIZE 64
AREA 0
  ALLOCATION 128
  BUCKET_SIZE 2
  EXTENSION 0
KEY 0
  CHANGES no
  DATA_KEY_COMPRESSION yes
  DATA_RECORD_COMPRESSION yes
  DATA_AREA 0
  DATA_FILL 100
  DUPLICATES no
  INDEX_AREA 0
  INDEX_COMPRESSION yes
  INDEX_FILL 100
  LEVEL1_INDEX_AREA 0
  NAME ""
  NULL_KEY no
  PROLOG 3
  SEG0_LENGTH 8
  SEG0_POSITION 0
  TYPE string
KEY 1
  CHANGES yes
  DATA_KEY_COMPRESSION yes
  DATA_AREA 0
  DATA_FILL 100
  DUPLICATES yes
  INDEX_AREA 0
  INDEX_COMPRESSION yes
  INDEX_FILL 100
  LEVEL1_INDEX_AREA 0
  NAME ""
  NULL_KEY no
  SEG0_LENGTH 10
  SEG0_POSITION 8
  TYPE string

ANALYSIS_OF_AREA 0
  RECLAIMED_SPACE 0

ANALYSIS_OF_KEY 0
  DATA_FILL 72
  DATA_KEY_COMPRESSION 49
  DATA_RECORD_COMPRESSION 73
  DATA_RECORD_COUNT 1000
  DATA_SPACE_OCCUPIED 94
  DEPTH 1
  INDEX_COMPRESSION 28
  INDEX_FILL 34
  INDEX_SPACE_OCCUPIED 2
  LEVEL1_RECORD_COUNT 47
  MEAN_DATA_LENGTH 64
  MEAN_INDEX_LENGTH 10
  LONGEST_RECORD_LENGTH 64

ANALYSIS_OF_KEY 1
  DATA_FILL 66
  DATA_KEY_COMPRESSION 56
  DATA_RECORD_COUNT 50
  DATA_SPACE_OCCUPIED 16
  DEPTH 1
  DUPLICATES_PER_SIDR 100
  INDEX_COMPRESSION 44
  INDEX_FILL 6
  INDEX_SPACE_OCCUPIED 2
  LEVEL1_RECORD_COUNT 8
  MEAN_DATA_LENGTH 500
  MEAN_INDEX_LENGTH 12
@@ T04 output
IDENT	FDL_VERSION 02	" 7-OCT-2026 04:15:35  OpenVMS FDL Editor"

SYSTEM
	SOURCE			"OpenVMS"

FILE
	ORGANIZATION		indexed
	GLBUFF_FLAGS_V83	none

RECORD
	CARRIAGE_CONTROL	carriage_return
	FORMAT			fixed
	SIZE			64

AREA 0
	ALLOCATION		96
	BEST_TRY_CONTIGUOUS	yes
	BUCKET_SIZE		2
	EXTENSION		32

AREA 1
	ALLOCATION		16
	BEST_TRY_CONTIGUOUS	yes
	BUCKET_SIZE		2
	EXTENSION		16

AREA 2
	ALLOCATION		32
	BEST_TRY_CONTIGUOUS	yes
	BUCKET_SIZE		1
	EXTENSION		32

KEY 0
	CHANGES			no
	DATA_AREA		0
	DATA_FILL		100
	DATA_KEY_COMPRESSION	yes
	DATA_RECORD_COMPRESSION	yes
	DUPLICATES		no
	INDEX_AREA		1
	INDEX_COMPRESSION	no
	INDEX_FILL		100
	LEVEL1_INDEX_AREA	1
	PROLOG			3
	SEG0_LENGTH		8
	SEG0_POSITION		0
	TYPE			string

KEY 1
	CHANGES			yes
	DATA_AREA		2
	DATA_FILL		100
	DATA_KEY_COMPRESSION	yes
	DUPLICATES		yes
	INDEX_AREA		2
	INDEX_COMPRESSION	no
	INDEX_FILL		100
	LEVEL1_INDEX_AREA	2
	SEG0_LENGTH		10
	SEG0_POSITION		8
	TYPE			string
%COPY-W-INCOMPAT, SYS$SYSROOT:[SYSMGR.EDF2]T.TMP;1 (input) and SYS$SYSROOT:[SYSMGR.EDF2]T05A.FDL;1 (output) have incompatible attrib
utes
@@ T05 H2.FDL  00000001
FILE
  ALLOCATION 128
  BEST_TRY_CONTIGUOUS no
  BUCKET_SIZE 2
  CLUSTER_SIZE 16
  CONTIGUOUS no
  EXTENSION 0
  ORGANIZATION indexed
RECORD
  BLOCK_SPAN yes
  CARRIAGE_CONTROL carriage_return
  FORMAT fixed
  SIZE 64
AREA 0
  ALLOCATION 128
  BUCKET_SIZE 2
  EXTENSION 0
KEY 0
  CHANGES no
  DATA_KEY_COMPRESSION yes
  DATA_RECORD_COMPRESSION yes
  DATA_AREA 0
  DATA_FILL 100
  DUPLICATES no
  INDEX_AREA 0
  INDEX_COMPRESSION yes
  INDEX_FILL 100
  LEVEL1_INDEX_AREA 0
  NAME ""
  NULL_KEY no
  PROLOG 3
  SEG0_LENGTH 8
  SEG0_POSITION 0
  TYPE string
KEY 1
  CHANGES yes
  DATA_KEY_COMPRESSION yes
  DATA_AREA 0
  DATA_FILL 100
  DUPLICATES yes
  INDEX_AREA 0
  INDEX_COMPRESSION yes
  INDEX_FILL 100
  LEVEL1_INDEX_AREA 0
  NAME ""
  NULL_KEY no
  SEG0_LENGTH 10
  SEG0_POSITION 8
  TYPE string

ANALYSIS_OF_AREA 0
  RECLAIMED_SPACE 0

ANALYSIS_OF_KEY 0
  DATA_FILL 72
  DATA_KEY_COMPRESSION 49
  DATA_RECORD_COMPRESSION 73
  DATA_RECORD_COUNT 1000
  DATA_SPACE_OCCUPIED 94
  DEPTH 1
  INDEX_COMPRESSION 28
  INDEX_FILL 34
  INDEX_SPACE_OCCUPIED 2
  LEVEL1_RECORD_COUNT 47
  MEAN_DATA_LENGTH 64
  MEAN_INDEX_LENGTH 10
  LONGEST_RECORD_LENGTH 64

ANALYSIS_OF_KEY 1
  DATA_FILL 66
  DATA_KEY_COMPRESSION 56
  DATA_RECORD_COUNT 50
  DATA_SPACE_OCCUPIED 16
  DEPTH 1
  DUPLICATES_PER_SIDR 19
  INDEX_COMPRESSION 44
  INDEX_FILL 6
  INDEX_SPACE_OCCUPIED 2
  LEVEL1_RECORD_COUNT 8
  MEAN_DATA_LENGTH 5000
  MEAN_INDEX_LENGTH 12
@@ T05 output
IDENT	FDL_VERSION 02	" 7-OCT-2026 04:15:35  OpenVMS FDL Editor"

SYSTEM
	SOURCE			"OpenVMS"

FILE
	ORGANIZATION		indexed
	GLBUFF_FLAGS_V83	none

RECORD
	CARRIAGE_CONTROL	carriage_return
	FORMAT			fixed
	SIZE			64

AREA 0
	ALLOCATION		96
	BEST_TRY_CONTIGUOUS	yes
	BUCKET_SIZE		2
	EXTENSION		32

AREA 1
	ALLOCATION		16
	BEST_TRY_CONTIGUOUS	yes
	BUCKET_SIZE		2
	EXTENSION		16

AREA 2
	ALLOCATION		32
	BEST_TRY_CONTIGUOUS	yes
	BUCKET_SIZE		1
	EXTENSION		32

KEY 0
	CHANGES			no
	DATA_AREA		0
	DATA_FILL		100
	DATA_KEY_COMPRESSION	yes
	DATA_RECORD_COMPRESSION	yes
	DUPLICATES		no
	INDEX_AREA		1
	INDEX_COMPRESSION	no
	INDEX_FILL		100
	LEVEL1_INDEX_AREA	1
	PROLOG			3
	SEG0_LENGTH		8
	SEG0_POSITION		0
	TYPE			string

KEY 1
	CHANGES			yes
	DATA_AREA		2
	DATA_FILL		100
	DATA_KEY_COMPRESSION	yes
	DUPLICATES		yes
	INDEX_AREA		2
	INDEX_COMPRESSION	no
	INDEX_FILL		100
	LEVEL1_INDEX_AREA	2
	SEG0_LENGTH		10
	SEG0_POSITION		8
	TYPE			string
%COPY-W-INCOMPAT, SYS$SYSROOT:[SYSMGR.EDF2]T.TMP;1 (input) and SYS$SYSROOT:[SYSMGR.EDF2]T06A.FDL;1 (output) have incompatible attrib
utes
@@ T06 H2.FDL  00000001
FILE
  ALLOCATION 128
  BEST_TRY_CONTIGUOUS no
  BUCKET_SIZE 2
  CLUSTER_SIZE 16
  CONTIGUOUS no
  EXTENSION 0
  ORGANIZATION indexed
RECORD
  BLOCK_SPAN yes
  CARRIAGE_CONTROL carriage_return
  FORMAT fixed
  SIZE 64
AREA 0
  ALLOCATION 128
  BUCKET_SIZE 2
  EXTENSION 0
KEY 0
  CHANGES no
  DATA_KEY_COMPRESSION yes
  DATA_RECORD_COMPRESSION yes
  DATA_AREA 0
  DATA_FILL 100
  DUPLICATES no
  INDEX_AREA 0
  INDEX_COMPRESSION yes
  INDEX_FILL 100
  LEVEL1_INDEX_AREA 0
  NAME ""
  NULL_KEY no
  PROLOG 3
  SEG0_LENGTH 8
  SEG0_POSITION 0
  TYPE string
KEY 1
  CHANGES yes
  DATA_KEY_COMPRESSION yes
  DATA_AREA 0
  DATA_FILL 100
  DUPLICATES yes
  INDEX_AREA 0
  INDEX_COMPRESSION yes
  INDEX_FILL 100
  LEVEL1_INDEX_AREA 0
  NAME ""
  NULL_KEY no
  SEG0_LENGTH 10
  SEG0_POSITION 8
  TYPE string

ANALYSIS_OF_AREA 0
  RECLAIMED_SPACE 0

ANALYSIS_OF_KEY 0
  DATA_FILL 72
  DATA_KEY_COMPRESSION 49
  DATA_RECORD_COMPRESSION 73
  DATA_RECORD_COUNT 1000
  DATA_SPACE_OCCUPIED 94
  DEPTH 1
  INDEX_COMPRESSION 28
  INDEX_FILL 34
  INDEX_SPACE_OCCUPIED 2
  LEVEL1_RECORD_COUNT 47
  MEAN_DATA_LENGTH 64
  MEAN_INDEX_LENGTH 10
  LONGEST_RECORD_LENGTH 64

ANALYSIS_OF_KEY 1
  DATA_FILL 66
  DATA_KEY_COMPRESSION 56
  DATA_RECORD_COUNT 50
  DATA_SPACE_OCCUPIED 16
  DEPTH 1
  DUPLICATES_PER_SIDR 19
  INDEX_COMPRESSION 44
  INDEX_FILL 6
  INDEX_SPACE_OCCUPIED 2
  LEVEL1_RECORD_COUNT 8
  MEAN_DATA_LENGTH 106
  MEAN_INDEX_LENGTH 40
@@ T06 output
IDENT	FDL_VERSION 02	" 7-OCT-2026 04:15:36  OpenVMS FDL Editor"

SYSTEM
	SOURCE			"OpenVMS"

FILE
	ORGANIZATION		indexed
	GLBUFF_FLAGS_V83	none

RECORD
	CARRIAGE_CONTROL	carriage_return
	FORMAT			fixed
	SIZE			64

AREA 0
	ALLOCATION		96
	BEST_TRY_CONTIGUOUS	yes
	BUCKET_SIZE		2
	EXTENSION		32

AREA 1
	ALLOCATION		16
	BEST_TRY_CONTIGUOUS	yes
	BUCKET_SIZE		2
	EXTENSION		16

AREA 2
	ALLOCATION		32
	BEST_TRY_CONTIGUOUS	yes
	BUCKET_SIZE		1
	EXTENSION		32

KEY 0
	CHANGES			no
	DATA_AREA		0
	DATA_FILL		100
	DATA_KEY_COMPRESSION	yes
	DATA_RECORD_COMPRESSION	yes
	DUPLICATES		no
	INDEX_AREA		1
	INDEX_COMPRESSION	no
	INDEX_FILL		100
	LEVEL1_INDEX_AREA	1
	PROLOG			3
	SEG0_LENGTH		8
	SEG0_POSITION		0
	TYPE			string

KEY 1
	CHANGES			yes
	DATA_AREA		2
	DATA_FILL		100
	DATA_KEY_COMPRESSION	yes
	DUPLICATES		yes
	INDEX_AREA		2
	INDEX_COMPRESSION	no
	INDEX_FILL		100
	LEVEL1_INDEX_AREA	2
	SEG0_LENGTH		10
	SEG0_POSITION		8
	TYPE			string
%COPY-W-INCOMPAT, SYS$SYSROOT:[SYSMGR.EDF2]T.TMP;1 (input) and SYS$SYSROOT:[SYSMGR.EDF2]T07A.FDL;1 (output) have incompatible attrib
utes
@@ T07 H2.FDL  00000001
FILE
  ALLOCATION 128
  BEST_TRY_CONTIGUOUS no
  BUCKET_SIZE 2
  CLUSTER_SIZE 16
  CONTIGUOUS no
  EXTENSION 0
  ORGANIZATION indexed
RECORD
  BLOCK_SPAN yes
  CARRIAGE_CONTROL carriage_return
  FORMAT fixed
  SIZE 64
AREA 0
  ALLOCATION 128
  BUCKET_SIZE 2
  EXTENSION 0
KEY 0
  CHANGES no
  DATA_KEY_COMPRESSION yes
  DATA_RECORD_COMPRESSION yes
  DATA_AREA 0
  DATA_FILL 100
  DUPLICATES no
  INDEX_AREA 0
  INDEX_COMPRESSION yes
  INDEX_FILL 100
  LEVEL1_INDEX_AREA 0
  NAME ""
  NULL_KEY no
  PROLOG 3
  SEG0_LENGTH 8
  SEG0_POSITION 0
  TYPE string
KEY 1
  CHANGES yes
  DATA_KEY_COMPRESSION yes
  DATA_AREA 0
  DATA_FILL 100
  DUPLICATES yes
  INDEX_AREA 0
  INDEX_COMPRESSION yes
  INDEX_FILL 100
  LEVEL1_INDEX_AREA 0
  NAME ""
  NULL_KEY no
  SEG0_LENGTH 10
  SEG0_POSITION 8
  TYPE string

ANALYSIS_OF_AREA 0
  RECLAIMED_SPACE 0

ANALYSIS_OF_KEY 0
  DATA_FILL 72
  DATA_KEY_COMPRESSION 49
  DATA_RECORD_COMPRESSION 73
  DATA_RECORD_COUNT 1000
  DATA_SPACE_OCCUPIED 94
  DEPTH 1
  INDEX_COMPRESSION 28
  INDEX_FILL 34
  INDEX_SPACE_OCCUPIED 2
  LEVEL1_RECORD_COUNT 47
  MEAN_DATA_LENGTH 64
  MEAN_INDEX_LENGTH 10
  LONGEST_RECORD_LENGTH 64

ANALYSIS_OF_KEY 1
  DATA_FILL 66
  DATA_KEY_COMPRESSION 0
  DATA_RECORD_COUNT 50
  DATA_SPACE_OCCUPIED 16
  DEPTH 1
  DUPLICATES_PER_SIDR 19
  INDEX_COMPRESSION 44
  INDEX_FILL 6
  INDEX_SPACE_OCCUPIED 2
  LEVEL1_RECORD_COUNT 8
  MEAN_DATA_LENGTH 106
  MEAN_INDEX_LENGTH 12
@@ T07 output
IDENT	FDL_VERSION 02	" 7-OCT-2026 04:15:36  OpenVMS FDL Editor"

SYSTEM
	SOURCE			"OpenVMS"

FILE
	ORGANIZATION		indexed
	GLBUFF_FLAGS_V83	none

RECORD
	CARRIAGE_CONTROL	carriage_return
	FORMAT			fixed
	SIZE			64

AREA 0
	ALLOCATION		96
	BEST_TRY_CONTIGUOUS	yes
	BUCKET_SIZE		2
	EXTENSION		32

AREA 1
	ALLOCATION		16
	BEST_TRY_CONTIGUOUS	yes
	BUCKET_SIZE		2
	EXTENSION		16

AREA 2
	ALLOCATION		32
	BEST_TRY_CONTIGUOUS	yes
	BUCKET_SIZE		1
	EXTENSION		32

KEY 0
	CHANGES			no
	DATA_AREA		0
	DATA_FILL		100
	DATA_KEY_COMPRESSION	yes
	DATA_RECORD_COMPRESSION	yes
	DUPLICATES		no
	INDEX_AREA		1
	INDEX_COMPRESSION	no
	INDEX_FILL		100
	LEVEL1_INDEX_AREA	1
	PROLOG			3
	SEG0_LENGTH		8
	SEG0_POSITION		0
	TYPE			string

KEY 1
	CHANGES			yes
	DATA_AREA		2
	DATA_FILL		100
	DATA_KEY_COMPRESSION	yes
	DUPLICATES		yes
	INDEX_AREA		2
	INDEX_COMPRESSION	no
	INDEX_FILL		100
	LEVEL1_INDEX_AREA	2
	SEG0_LENGTH		10
	SEG0_POSITION		8
	TYPE			string
%COPY-W-INCOMPAT, SYS$SYSROOT:[SYSMGR.EDF2]T.TMP;1 (input) and SYS$SYSROOT:[SYSMGR.EDF2]T08A.FDL;1 (output) have incompatible attrib
utes
@@ T08 H2.FDL  00000001
FILE
  ALLOCATION 128
  BEST_TRY_CONTIGUOUS no
  BUCKET_SIZE 2
  CLUSTER_SIZE 16
  CONTIGUOUS no
  EXTENSION 0
  ORGANIZATION indexed
RECORD
  BLOCK_SPAN yes
  CARRIAGE_CONTROL carriage_return
  FORMAT fixed
  SIZE 64
AREA 0
  ALLOCATION 128
  BUCKET_SIZE 2
  EXTENSION 0
KEY 0
  CHANGES no
  DATA_KEY_COMPRESSION yes
  DATA_RECORD_COMPRESSION yes
  DATA_AREA 0
  DATA_FILL 100
  DUPLICATES no
  INDEX_AREA 0
  INDEX_COMPRESSION yes
  INDEX_FILL 100
  LEVEL1_INDEX_AREA 0
  NAME ""
  NULL_KEY no
  PROLOG 3
  SEG0_LENGTH 8
  SEG0_POSITION 0
  TYPE string
KEY 1
  CHANGES yes
  DATA_KEY_COMPRESSION yes
  DATA_AREA 0
  DATA_FILL 100
  DUPLICATES yes
  INDEX_AREA 0
  INDEX_COMPRESSION yes
  INDEX_FILL 100
  LEVEL1_INDEX_AREA 0
  NAME ""
  NULL_KEY no
  SEG0_LENGTH 10
  SEG0_POSITION 8
  TYPE string

ANALYSIS_OF_AREA 0
  RECLAIMED_SPACE 0

ANALYSIS_OF_KEY 0
  DATA_FILL 72
  DATA_KEY_COMPRESSION 49
  DATA_RECORD_COMPRESSION 73
  DATA_RECORD_COUNT 1000
  DATA_SPACE_OCCUPIED 94
  DEPTH 1
  INDEX_COMPRESSION 28
  INDEX_FILL 34
  INDEX_SPACE_OCCUPIED 2
  LEVEL1_RECORD_COUNT 47
  MEAN_DATA_LENGTH 64
  MEAN_INDEX_LENGTH 10
  LONGEST_RECORD_LENGTH 64

ANALYSIS_OF_KEY 1
  DATA_FILL 66
  DATA_KEY_COMPRESSION 56
  DATA_RECORD_COUNT 50
  DATA_SPACE_OCCUPIED 16
  DEPTH 1
  DUPLICATES_PER_SIDR 19
  INDEX_COMPRESSION 90
  INDEX_FILL 6
  INDEX_SPACE_OCCUPIED 2
  LEVEL1_RECORD_COUNT 8
  MEAN_DATA_LENGTH 106
  MEAN_INDEX_LENGTH 12
@@ T08 output
IDENT	FDL_VERSION 02	" 7-OCT-2026 04:15:36  OpenVMS FDL Editor"

SYSTEM
	SOURCE			"OpenVMS"

FILE
	ORGANIZATION		indexed
	GLBUFF_FLAGS_V83	none

RECORD
	CARRIAGE_CONTROL	carriage_return
	FORMAT			fixed
	SIZE			64

AREA 0
	ALLOCATION		96
	BEST_TRY_CONTIGUOUS	yes
	BUCKET_SIZE		2
	EXTENSION		32

AREA 1
	ALLOCATION		16
	BEST_TRY_CONTIGUOUS	yes
	BUCKET_SIZE		2
	EXTENSION		16

AREA 2
	ALLOCATION		32
	BEST_TRY_CONTIGUOUS	yes
	BUCKET_SIZE		1
	EXTENSION		32

KEY 0
	CHANGES			no
	DATA_AREA		0
	DATA_FILL		100
	DATA_KEY_COMPRESSION	yes
	DATA_RECORD_COMPRESSION	yes
	DUPLICATES		no
	INDEX_AREA		1
	INDEX_COMPRESSION	no
	INDEX_FILL		100
	LEVEL1_INDEX_AREA	1
	PROLOG			3
	SEG0_LENGTH		8
	SEG0_POSITION		0
	TYPE			string

KEY 1
	CHANGES			yes
	DATA_AREA		2
	DATA_FILL		100
	DATA_KEY_COMPRESSION	yes
	DUPLICATES		yes
	INDEX_AREA		2
	INDEX_COMPRESSION	no
	INDEX_FILL		100
	LEVEL1_INDEX_AREA	2
	SEG0_LENGTH		10
	SEG0_POSITION		8
	TYPE			string
%COPY-W-INCOMPAT, SYS$SYSROOT:[SYSMGR.EDF2]T.TMP;1 (input) and SYS$SYSROOT:[SYSMGR.EDF2]T09A.FDL;1 (output) have incompatible attrib
utes
@@ T09 H2.FDL  00000001
FILE
  ALLOCATION 128
  BEST_TRY_CONTIGUOUS no
  BUCKET_SIZE 2
  CLUSTER_SIZE 16
  CONTIGUOUS no
  EXTENSION 0
  ORGANIZATION indexed
RECORD
  BLOCK_SPAN yes
  CARRIAGE_CONTROL carriage_return
  FORMAT fixed
  SIZE 64
AREA 0
  ALLOCATION 128
  BUCKET_SIZE 2
  EXTENSION 0
KEY 0
  CHANGES no
  DATA_KEY_COMPRESSION yes
  DATA_RECORD_COMPRESSION yes
  DATA_AREA 0
  DATA_FILL 100
  DUPLICATES no
  INDEX_AREA 0
  INDEX_COMPRESSION yes
  INDEX_FILL 100
  LEVEL1_INDEX_AREA 0
  NAME ""
  NULL_KEY no
  PROLOG 3
  SEG0_LENGTH 8
  SEG0_POSITION 0
  TYPE string
KEY 1
  CHANGES yes
  DATA_KEY_COMPRESSION yes
  DATA_AREA 0
  DATA_FILL 100
  DUPLICATES yes
  INDEX_AREA 0
  INDEX_COMPRESSION yes
  INDEX_FILL 100
  LEVEL1_INDEX_AREA 0
  NAME ""
  NULL_KEY no
  SEG0_LENGTH 10
  SEG0_POSITION 8
  TYPE string

ANALYSIS_OF_AREA 0
  RECLAIMED_SPACE 0

ANALYSIS_OF_KEY 0
  DATA_FILL 72
  DATA_KEY_COMPRESSION 49
  DATA_RECORD_COMPRESSION 73
  DATA_RECORD_COUNT 1000
  DATA_SPACE_OCCUPIED 94
  DEPTH 1
  INDEX_COMPRESSION 28
  INDEX_FILL 34
  INDEX_SPACE_OCCUPIED 2
  LEVEL1_RECORD_COUNT 47
  MEAN_DATA_LENGTH 64
  MEAN_INDEX_LENGTH 10
  LONGEST_RECORD_LENGTH 64

ANALYSIS_OF_KEY 1
  DATA_FILL 66
  DATA_KEY_COMPRESSION 56
  DATA_RECORD_COUNT 1
  DATA_SPACE_OCCUPIED 16
  DEPTH 1
  DUPLICATES_PER_SIDR 999
  INDEX_COMPRESSION 44
  INDEX_FILL 6
  INDEX_SPACE_OCCUPIED 2
  LEVEL1_RECORD_COUNT 8
  MEAN_DATA_LENGTH 9999
  MEAN_INDEX_LENGTH 12
@@ T09 output
IDENT	FDL_VERSION 02	" 7-OCT-2026 04:15:37  OpenVMS FDL Editor"

SYSTEM
	SOURCE			"OpenVMS"

FILE
	ORGANIZATION		indexed
	GLBUFF_FLAGS_V83	none

RECORD
	CARRIAGE_CONTROL	carriage_return
	FORMAT			fixed
	SIZE			64

AREA 0
	ALLOCATION		96
	BEST_TRY_CONTIGUOUS	yes
	BUCKET_SIZE		2
	EXTENSION		32

AREA 1
	ALLOCATION		16
	BEST_TRY_CONTIGUOUS	yes
	BUCKET_SIZE		2
	EXTENSION		16

AREA 2
	ALLOCATION		32
	BEST_TRY_CONTIGUOUS	yes
	BUCKET_SIZE		1
	EXTENSION		32

KEY 0
	CHANGES			no
	DATA_AREA		0
	DATA_FILL		100
	DATA_KEY_COMPRESSION	yes
	DATA_RECORD_COMPRESSION	yes
	DUPLICATES		no
	INDEX_AREA		1
	INDEX_COMPRESSION	no
	INDEX_FILL		100
	LEVEL1_INDEX_AREA	1
	PROLOG			3
	SEG0_LENGTH		8
	SEG0_POSITION		0
	TYPE			string

KEY 1
	CHANGES			yes
	DATA_AREA		2
	DATA_FILL		100
	DATA_KEY_COMPRESSION	yes
	DUPLICATES		yes
	INDEX_AREA		2
	INDEX_COMPRESSION	no
	INDEX_FILL		100
	LEVEL1_INDEX_AREA	2
	SEG0_LENGTH		10
	SEG0_POSITION		8
	TYPE			string
%COPY-W-INCOMPAT, SYS$SYSROOT:[SYSMGR.EDF2]T.TMP;1 (input) and SYS$SYSROOT:[SYSMGR.EDF2]G00A.FDL;1 (output) have incompatible attrib
utes
@@ G00 H2.FDL /GRANULARITY=1 00000001
FILE
  ALLOCATION 128
  BEST_TRY_CONTIGUOUS no
  BUCKET_SIZE 2
  CLUSTER_SIZE 16
  CONTIGUOUS no
  EXTENSION 0
  ORGANIZATION indexed
RECORD
  BLOCK_SPAN yes
  CARRIAGE_CONTROL carriage_return
  FORMAT fixed
  SIZE 64
AREA 0
  ALLOCATION 128
  BUCKET_SIZE 2
  EXTENSION 0
KEY 0
  CHANGES no
  DATA_KEY_COMPRESSION yes
  DATA_RECORD_COMPRESSION yes
  DATA_AREA 0
  DATA_FILL 100
  DUPLICATES no
  INDEX_AREA 0
  INDEX_COMPRESSION yes
  INDEX_FILL 100
  LEVEL1_INDEX_AREA 0
  NAME ""
  NULL_KEY no
  PROLOG 3
  SEG0_LENGTH 8
  SEG0_POSITION 0
  TYPE string
KEY 1
  CHANGES yes
  DATA_KEY_COMPRESSION yes
  DATA_AREA 0
  DATA_FILL 100
  DUPLICATES yes
  INDEX_AREA 0
  INDEX_COMPRESSION yes
  INDEX_FILL 100
  LEVEL1_INDEX_AREA 0
  NAME ""
  NULL_KEY no
  SEG0_LENGTH 10
  SEG0_POSITION 8
  TYPE string

ANALYSIS_OF_AREA 0
  RECLAIMED_SPACE 0

ANALYSIS_OF_KEY 0
  DATA_FILL 72
  DATA_KEY_COMPRESSION 49
  DATA_RECORD_COMPRESSION 73
  DATA_RECORD_COUNT 100000
  DATA_SPACE_OCCUPIED 94
  DEPTH 1
  INDEX_COMPRESSION 28
  INDEX_FILL 34
  INDEX_SPACE_OCCUPIED 2
  LEVEL1_RECORD_COUNT 47
  MEAN_DATA_LENGTH 64
  MEAN_INDEX_LENGTH 10
  LONGEST_RECORD_LENGTH 64

ANALYSIS_OF_KEY 1
  DATA_FILL 66
  DATA_KEY_COMPRESSION 56
  DATA_RECORD_COUNT 50
  DATA_SPACE_OCCUPIED 16
  DEPTH 1
  DUPLICATES_PER_SIDR 19
  INDEX_COMPRESSION 44
  INDEX_FILL 6
  INDEX_SPACE_OCCUPIED 2
  LEVEL1_RECORD_COUNT 8
  MEAN_DATA_LENGTH 106
  MEAN_INDEX_LENGTH 12
@@ G00 output
IDENT	FDL_VERSION 02	" 7-OCT-2026 04:15:37  OpenVMS FDL Editor"

SYSTEM
	SOURCE			"OpenVMS"

FILE
	ORGANIZATION		indexed
	GLBUFF_FLAGS_V83	none

RECORD
	CARRIAGE_CONTROL	carriage_return
	FORMAT			fixed
	SIZE			64

AREA 0
	ALLOCATION		6944
	BEST_TRY_CONTIGUOUS	yes
	BUCKET_SIZE		16
	EXTENSION		1776

KEY 0
	CHANGES			no
	DATA_AREA		0
	DATA_FILL		100
	DATA_KEY_COMPRESSION	yes
	DATA_RECORD_COMPRESSION	yes
	DUPLICATES		no
	INDEX_AREA		0
	INDEX_COMPRESSION	no
	INDEX_FILL		100
	LEVEL1_INDEX_AREA	0
	PROLOG			3
	SEG0_LENGTH		8
	SEG0_POSITION		0
	TYPE			string

KEY 1
	CHANGES			yes
	DATA_AREA		0
	DATA_FILL		100
	DATA_KEY_COMPRESSION	yes
	DUPLICATES		yes
	INDEX_AREA		0
	INDEX_COMPRESSION	no
	INDEX_FILL		100
	LEVEL1_INDEX_AREA	0
	SEG0_LENGTH		10
	SEG0_POSITION		8
	TYPE			string
%COPY-W-INCOMPAT, SYS$SYSROOT:[SYSMGR.EDF2]T.TMP;1 (input) and SYS$SYSROOT:[SYSMGR.EDF2]G01A.FDL;1 (output) have incompatible attrib
utes
@@ G01 H2.FDL /GRANULARITY=2 00000001
FILE
  ALLOCATION 128
  BEST_TRY_CONTIGUOUS no
  BUCKET_SIZE 2
  CLUSTER_SIZE 16
  CONTIGUOUS no
  EXTENSION 0
  ORGANIZATION indexed
RECORD
  BLOCK_SPAN yes
  CARRIAGE_CONTROL carriage_return
  FORMAT fixed
  SIZE 64
AREA 0
  ALLOCATION 128
  BUCKET_SIZE 2
  EXTENSION 0
KEY 0
  CHANGES no
  DATA_KEY_COMPRESSION yes
  DATA_RECORD_COMPRESSION yes
  DATA_AREA 0
  DATA_FILL 100
  DUPLICATES no
  INDEX_AREA 0
  INDEX_COMPRESSION yes
  INDEX_FILL 100
  LEVEL1_INDEX_AREA 0
  NAME ""
  NULL_KEY no
  PROLOG 3
  SEG0_LENGTH 8
  SEG0_POSITION 0
  TYPE string
KEY 1
  CHANGES yes
  DATA_KEY_COMPRESSION yes
  DATA_AREA 0
  DATA_FILL 100
  DUPLICATES yes
  INDEX_AREA 0
  INDEX_COMPRESSION yes
  INDEX_FILL 100
  LEVEL1_INDEX_AREA 0
  NAME ""
  NULL_KEY no
  SEG0_LENGTH 10
  SEG0_POSITION 8
  TYPE string

ANALYSIS_OF_AREA 0
  RECLAIMED_SPACE 0

ANALYSIS_OF_KEY 0
  DATA_FILL 72
  DATA_KEY_COMPRESSION 49
  DATA_RECORD_COMPRESSION 73
  DATA_RECORD_COUNT 100000
  DATA_SPACE_OCCUPIED 94
  DEPTH 1
  INDEX_COMPRESSION 28
  INDEX_FILL 34
  INDEX_SPACE_OCCUPIED 2
  LEVEL1_RECORD_COUNT 47
  MEAN_DATA_LENGTH 64
  MEAN_INDEX_LENGTH 10
  LONGEST_RECORD_LENGTH 64

ANALYSIS_OF_KEY 1
  DATA_FILL 66
  DATA_KEY_COMPRESSION 56
  DATA_RECORD_COUNT 50
  DATA_SPACE_OCCUPIED 16
  DEPTH 1
  DUPLICATES_PER_SIDR 19
  INDEX_COMPRESSION 44
  INDEX_FILL 6
  INDEX_SPACE_OCCUPIED 2
  LEVEL1_RECORD_COUNT 8
  MEAN_DATA_LENGTH 106
  MEAN_INDEX_LENGTH 12
@@ G01 output
IDENT	FDL_VERSION 02	" 7-OCT-2026 04:15:37  OpenVMS FDL Editor"

SYSTEM
	SOURCE			"OpenVMS"

FILE
	ORGANIZATION		indexed
	GLBUFF_FLAGS_V83	none

RECORD
	CARRIAGE_CONTROL	carriage_return
	FORMAT			fixed
	SIZE			64

AREA 0
	ALLOCATION		6896
	BEST_TRY_CONTIGUOUS	yes
	BUCKET_SIZE		16
	EXTENSION		1728

AREA 1
	ALLOCATION		48
	BEST_TRY_CONTIGUOUS	yes
	BUCKET_SIZE		16
	EXTENSION		48

KEY 0
	CHANGES			no
	DATA_AREA		0
	DATA_FILL		100
	DATA_KEY_COMPRESSION	yes
	DATA_RECORD_COMPRESSION	yes
	DUPLICATES		no
	INDEX_AREA		1
	INDEX_COMPRESSION	no
	INDEX_FILL		100
	LEVEL1_INDEX_AREA	1
	PROLOG			3
	SEG0_LENGTH		8
	SEG0_POSITION		0
	TYPE			string

KEY 1
	CHANGES			yes
	DATA_AREA		1
	DATA_FILL		100
	DATA_KEY_COMPRESSION	yes
	DUPLICATES		yes
	INDEX_AREA		1
	INDEX_COMPRESSION	no
	INDEX_FILL		100
	LEVEL1_INDEX_AREA	1
	SEG0_LENGTH		10
	SEG0_POSITION		8
	TYPE			string
%COPY-W-INCOMPAT, SYS$SYSROOT:[SYSMGR.EDF2]T.TMP;1 (input) and SYS$SYSROOT:[SYSMGR.EDF2]G02A.FDL;1 (output) have incompatible attrib
utes
@@ G02 H2.FDL /GRANULARITY=4 00000001
FILE
  ALLOCATION 128
  BEST_TRY_CONTIGUOUS no
  BUCKET_SIZE 2
  CLUSTER_SIZE 16
  CONTIGUOUS no
  EXTENSION 0
  ORGANIZATION indexed
RECORD
  BLOCK_SPAN yes
  CARRIAGE_CONTROL carriage_return
  FORMAT fixed
  SIZE 64
AREA 0
  ALLOCATION 128
  BUCKET_SIZE 2
  EXTENSION 0
KEY 0
  CHANGES no
  DATA_KEY_COMPRESSION yes
  DATA_RECORD_COMPRESSION yes
  DATA_AREA 0
  DATA_FILL 100
  DUPLICATES no
  INDEX_AREA 0
  INDEX_COMPRESSION yes
  INDEX_FILL 100
  LEVEL1_INDEX_AREA 0
  NAME ""
  NULL_KEY no
  PROLOG 3
  SEG0_LENGTH 8
  SEG0_POSITION 0
  TYPE string
KEY 1
  CHANGES yes
  DATA_KEY_COMPRESSION yes
  DATA_AREA 0
  DATA_FILL 100
  DUPLICATES yes
  INDEX_AREA 0
  INDEX_COMPRESSION yes
  INDEX_FILL 100
  LEVEL1_INDEX_AREA 0
  NAME ""
  NULL_KEY no
  SEG0_LENGTH 10
  SEG0_POSITION 8
  TYPE string

ANALYSIS_OF_AREA 0
  RECLAIMED_SPACE 0

ANALYSIS_OF_KEY 0
  DATA_FILL 72
  DATA_KEY_COMPRESSION 49
  DATA_RECORD_COMPRESSION 73
  DATA_RECORD_COUNT 100000
  DATA_SPACE_OCCUPIED 94
  DEPTH 1
  INDEX_COMPRESSION 28
  INDEX_FILL 34
  INDEX_SPACE_OCCUPIED 2
  LEVEL1_RECORD_COUNT 47
  MEAN_DATA_LENGTH 64
  MEAN_INDEX_LENGTH 10
  LONGEST_RECORD_LENGTH 64

ANALYSIS_OF_KEY 1
  DATA_FILL 66
  DATA_KEY_COMPRESSION 56
  DATA_RECORD_COUNT 50
  DATA_SPACE_OCCUPIED 16
  DEPTH 1
  DUPLICATES_PER_SIDR 19
  INDEX_COMPRESSION 44
  INDEX_FILL 6
  INDEX_SPACE_OCCUPIED 2
  LEVEL1_RECORD_COUNT 8
  MEAN_DATA_LENGTH 106
  MEAN_INDEX_LENGTH 12
@@ G02 output
IDENT	FDL_VERSION 02	" 7-OCT-2026 04:15:37  OpenVMS FDL Editor"

SYSTEM
	SOURCE			"OpenVMS"

FILE
	ORGANIZATION		indexed
	GLBUFF_FLAGS_V83	none

RECORD
	CARRIAGE_CONTROL	carriage_return
	FORMAT			fixed
	SIZE			64

AREA 0
	ALLOCATION		6896
	BEST_TRY_CONTIGUOUS	yes
	BUCKET_SIZE		16
	EXTENSION		1728

AREA 1
	ALLOCATION		16
	BEST_TRY_CONTIGUOUS	yes
	BUCKET_SIZE		16
	EXTENSION		16

AREA 2
	ALLOCATION		16
	BEST_TRY_CONTIGUOUS	yes
	BUCKET_SIZE		1
	EXTENSION		16

AREA 3
	ALLOCATION		16
	BEST_TRY_CONTIGUOUS	yes
	BUCKET_SIZE		1
	EXTENSION		16

KEY 0
	CHANGES			no
	DATA_AREA		0
	DATA_FILL		100
	DATA_KEY_COMPRESSION	yes
	DATA_RECORD_COMPRESSION	yes
	DUPLICATES		no
	INDEX_AREA		1
	INDEX_COMPRESSION	no
	INDEX_FILL		100
	LEVEL1_INDEX_AREA	1
	PROLOG			3
	SEG0_LENGTH		8
	SEG0_POSITION		0
	TYPE			string

KEY 1
	CHANGES			yes
	DATA_AREA		2
	DATA_FILL		100
	DATA_KEY_COMPRESSION	yes
	DUPLICATES		yes
	INDEX_AREA		3
	INDEX_COMPRESSION	no
	INDEX_FILL		100
	LEVEL1_INDEX_AREA	3
	SEG0_LENGTH		10
	SEG0_POSITION		8
	TYPE			string
%COPY-W-INCOMPAT, SYS$SYSROOT:[SYSMGR.EDF2]T.TMP;1 (input) and SYS$SYSROOT:[SYSMGR.EDF2]G03A.FDL;1 (output) have incompatible attrib
utes
%DCL-W-IVKEYW, unrecognized keyword - check validity and spelling
 \5\
@@ G03 H2.FDL /GRANULARITY=5 00038060
FILE
  ALLOCATION 128
  BEST_TRY_CONTIGUOUS no
  BUCKET_SIZE 2
  CLUSTER_SIZE 16
  CONTIGUOUS no
  EXTENSION 0
  ORGANIZATION indexed
RECORD
  BLOCK_SPAN yes
  CARRIAGE_CONTROL carriage_return
  FORMAT fixed
  SIZE 64
AREA 0
  ALLOCATION 128
  BUCKET_SIZE 2
  EXTENSION 0
KEY 0
  CHANGES no
  DATA_KEY_COMPRESSION yes
  DATA_RECORD_COMPRESSION yes
  DATA_AREA 0
  DATA_FILL 100
  DUPLICATES no
  INDEX_AREA 0
  INDEX_COMPRESSION yes
  INDEX_FILL 100
  LEVEL1_INDEX_AREA 0
  NAME ""
  NULL_KEY no
  PROLOG 3
  SEG0_LENGTH 8
  SEG0_POSITION 0
  TYPE string
KEY 1
  CHANGES yes
  DATA_KEY_COMPRESSION yes
  DATA_AREA 0
  DATA_FILL 100
  DUPLICATES yes
  INDEX_AREA 0
  INDEX_COMPRESSION yes
  INDEX_FILL 100
  LEVEL1_INDEX_AREA 0
  NAME ""
  NULL_KEY no
  SEG0_LENGTH 10
  SEG0_POSITION 8
  TYPE string

ANALYSIS_OF_AREA 0
  RECLAIMED_SPACE 0

ANALYSIS_OF_KEY 0
  DATA_FILL 72
  DATA_KEY_COMPRESSION 49
  DATA_RECORD_COMPRESSION 73
  DATA_RECORD_COUNT 100000
  DATA_SPACE_OCCUPIED 94
  DEPTH 1
  INDEX_COMPRESSION 28
  INDEX_FILL 34
  INDEX_SPACE_OCCUPIED 2
  LEVEL1_RECORD_COUNT 47
  MEAN_DATA_LENGTH 64
  MEAN_INDEX_LENGTH 10
  LONGEST_RECORD_LENGTH 64

ANALYSIS_OF_KEY 1
  DATA_FILL 66
  DATA_KEY_COMPRESSION 56
  DATA_RECORD_COUNT 50
  DATA_SPACE_OCCUPIED 16
  DEPTH 1
  DUPLICATES_PER_SIDR 19
  INDEX_COMPRESSION 44
  INDEX_FILL 6
  INDEX_SPACE_OCCUPIED 2
  LEVEL1_RECORD_COUNT 8
  MEAN_DATA_LENGTH 106
  MEAN_INDEX_LENGTH 12
@@ G03 output
%TYPE-W-SEARCHFAIL, error searching for SYS$COMMON:[SYSMGR.EDF2]G03O.FDL;
-RMS-E-DNF, directory not found
-SYSTEM-W-NOSUCHFILE, no such file
%COPY-W-INCOMPAT, SYS$SYSROOT:[SYSMGR.EDF2]T.TMP;1 (input) and SYS$SYSROOT:[SYSMGR.EDF2]G04A.FDL;1 (output) have incompatible attrib
utes
@@ G04 H2.FDL /EMPHASIS=FLATTER_FILES 00000001
FILE
  ALLOCATION 128
  BEST_TRY_CONTIGUOUS no
  BUCKET_SIZE 2
  CLUSTER_SIZE 16
  CONTIGUOUS no
  EXTENSION 0
  ORGANIZATION indexed
RECORD
  BLOCK_SPAN yes
  CARRIAGE_CONTROL carriage_return
  FORMAT fixed
  SIZE 64
AREA 0
  ALLOCATION 128
  BUCKET_SIZE 2
  EXTENSION 0
KEY 0
  CHANGES no
  DATA_KEY_COMPRESSION yes
  DATA_RECORD_COMPRESSION yes
  DATA_AREA 0
  DATA_FILL 100
  DUPLICATES no
  INDEX_AREA 0
  INDEX_COMPRESSION yes
  INDEX_FILL 100
  LEVEL1_INDEX_AREA 0
  NAME ""
  NULL_KEY no
  PROLOG 3
  SEG0_LENGTH 8
  SEG0_POSITION 0
  TYPE string
KEY 1
  CHANGES yes
  DATA_KEY_COMPRESSION yes
  DATA_AREA 0
  DATA_FILL 100
  DUPLICATES yes
  INDEX_AREA 0
  INDEX_COMPRESSION yes
  INDEX_FILL 100
  LEVEL1_INDEX_AREA 0
  NAME ""
  NULL_KEY no
  SEG0_LENGTH 10
  SEG0_POSITION 8
  TYPE string

ANALYSIS_OF_AREA 0
  RECLAIMED_SPACE 0

ANALYSIS_OF_KEY 0
  DATA_FILL 72
  DATA_KEY_COMPRESSION 49
  DATA_RECORD_COMPRESSION 73
  DATA_RECORD_COUNT 100000
  DATA_SPACE_OCCUPIED 94
  DEPTH 1
  INDEX_COMPRESSION 28
  INDEX_FILL 34
  INDEX_SPACE_OCCUPIED 2
  LEVEL1_RECORD_COUNT 47
  MEAN_DATA_LENGTH 64
  MEAN_INDEX_LENGTH 10
  LONGEST_RECORD_LENGTH 64

ANALYSIS_OF_KEY 1
  DATA_FILL 66
  DATA_KEY_COMPRESSION 56
  DATA_RECORD_COUNT 50
  DATA_SPACE_OCCUPIED 16
  DEPTH 1
  DUPLICATES_PER_SIDR 19
  INDEX_COMPRESSION 44
  INDEX_FILL 6
  INDEX_SPACE_OCCUPIED 2
  LEVEL1_RECORD_COUNT 8
  MEAN_DATA_LENGTH 106
  MEAN_INDEX_LENGTH 12
@@ G04 output
IDENT	FDL_VERSION 02	" 7-OCT-2026 04:15:38  OpenVMS FDL Editor"

SYSTEM
	SOURCE			"OpenVMS"

FILE
	ORGANIZATION		indexed
	GLBUFF_FLAGS_V83	none

RECORD
	CARRIAGE_CONTROL	carriage_return
	FORMAT			fixed
	SIZE			64

AREA 0
	ALLOCATION		6896
	BEST_TRY_CONTIGUOUS	yes
	BUCKET_SIZE		16
	EXTENSION		1728

AREA 1
	ALLOCATION		16
	BEST_TRY_CONTIGUOUS	yes
	BUCKET_SIZE		16
	EXTENSION		16

AREA 2
	ALLOCATION		32
	BEST_TRY_CONTIGUOUS	yes
	BUCKET_SIZE		1
	EXTENSION		32

KEY 0
	CHANGES			no
	DATA_AREA		0
	DATA_FILL		100
	DATA_KEY_COMPRESSION	yes
	DATA_RECORD_COMPRESSION	yes
	DUPLICATES		no
	INDEX_AREA		1
	INDEX_COMPRESSION	no
	INDEX_FILL		100
	LEVEL1_INDEX_AREA	1
	PROLOG			3
	SEG0_LENGTH		8
	SEG0_POSITION		0
	TYPE			string

KEY 1
	CHANGES			yes
	DATA_AREA		2
	DATA_FILL		100
	DATA_KEY_COMPRESSION	yes
	DUPLICATES		yes
	INDEX_AREA		2
	INDEX_COMPRESSION	no
	INDEX_FILL		100
	LEVEL1_INDEX_AREA	2
	SEG0_LENGTH		10
	SEG0_POSITION		8
	TYPE			string
%COPY-W-INCOMPAT, SYS$SYSROOT:[SYSMGR.EDF2]T.TMP;1 (input) and SYS$SYSROOT:[SYSMGR.EDF2]G05A.FDL;1 (output) have incompatible attrib
utes
@@ G05 H2.FDL /EMPHASIS=SMALLER_BUFFERS 00000001
FILE
  ALLOCATION 128
  BEST_TRY_CONTIGUOUS no
  BUCKET_SIZE 2
  CLUSTER_SIZE 16
  CONTIGUOUS no
  EXTENSION 0
  ORGANIZATION indexed
RECORD
  BLOCK_SPAN yes
  CARRIAGE_CONTROL carriage_return
  FORMAT fixed
  SIZE 64
AREA 0
  ALLOCATION 128
  BUCKET_SIZE 2
  EXTENSION 0
KEY 0
  CHANGES no
  DATA_KEY_COMPRESSION yes
  DATA_RECORD_COMPRESSION yes
  DATA_AREA 0
  DATA_FILL 100
  DUPLICATES no
  INDEX_AREA 0
  INDEX_COMPRESSION yes
  INDEX_FILL 100
  LEVEL1_INDEX_AREA 0
  NAME ""
  NULL_KEY no
  PROLOG 3
  SEG0_LENGTH 8
  SEG0_POSITION 0
  TYPE string
KEY 1
  CHANGES yes
  DATA_KEY_COMPRESSION yes
  DATA_AREA 0
  DATA_FILL 100
  DUPLICATES yes
  INDEX_AREA 0
  INDEX_COMPRESSION yes
  INDEX_FILL 100
  LEVEL1_INDEX_AREA 0
  NAME ""
  NULL_KEY no
  SEG0_LENGTH 10
  SEG0_POSITION 8
  TYPE string

ANALYSIS_OF_AREA 0
  RECLAIMED_SPACE 0

ANALYSIS_OF_KEY 0
  DATA_FILL 72
  DATA_KEY_COMPRESSION 49
  DATA_RECORD_COMPRESSION 73
  DATA_RECORD_COUNT 100000
  DATA_SPACE_OCCUPIED 94
  DEPTH 1
  INDEX_COMPRESSION 28
  INDEX_FILL 34
  INDEX_SPACE_OCCUPIED 2
  LEVEL1_RECORD_COUNT 47
  MEAN_DATA_LENGTH 64
  MEAN_INDEX_LENGTH 10
  LONGEST_RECORD_LENGTH 64

ANALYSIS_OF_KEY 1
  DATA_FILL 66
  DATA_KEY_COMPRESSION 56
  DATA_RECORD_COUNT 50
  DATA_SPACE_OCCUPIED 16
  DEPTH 1
  DUPLICATES_PER_SIDR 19
  INDEX_COMPRESSION 44
  INDEX_FILL 6
  INDEX_SPACE_OCCUPIED 2
  LEVEL1_RECORD_COUNT 8
  MEAN_DATA_LENGTH 106
  MEAN_INDEX_LENGTH 12
@@ G05 output
IDENT	FDL_VERSION 02	" 7-OCT-2026 04:15:38  OpenVMS FDL Editor"

SYSTEM
	SOURCE			"OpenVMS"

FILE
	ORGANIZATION		indexed
	GLBUFF_FLAGS_V83	none

RECORD
	CARRIAGE_CONTROL	carriage_return
	FORMAT			fixed
	SIZE			64

AREA 0
	ALLOCATION		6896
	BEST_TRY_CONTIGUOUS	yes
	BUCKET_SIZE		16
	EXTENSION		1728

AREA 1
	ALLOCATION		16
	BEST_TRY_CONTIGUOUS	yes
	BUCKET_SIZE		16
	EXTENSION		16

AREA 2
	ALLOCATION		32
	BEST_TRY_CONTIGUOUS	yes
	BUCKET_SIZE		1
	EXTENSION		32

KEY 0
	CHANGES			no
	DATA_AREA		0
	DATA_FILL		100
	DATA_KEY_COMPRESSION	yes
	DATA_RECORD_COMPRESSION	yes
	DUPLICATES		no
	INDEX_AREA		1
	INDEX_COMPRESSION	no
	INDEX_FILL		100
	LEVEL1_INDEX_AREA	1
	PROLOG			3
	SEG0_LENGTH		8
	SEG0_POSITION		0
	TYPE			string

KEY 1
	CHANGES			yes
	DATA_AREA		2
	DATA_FILL		100
	DATA_KEY_COMPRESSION	yes
	DUPLICATES		yes
	INDEX_AREA		2
	INDEX_COMPRESSION	no
	INDEX_FILL		100
	LEVEL1_INDEX_AREA	2
	SEG0_LENGTH		10
	SEG0_POSITION		8
	TYPE			string
%COPY-W-INCOMPAT, SYS$SYSROOT:[SYSMGR.EDF2]T.TMP;1 (input) and SYS$SYSROOT:[SYSMGR.EDF2]I00A.FDL;1 (output) have incompatible attrib
utes
@@ I00 H2F.FDL  00000001
FILE
  ALLOCATION 128
  BEST_TRY_CONTIGUOUS no
  BUCKET_SIZE 2
  CLUSTER_SIZE 16
  CONTIGUOUS no
  EXTENSION 0
  ORGANIZATION indexed
RECORD
  BLOCK_SPAN yes
  CARRIAGE_CONTROL carriage_return
  FORMAT fixed
  SIZE 64
AREA 0
  ALLOCATION 128
  BUCKET_SIZE 2
  EXTENSION 0
KEY 0
  CHANGES no
  DATA_KEY_COMPRESSION yes
  DATA_RECORD_COMPRESSION yes
  DATA_AREA 0
  DATA_FILL 100
  DUPLICATES no
  INDEX_AREA 0
  INDEX_COMPRESSION yes
  INDEX_FILL 100
  LEVEL1_INDEX_AREA 0
  NAME ""
  NULL_KEY no
  PROLOG 3
  SEG0_LENGTH 8
  SEG0_POSITION 0
  TYPE string
KEY 1
  CHANGES yes
  DATA_KEY_COMPRESSION yes
  DATA_AREA 0
  DATA_FILL 100
  DUPLICATES yes
  INDEX_AREA 0
  INDEX_COMPRESSION yes
  INDEX_FILL 100
  LEVEL1_INDEX_AREA 0
  NAME ""
  NULL_KEY no
  SEG0_LENGTH 10
  SEG0_POSITION 8
  TYPE string

ANALYSIS_OF_AREA 0
  RECLAIMED_SPACE 0

ANALYSIS_OF_KEY 0
  DATA_FILL 72
  DATA_KEY_COMPRESSION 49
  DATA_RECORD_COMPRESSION 73
  DATA_RECORD_COUNT 10000
  DATA_SPACE_OCCUPIED 94
  DEPTH 1
  INDEX_COMPRESSION 28
  INDEX_FILL 34
  INDEX_SPACE_OCCUPIED 2
  LEVEL1_RECORD_COUNT 47
  MEAN_DATA_LENGTH 64
  MEAN_INDEX_LENGTH 10
  LONGEST_RECORD_LENGTH 64

ANALYSIS_OF_KEY 1
  DATA_FILL 66
  DATA_KEY_COMPRESSION 56
  DATA_RECORD_COUNT 50
  DATA_SPACE_OCCUPIED 16
  DEPTH 1
  DUPLICATES_PER_SIDR 19
  INDEX_COMPRESSION 44
  INDEX_FILL 6
  INDEX_SPACE_OCCUPIED 2
  LEVEL1_RECORD_COUNT 8
  MEAN_DATA_LENGTH 106
  MEAN_INDEX_LENGTH 12
@@ I00 output
IDENT	FDL_VERSION 02	" 7-OCT-2026 04:15:39  OpenVMS FDL Editor"

SYSTEM
	SOURCE			"OpenVMS"

FILE
	ORGANIZATION		indexed
	GLBUFF_FLAGS_V83	none

RECORD
	CARRIAGE_CONTROL	carriage_return
	FORMAT			fixed
	SIZE			64

AREA 0
	ALLOCATION		880
	BEST_TRY_CONTIGUOUS	yes
	BUCKET_SIZE		8
	EXTENSION		224

AREA 1
	ALLOCATION		16
	BEST_TRY_CONTIGUOUS	yes
	BUCKET_SIZE		8
	EXTENSION		16

AREA 2
	ALLOCATION		32
	BEST_TRY_CONTIGUOUS	yes
	BUCKET_SIZE		1
	EXTENSION		32

KEY 0
	CHANGES			no
	DATA_AREA		0
	DATA_FILL		80
	DATA_KEY_COMPRESSION	yes
	DATA_RECORD_COMPRESSION	yes
	DUPLICATES		no
	INDEX_AREA		1
	INDEX_COMPRESSION	no
	INDEX_FILL		80
	LEVEL1_INDEX_AREA	1
	PROLOG			3
	SEG0_LENGTH		8
	SEG0_POSITION		0
	TYPE			string

KEY 1
	CHANGES			yes
	DATA_AREA		2
	DATA_FILL		60
	DATA_KEY_COMPRESSION	yes
	DUPLICATES		yes
	INDEX_AREA		2
	INDEX_COMPRESSION	no
	INDEX_FILL		60
	LEVEL1_INDEX_AREA	2
	SEG0_LENGTH		10
	SEG0_POSITION		8
	TYPE			string
%COPY-W-INCOMPAT, SYS$SYSROOT:[SYSMGR.EDF2]T.TMP;1 (input) and SYS$SYSROOT:[SYSMGR.EDF2]I01A.FDL;1 (output) have incompatible attrib
utes
@@ I01 H2B.FDL  00000001
FILE
  ALLOCATION 128
  BEST_TRY_CONTIGUOUS no
  BUCKET_SIZE 2
  CLUSTER_SIZE 16
  CONTIGUOUS no
  EXTENSION 0
  ORGANIZATION indexed
RECORD
  BLOCK_SPAN yes
  CARRIAGE_CONTROL carriage_return
  FORMAT fixed
  SIZE 64
AREA 0
  ALLOCATION 128
  BUCKET_SIZE 2
  EXTENSION 0
KEY 0
  CHANGES no
  DATA_KEY_COMPRESSION yes
  DATA_RECORD_COMPRESSION yes
  DATA_AREA 0
  DATA_FILL 100
  DUPLICATES no
  INDEX_AREA 0
  INDEX_COMPRESSION yes
  INDEX_FILL 100
  LEVEL1_INDEX_AREA 0
  NAME ""
  NULL_KEY no
  PROLOG 3
  SEG0_LENGTH 8
  SEG0_POSITION 0
  TYPE string
KEY 1
  CHANGES yes
  DATA_KEY_COMPRESSION yes
  DATA_AREA 0
  DATA_FILL 100
  DUPLICATES yes
  INDEX_AREA 0
  INDEX_COMPRESSION yes
  INDEX_FILL 100
  LEVEL1_INDEX_AREA 0
  NAME ""
  NULL_KEY no
  SEG0_LENGTH 10
  SEG0_POSITION 8
  TYPE string

ANALYSIS_OF_AREA 0
  RECLAIMED_SPACE 0

ANALYSIS_OF_KEY 0
  DATA_FILL 72
  DATA_KEY_COMPRESSION 49
  DATA_RECORD_COMPRESSION 73
  DATA_RECORD_COUNT 10000
  DATA_SPACE_OCCUPIED 94
  DEPTH 1
  INDEX_COMPRESSION 28
  INDEX_FILL 34
  INDEX_SPACE_OCCUPIED 2
  LEVEL1_RECORD_COUNT 47
  MEAN_DATA_LENGTH 64
  MEAN_INDEX_LENGTH 10
  LONGEST_RECORD_LENGTH 64

ANALYSIS_OF_KEY 1
  DATA_FILL 66
  DATA_KEY_COMPRESSION 56
  DATA_RECORD_COUNT 50
  DATA_SPACE_OCCUPIED 16
  DEPTH 1
  DUPLICATES_PER_SIDR 19
  INDEX_COMPRESSION 44
  INDEX_FILL 6
  INDEX_SPACE_OCCUPIED 2
  LEVEL1_RECORD_COUNT 8
  MEAN_DATA_LENGTH 106
  MEAN_INDEX_LENGTH 12
@@ I01 output
IDENT	FDL_VERSION 02	" 7-OCT-2026 04:15:39  OpenVMS FDL Editor"

SYSTEM
	SOURCE			"OpenVMS"

FILE
	ORGANIZATION		indexed
	GLBUFF_FLAGS_V83	none

RECORD
	CARRIAGE_CONTROL	carriage_return
	FORMAT			fixed
	SIZE			64

AREA 0
	ALLOCATION		736
	BEST_TRY_CONTIGUOUS	yes
	BUCKET_SIZE		5
	EXTENSION		240

AREA 1
	ALLOCATION		80
	BEST_TRY_CONTIGUOUS	yes
	BUCKET_SIZE		5
	EXTENSION		80

AREA 2
	ALLOCATION		32
	BEST_TRY_CONTIGUOUS	yes
	BUCKET_SIZE		1
	EXTENSION		32

KEY 0
	CHANGES			no
	DATA_AREA		0
	DATA_FILL		100
	DATA_KEY_COMPRESSION	yes
	DATA_RECORD_COMPRESSION	yes
	DUPLICATES		no
	INDEX_AREA		1
	INDEX_COMPRESSION	no
	INDEX_FILL		100
	LEVEL1_INDEX_AREA	1
	PROLOG			3
	SEG0_LENGTH		8
	SEG0_POSITION		0
	TYPE			string

KEY 1
	CHANGES			yes
	DATA_AREA		2
	DATA_FILL		100
	DATA_KEY_COMPRESSION	yes
	DUPLICATES		yes
	INDEX_AREA		2
	INDEX_COMPRESSION	no
	INDEX_FILL		100
	LEVEL1_INDEX_AREA	2
	SEG0_LENGTH		10
	SEG0_POSITION		8
	TYPE			string
%COPY-W-INCOMPAT, SYS$SYSROOT:[SYSMGR.EDF2]T.TMP;1 (input) and SYS$SYSROOT:[SYSMGR.EDF2]I02A.FDL;1 (output) have incompatible attrib
utes
@@ I02 H2A.FDL  00000001
FILE
  ALLOCATION 128
  BEST_TRY_CONTIGUOUS no
  BUCKET_SIZE 2
  CLUSTER_SIZE 16
  CONTIGUOUS no
  EXTENSION 0
  ORGANIZATION indexed
RECORD
  BLOCK_SPAN yes
  CARRIAGE_CONTROL carriage_return
  FORMAT fixed
  SIZE 64
AREA 0
  ALLOCATION 128
  BUCKET_SIZE 2
  EXTENSION 0
KEY 0
  CHANGES no
  DATA_KEY_COMPRESSION yes
  DATA_RECORD_COMPRESSION yes
  DATA_AREA 0
  DATA_FILL 100
  DUPLICATES no
  INDEX_AREA 0
  INDEX_COMPRESSION yes
  INDEX_FILL 100
  LEVEL1_INDEX_AREA 0
  NAME ""
  NULL_KEY no
  PROLOG 3
  SEG0_LENGTH 8
  SEG0_POSITION 0
  TYPE string
KEY 1
  CHANGES yes
  DATA_KEY_COMPRESSION yes
  DATA_AREA 0
  DATA_FILL 100
  DUPLICATES yes
  INDEX_AREA 0
  INDEX_COMPRESSION yes
  INDEX_FILL 100
  LEVEL1_INDEX_AREA 0
  NAME ""
  NULL_KEY no
  SEG0_LENGTH 10
  SEG0_POSITION 8
  TYPE string

ANALYSIS_OF_AREA 0
  RECLAIMED_SPACE 0

ANALYSIS_OF_KEY 0
  DATA_FILL 72
  DATA_KEY_COMPRESSION 49
  DATA_RECORD_COMPRESSION 73
  DATA_RECORD_COUNT 10000
  DATA_SPACE_OCCUPIED 94
  DEPTH 1
  INDEX_COMPRESSION 28
  INDEX_FILL 34
  INDEX_SPACE_OCCUPIED 2
  LEVEL1_RECORD_COUNT 47
  MEAN_DATA_LENGTH 64
  MEAN_INDEX_LENGTH 10
  LONGEST_RECORD_LENGTH 64

ANALYSIS_OF_KEY 1
  DATA_FILL 66
  DATA_KEY_COMPRESSION 56
  DATA_RECORD_COUNT 50
  DATA_SPACE_OCCUPIED 16
  DEPTH 1
  DUPLICATES_PER_SIDR 19
  INDEX_COMPRESSION 44
  INDEX_FILL 6
  INDEX_SPACE_OCCUPIED 2
  LEVEL1_RECORD_COUNT 8
  MEAN_DATA_LENGTH 106
  MEAN_INDEX_LENGTH 12
@@ I02 output
IDENT	FDL_VERSION 02	" 7-OCT-2026 04:15:39  OpenVMS FDL Editor"

SYSTEM
	SOURCE			"OpenVMS"

FILE
	ORGANIZATION		indexed
	GLBUFF_FLAGS_V83	none

RECORD
	CARRIAGE_CONTROL	carriage_return
	FORMAT			fixed
	SIZE			64

AREA 0
	ALLOCATION		736
	BEST_TRY_CONTIGUOUS	yes
	BUCKET_SIZE		5
	EXTENSION		240

AREA 1
	ALLOCATION		80
	BEST_TRY_CONTIGUOUS	yes
	BUCKET_SIZE		5
	EXTENSION		80

AREA 2
	ALLOCATION		32
	BEST_TRY_CONTIGUOUS	yes
	BUCKET_SIZE		1
	EXTENSION		32

KEY 0
	CHANGES			no
	DATA_AREA		0
	DATA_FILL		100
	DATA_KEY_COMPRESSION	yes
	DATA_RECORD_COMPRESSION	yes
	DUPLICATES		no
	INDEX_AREA		1
	INDEX_COMPRESSION	no
	INDEX_FILL		100
	LEVEL1_INDEX_AREA	1
	PROLOG			3
	SEG0_LENGTH		8
	SEG0_POSITION		0
	TYPE			string

KEY 1
	CHANGES			yes
	DATA_AREA		2
	DATA_FILL		100
	DATA_KEY_COMPRESSION	yes
	DUPLICATES		yes
	INDEX_AREA		2
	INDEX_COMPRESSION	no
	INDEX_FILL		100
	LEVEL1_INDEX_AREA	2
	SEG0_LENGTH		10
	SEG0_POSITION		8
	TYPE			string
%COPY-W-INCOMPAT, SYS$SYSROOT:[SYSMGR.EDF2]T.TMP;1 (input) and SYS$SYSROOT:[SYSMGR.EDF2]I03A.FDL;1 (output) have incompatible attrib
utes
@@ I03 H2C.FDL  00000001
FILE
  ALLOCATION 128
  BEST_TRY_CONTIGUOUS no
  BUCKET_SIZE 2
  CLUSTER_SIZE 16
  CONTIGUOUS no
  EXTENSION 0
  ORGANIZATION indexed
RECORD
  BLOCK_SPAN yes
  CARRIAGE_CONTROL carriage_return
  FORMAT fixed
  SIZE 64
AREA 0
  ALLOCATION 128
  BUCKET_SIZE 2
  EXTENSION 0
KEY 0
  CHANGES no
  DATA_KEY_COMPRESSION yes
  DATA_RECORD_COMPRESSION yes
  DATA_AREA 0
  DATA_FILL 100
  DUPLICATES no
  INDEX_AREA 0
  INDEX_COMPRESSION yes
  INDEX_FILL 100
  LEVEL1_INDEX_AREA 0
  NAME ""
  NULL_KEY no
  PROLOG 3
  SEG0_LENGTH 8
  SEG0_POSITION 0
  TYPE string
KEY 1
  CHANGES yes
  DATA_KEY_COMPRESSION yes
  DATA_AREA 0
  DATA_FILL 100
  DUPLICATES yes
  INDEX_AREA 0
  INDEX_COMPRESSION yes
  INDEX_FILL 100
  LEVEL1_INDEX_AREA 0
  NAME ""
  NULL_KEY no
  SEG0_LENGTH 10
  SEG0_POSITION 8
  TYPE string

ANALYSIS_OF_AREA 0
  RECLAIMED_SPACE 0

ANALYSIS_OF_KEY 0
  DATA_FILL 72
  DATA_KEY_COMPRESSION 49
  DATA_RECORD_COMPRESSION 73
  DATA_RECORD_COUNT 10000
  DATA_SPACE_OCCUPIED 94
  DEPTH 1
  INDEX_COMPRESSION 28
  INDEX_FILL 34
  INDEX_SPACE_OCCUPIED 2
  LEVEL1_RECORD_COUNT 47
  MEAN_DATA_LENGTH 64
  MEAN_INDEX_LENGTH 10
  LONGEST_RECORD_LENGTH 64

ANALYSIS_OF_KEY 1
  DATA_FILL 66
  DATA_KEY_COMPRESSION 56
  DATA_RECORD_COUNT 50
  DATA_SPACE_OCCUPIED 16
  DEPTH 1
  DUPLICATES_PER_SIDR 19
  INDEX_COMPRESSION 44
  INDEX_FILL 6
  INDEX_SPACE_OCCUPIED 2
  LEVEL1_RECORD_COUNT 8
  MEAN_DATA_LENGTH 106
  MEAN_INDEX_LENGTH 12
@@ I03 output
IDENT	FDL_VERSION 02	" 7-OCT-2026 04:15:39  OpenVMS FDL Editor"

SYSTEM
	SOURCE			"OpenVMS"

FILE
	ORGANIZATION		indexed
	GLBUFF_FLAGS_V83	none

RECORD
	CARRIAGE_CONTROL	carriage_return
	FORMAT			fixed
	SIZE			64

AREA 0
	ALLOCATION		1504
	BEST_TRY_CONTIGUOUS	yes
	BUCKET_SIZE		6
	EXTENSION		384

AREA 1
	ALLOCATION		48
	BEST_TRY_CONTIGUOUS	yes
	BUCKET_SIZE		6
	EXTENSION		48

AREA 2
	ALLOCATION		32
	BEST_TRY_CONTIGUOUS	yes
	BUCKET_SIZE		1
	EXTENSION		32

KEY 0
	CHANGES			no
	DATA_AREA		0
	DATA_FILL		100
	DATA_KEY_COMPRESSION	no
	DATA_RECORD_COMPRESSION	no
	DUPLICATES		no
	INDEX_AREA		1
	INDEX_COMPRESSION	yes
	INDEX_FILL		100
	LEVEL1_INDEX_AREA	1
	PROLOG			3
	SEG0_LENGTH		8
	SEG0_POSITION		0
	TYPE			string

KEY 1
	CHANGES			yes
	DATA_AREA		2
	DATA_FILL		100
	DATA_KEY_COMPRESSION	no
	DUPLICATES		yes
	INDEX_AREA		2
	INDEX_COMPRESSION	no
	INDEX_FILL		100
	LEVEL1_INDEX_AREA	2
	SEG0_LENGTH		10
	SEG0_POSITION		8
	TYPE			string
%COPY-W-INCOMPAT, SYS$SYSROOT:[SYSMGR.EDF2]T.TMP;1 (input) and SYS$SYSROOT:[SYSMGR.EDF2]I04A.FDL;1 (output) have incompatible attrib
utes
@@ I04 H2V.FDL  00000001
FILE
  ALLOCATION 128
  BEST_TRY_CONTIGUOUS no
  BUCKET_SIZE 2
  CLUSTER_SIZE 16
  CONTIGUOUS no
  EXTENSION 0
  ORGANIZATION indexed
RECORD
  BLOCK_SPAN yes
  CARRIAGE_CONTROL carriage_return
  FORMAT fixed
  SIZE 64
AREA 0
  ALLOCATION 128
  BUCKET_SIZE 2
  EXTENSION 0
KEY 0
  CHANGES no
  DATA_KEY_COMPRESSION yes
  DATA_RECORD_COMPRESSION yes
  DATA_AREA 0
  DATA_FILL 100
  DUPLICATES no
  INDEX_AREA 0
  INDEX_COMPRESSION yes
  INDEX_FILL 100
  LEVEL1_INDEX_AREA 0
  NAME ""
  NULL_KEY no
  PROLOG 3
  SEG0_LENGTH 8
  SEG0_POSITION 0
  TYPE string
KEY 1
  CHANGES yes
  DATA_KEY_COMPRESSION yes
  DATA_AREA 0
  DATA_FILL 100
  DUPLICATES yes
  INDEX_AREA 0
  INDEX_COMPRESSION yes
  INDEX_FILL 100
  LEVEL1_INDEX_AREA 0
  NAME ""
  NULL_KEY no
  SEG0_LENGTH 10
  SEG0_POSITION 8
  TYPE string

ANALYSIS_OF_AREA 0
  RECLAIMED_SPACE 0

ANALYSIS_OF_KEY 0
  DATA_FILL 72
  DATA_KEY_COMPRESSION 49
  DATA_RECORD_COMPRESSION 73
  DATA_RECORD_COUNT 10000
  DATA_SPACE_OCCUPIED 94
  DEPTH 1
  INDEX_COMPRESSION 28
  INDEX_FILL 34
  INDEX_SPACE_OCCUPIED 2
  LEVEL1_RECORD_COUNT 47
  MEAN_DATA_LENGTH 64
  MEAN_INDEX_LENGTH 10
  LONGEST_RECORD_LENGTH 64

ANALYSIS_OF_KEY 1
  DATA_FILL 66
  DATA_KEY_COMPRESSION 56
  DATA_RECORD_COUNT 50
  DATA_SPACE_OCCUPIED 16
  DEPTH 1
  DUPLICATES_PER_SIDR 19
  INDEX_COMPRESSION 44
  INDEX_FILL 6
  INDEX_SPACE_OCCUPIED 2
  LEVEL1_RECORD_COUNT 8
  MEAN_DATA_LENGTH 106
  MEAN_INDEX_LENGTH 12
@@ I04 output
IDENT	FDL_VERSION 02	" 7-OCT-2026 04:15:40  OpenVMS FDL Editor"

SYSTEM
	SOURCE			"OpenVMS"

FILE
	ORGANIZATION		indexed
	GLBUFF_FLAGS_V83	none

RECORD
	CARRIAGE_CONTROL	carriage_return
	FORMAT			variable
	SIZE			200

AREA 0
	ALLOCATION		816
	BEST_TRY_CONTIGUOUS	yes
	BUCKET_SIZE		5
	EXTENSION		240

AREA 1
	ALLOCATION		80
	BEST_TRY_CONTIGUOUS	yes
	BUCKET_SIZE		5
	EXTENSION		80

AREA 2
	ALLOCATION		32
	BEST_TRY_CONTIGUOUS	yes
	BUCKET_SIZE		1
	EXTENSION		32

KEY 0
	CHANGES			no
	DATA_AREA		0
	DATA_FILL		100
	DATA_KEY_COMPRESSION	yes
	DATA_RECORD_COMPRESSION	yes
	DUPLICATES		no
	INDEX_AREA		1
	INDEX_COMPRESSION	no
	INDEX_FILL		100
	LEVEL1_INDEX_AREA	1
	PROLOG			3
	SEG0_LENGTH		8
	SEG0_POSITION		0
	TYPE			string

KEY 1
	CHANGES			yes
	DATA_AREA		2
	DATA_FILL		100
	DATA_KEY_COMPRESSION	yes
	DUPLICATES		yes
	INDEX_AREA		2
	INDEX_COMPRESSION	no
	INDEX_FILL		100
	LEVEL1_INDEX_AREA	2
	SEG0_LENGTH		10
	SEG0_POSITION		8
	TYPE			string
@@ end
$ 