$ SET DEFAULT SYS$LOGIN
$ CREATE/DIRECTORY [.EDF3]
$ SET DEFAULT [.EDF3]
$ CREATE D1.FDL
FILE
  ORGANIZATION indexed
RECORD
  FORMAT fixed
  SIZE 64
KEY 0
  SEG0_LENGTH 8
  SEG0_POSITION 0
  DUPLICATES no
  CHANGES no
*EXIT*
$ CREATE D1A.FDL
FILE
  ALLOCATION 128
  BEST_TRY_CONTIGUOUS no
  BUCKET_SIZE 2
  CLUSTER_SIZE 1
  CONTIGUOUS no
  EXTENSION 0
  ORGANIZATION indexed
RECORD
  BLOCK_SPAN yes
  CARRIAGE_CONTROL carriage_return
  FORMAT fixed
  SIZE 64
AREA 0
  ALLOCATION 128
  BUCKET_SIZE 2
  EXTENSION 0
KEY 0
  CHANGES no
  DATA_KEY_COMPRESSION yes
  DATA_RECORD_COMPRESSION yes
  DATA_AREA 0
  DATA_FILL 100
  DUPLICATES no
  INDEX_AREA 0
  INDEX_COMPRESSION yes
  INDEX_FILL 100
  LEVEL1_INDEX_AREA 0
  NAME ""
  NULL_KEY no
  PROLOG 3
  SEG0_LENGTH 8
  SEG0_POSITION 0
  TYPE string
*EXIT*
$ CREATE D2.FDL
FILE
  ORGANIZATION indexed
RECORD
  FORMAT fixed
  SIZE 64
KEY 0
  SEG0_LENGTH 4
  SEG0_POSITION 0
  DUPLICATES no
  CHANGES no
*EXIT*
$ CREATE D2A.FDL
FILE
  ALLOCATION 128
  BEST_TRY_CONTIGUOUS no
  BUCKET_SIZE 2
  CLUSTER_SIZE 1
  CONTIGUOUS no
  EXTENSION 0
  ORGANIZATION indexed
RECORD
  BLOCK_SPAN yes
  CARRIAGE_CONTROL carriage_return
  FORMAT fixed
  SIZE 64
AREA 0
  ALLOCATION 128
  BUCKET_SIZE 2
  EXTENSION 0
KEY 0
  CHANGES no
  DATA_KEY_COMPRESSION yes
  DATA_RECORD_COMPRESSION yes
  DATA_AREA 0
  DATA_FILL 100
  DUPLICATES no
  INDEX_AREA 0
  INDEX_COMPRESSION yes
  INDEX_FILL 100
  LEVEL1_INDEX_AREA 0
  NAME ""
  NULL_KEY no
  PROLOG 3
  SEG0_LENGTH 4
  SEG0_POSITION 0
  TYPE string
*EXIT*
$ CREATE D3.FDL
FILE
  ORGANIZATION indexed
RECORD
  FORMAT fixed
  SIZE 64
KEY 0
  SEG0_LENGTH 32
  SEG0_POSITION 0
  DUPLICATES no
  CHANGES no
*EXIT*
$ CREATE D3A.FDL
FILE
  ALLOCATION 128
  BEST_TRY_CONTIGUOUS no
  BUCKET_SIZE 2
  CLUSTER_SIZE 1
  CONTIGUOUS no
  EXTENSION 0
  ORGANIZATION indexed
RECORD
  BLOCK_SPAN yes
  CARRIAGE_CONTROL carriage_return
  FORMAT fixed
  SIZE 64
AREA 0
  ALLOCATION 128
  BUCKET_SIZE 2
  EXTENSION 0
KEY 0
  CHANGES no
  DATA_KEY_COMPRESSION yes
  DATA_RECORD_COMPRESSION yes
  DATA_AREA 0
  DATA_FILL 100
  DUPLICATES no
  INDEX_AREA 0
  INDEX_COMPRESSION yes
  INDEX_FILL 100
  LEVEL1_INDEX_AREA 0
  NAME ""
  NULL_KEY no
  PROLOG 3
  SEG0_LENGTH 32
  SEG0_POSITION 0
  TYPE string
*EXIT*
$ CREATE D4.FDL
FILE
  ORGANIZATION indexed
RECORD
  FORMAT fixed
  SIZE 200
KEY 0
  SEG0_LENGTH 100
  SEG0_POSITION 0
  DUPLICATES no
  CHANGES no
*EXIT*
$ CREATE D4A.FDL
FILE
  ALLOCATION 128
  BEST_TRY_CONTIGUOUS no
  BUCKET_SIZE 2
  CLUSTER_SIZE 1
  CONTIGUOUS no
  EXTENSION 0
  ORGANIZATION indexed
RECORD
  BLOCK_SPAN yes
  CARRIAGE_CONTROL carriage_return
  FORMAT fixed
  SIZE 200
AREA 0
  ALLOCATION 128
  BUCKET_SIZE 2
  EXTENSION 0
KEY 0
  CHANGES no
  DATA_KEY_COMPRESSION yes
  DATA_RECORD_COMPRESSION yes
  DATA_AREA 0
  DATA_FILL 100
  DUPLICATES no
  INDEX_AREA 0
  INDEX_COMPRESSION yes
  INDEX_FILL 100
  LEVEL1_INDEX_AREA 0
  NAME ""
  NULL_KEY no
  PROLOG 3
  SEG0_LENGTH 100
  SEG0_POSITION 0
  TYPE string
*EXIT*
$ CREATE D5.FDL
FILE
  ORGANIZATION indexed
RECORD
  FORMAT fixed
  SIZE 16
KEY 0
  SEG0_LENGTH 8
  SEG0_POSITION 0
  DUPLICATES no
  CHANGES no
*EXIT*
$ CREATE D5A.FDL
FILE
  ALLOCATION 128
  BEST_TRY_CONTIGUOUS no
  BUCKET_SIZE 2
  CLUSTER_SIZE 1
  CONTIGUOUS no
  EXTENSION 0
  ORGANIZATION indexed
RECORD
  BLOCK_SPAN yes
  CARRIAGE_CONTROL carriage_return
  FORMAT fixed
  SIZE 16
AREA 0
  ALLOCATION 128
  BUCKET_SIZE 2
  EXTENSION 0
KEY 0
  CHANGES no
  DATA_KEY_COMPRESSION yes
  DATA_RECORD_COMPRESSION yes
  DATA_AREA 0
  DATA_FILL 100
  DUPLICATES no
  INDEX_AREA 0
  INDEX_COMPRESSION yes
  INDEX_FILL 100
  LEVEL1_INDEX_AREA 0
  NAME ""
  NULL_KEY no
  PROLOG 3
  SEG0_LENGTH 8
  SEG0_POSITION 0
  TYPE string
*EXIT*
$ CREATE D6.FDL
FILE
  ORGANIZATION indexed
RECORD
  FORMAT fixed
  SIZE 1000
KEY 0
  SEG0_LENGTH 8
  SEG0_POSITION 0
  DUPLICATES no
  CHANGES no
*EXIT*
$ CREATE D6A.FDL
FILE
  ALLOCATION 128
  BEST_TRY_CONTIGUOUS no
  BUCKET_SIZE 2
  CLUSTER_SIZE 1
  CONTIGUOUS no
  EXTENSION 0
  ORGANIZATION indexed
RECORD
  BLOCK_SPAN yes
  CARRIAGE_CONTROL carriage_return
  FORMAT fixed
  SIZE 1000
AREA 0
  ALLOCATION 128
  BUCKET_SIZE 2
  EXTENSION 0
KEY 0
  CHANGES no
  DATA_KEY_COMPRESSION yes
  DATA_RECORD_COMPRESSION yes
  DATA_AREA 0
  DATA_FILL 100
  DUPLICATES no
  INDEX_AREA 0
  INDEX_COMPRESSION yes
  INDEX_FILL 100
  LEVEL1_INDEX_AREA 0
  NAME ""
  NULL_KEY no
  PROLOG 3
  SEG0_LENGTH 8
  SEG0_POSITION 0
  TYPE string
*EXIT*
$ CREATE D7.FDL
FILE
  ORGANIZATION indexed
RECORD
  FORMAT fixed
  SIZE 4000
KEY 0
  SEG0_LENGTH 8
  SEG0_POSITION 0
  DUPLICATES no
  CHANGES no
*EXIT*
$ CREATE D7A.FDL
FILE
  ALLOCATION 128
  BEST_TRY_CONTIGUOUS no
  BUCKET_SIZE 2
  CLUSTER_SIZE 1
  CONTIGUOUS no
  EXTENSION 0
  ORGANIZATION indexed
RECORD
  BLOCK_SPAN yes
  CARRIAGE_CONTROL carriage_return
  FORMAT fixed
  SIZE 4000
AREA 0
  ALLOCATION 128
  BUCKET_SIZE 2
  EXTENSION 0
KEY 0
  CHANGES no
  DATA_KEY_COMPRESSION yes
  DATA_RECORD_COMPRESSION yes
  DATA_AREA 0
  DATA_FILL 100
  DUPLICATES no
  INDEX_AREA 0
  INDEX_COMPRESSION yes
  INDEX_FILL 100
  LEVEL1_INDEX_AREA 0
  NAME ""
  NULL_KEY no
  PROLOG 3
  SEG0_LENGTH 8
  SEG0_POSITION 0
  TYPE string
*EXIT*
$ CREATE D8.FDL
FILE
  ORGANIZATION indexed
RECORD
  FORMAT variable
  SIZE 200
KEY 0
  SEG0_LENGTH 8
  SEG0_POSITION 0
  DUPLICATES no
  CHANGES no
*EXIT*
$ CREATE D8A.FDL
FILE
  ALLOCATION 128
  BEST_TRY_CONTIGUOUS no
  BUCKET_SIZE 2
  CLUSTER_SIZE 1
  CONTIGUOUS no
  EXTENSION 0
  ORGANIZATION indexed
RECORD
  BLOCK_SPAN yes
  CARRIAGE_CONTROL carriage_return
  FORMAT variable
  SIZE 200
AREA 0
  ALLOCATION 128
  BUCKET_SIZE 2
  EXTENSION 0
KEY 0
  CHANGES no
  DATA_KEY_COMPRESSION yes
  DATA_RECORD_COMPRESSION yes
  DATA_AREA 0
  DATA_FILL 100
  DUPLICATES no
  INDEX_AREA 0
  INDEX_COMPRESSION yes
  INDEX_FILL 100
  LEVEL1_INDEX_AREA 0
  NAME ""
  NULL_KEY no
  PROLOG 3
  SEG0_LENGTH 8
  SEG0_POSITION 0
  TYPE string
*EXIT*
$ CREATE D9.FDL
FILE
  ORGANIZATION indexed
RECORD
  FORMAT fixed
  SIZE 64
KEY 0
  SEG0_LENGTH 8
  SEG0_POSITION 0
  DUPLICATES no
  CHANGES no
  DATA_KEY_COMPRESSION no
  DATA_RECORD_COMPRESSION no
  INDEX_COMPRESSION no
*EXIT*
$ CREATE E1.FDL
FILE
  ORGANIZATION indexed
RECORD
  FORMAT fixed
  SIZE 64
KEY 0
  SEG0_LENGTH 8
  SEG0_POSITION 0
  DUPLICATES no
  CHANGES no
KEY 1
  SEG0_LENGTH 10
  SEG0_POSITION 8
  DUPLICATES yes
  CHANGES yes
*EXIT*
$ CREATE E1A.FDL
FILE
  ALLOCATION 128
  BEST_TRY_CONTIGUOUS no
  BUCKET_SIZE 2
  CLUSTER_SIZE 1
  CONTIGUOUS no
  EXTENSION 0
  ORGANIZATION indexed
RECORD
  BLOCK_SPAN yes
  CARRIAGE_CONTROL carriage_return
  FORMAT fixed
  SIZE 64
AREA 0
  ALLOCATION 128
  BUCKET_SIZE 2
  EXTENSION 0
KEY 0
  CHANGES no
  DATA_KEY_COMPRESSION yes
  DATA_RECORD_COMPRESSION yes
  DATA_AREA 0
  DATA_FILL 100
  DUPLICATES no
  INDEX_AREA 0
  INDEX_COMPRESSION yes
  INDEX_FILL 100
  LEVEL1_INDEX_AREA 0
  NAME ""
  NULL_KEY no
  PROLOG 3
  SEG0_LENGTH 8
  SEG0_POSITION 0
  TYPE string
KEY 1
  CHANGES yes
  DATA_KEY_COMPRESSION yes
  DATA_AREA 0
  DATA_FILL 100
  DUPLICATES yes
  INDEX_AREA 0
  INDEX_COMPRESSION yes
  INDEX_FILL 100
  LEVEL1_INDEX_AREA 0
  NAME ""
  NULL_KEY no
  SEG0_LENGTH 10
  SEG0_POSITION 8
  TYPE string
*EXIT*
$ CREATE D1C3A.FDL
FILE
  ALLOCATION 128
  BEST_TRY_CONTIGUOUS no
  BUCKET_SIZE 2
  CLUSTER_SIZE 3
  CONTIGUOUS no
  EXTENSION 0
  ORGANIZATION indexed
RECORD
  BLOCK_SPAN yes
  CARRIAGE_CONTROL carriage_return
  FORMAT fixed
  SIZE 64
AREA 0
  ALLOCATION 128
  BUCKET_SIZE 2
  EXTENSION 0
KEY 0
  CHANGES no
  DATA_KEY_COMPRESSION yes
  DATA_RECORD_COMPRESSION yes
  DATA_AREA 0
  DATA_FILL 100
  DUPLICATES no
  INDEX_AREA 0
  INDEX_COMPRESSION yes
  INDEX_FILL 100
  LEVEL1_INDEX_AREA 0
  NAME ""
  NULL_KEY no
  PROLOG 3
  SEG0_LENGTH 8
  SEG0_POSITION 0
  TYPE string
*EXIT*
$ CREATE RUN.COM
$ SET NOON
$ SET TERMINAL/TAB
$ GOSUB base
$ n0 = 1
$ CALL case S00 D1A.FDL D1.FDL "" 1
$ GOSUB base
$ n0 = 50
$ CALL case S01 D1A.FDL D1.FDL "" 1
$ GOSUB base
$ n0 = 100
$ CALL case S02 D1A.FDL D1.FDL "" 1
$ GOSUB base
$ n0 = 200
$ CALL case S03 D1A.FDL D1.FDL "" 1
$ GOSUB base
$ n0 = 300
$ CALL case S04 D1A.FDL D1.FDL "" 1
$ GOSUB base
$ n0 = 500
$ CALL case S05 D1A.FDL D1.FDL "" 1
$ GOSUB base
$ n0 = 700
$ CALL case S06 D1A.FDL D1.FDL "" 1
$ GOSUB base
$ n0 = 1000
$ CALL case S07 D1A.FDL D1.FDL "" 1
$ GOSUB base
$ n0 = 1500
$ CALL case S08 D1A.FDL D1.FDL "" 1
$ GOSUB base
$ n0 = 2000
$ CALL case S09 D1A.FDL D1.FDL "" 1
$ GOSUB base
$ n0 = 3000
$ CALL case S10 D1A.FDL D1.FDL "" 1
$ GOSUB base
$ n0 = 5000
$ CALL case S11 D1A.FDL D1.FDL "" 1
$ GOSUB base
$ n0 = 7000
$ CALL case S12 D1A.FDL D1.FDL "" 1
$ GOSUB base
$ n0 = 10000
$ CALL case S13 D1A.FDL D1.FDL "" 1
$ GOSUB base
$ n0 = 15000
$ CALL case S14 D1A.FDL D1.FDL "" 1
$ GOSUB base
$ n0 = 20000
$ CALL case S15 D1A.FDL D1.FDL "" 1
$ GOSUB base
$ n0 = 30000
$ CALL case S16 D1A.FDL D1.FDL "" 1
$ GOSUB base
$ n0 = 50000
$ CALL case S17 D1A.FDL D1.FDL "" 1
$ GOSUB base
$ n0 = 70000
$ CALL case S18 D1A.FDL D1.FDL "" 1
$ GOSUB base
$ n0 = 100000
$ CALL case S19 D1A.FDL D1.FDL "" 1
$ GOSUB base
$ n0 = 150000
$ CALL case S20 D1A.FDL D1.FDL "" 1
$ GOSUB base
$ n0 = 200000
$ CALL case S21 D1A.FDL D1.FDL "" 1
$ GOSUB base
$ n0 = 300000
$ CALL case S22 D1A.FDL D1.FDL "" 1
$ GOSUB base
$ n0 = 500000
$ CALL case S23 D1A.FDL D1.FDL "" 1
$ GOSUB base
$ n0 = 1000000
$ CALL case S24 D1A.FDL D1.FDL "" 1
$ GOSUB base
$ n0 = 2000000
$ CALL case S25 D1A.FDL D1.FDL "" 1
$ GOSUB base
$ n0 = 5000000
$ CALL case S26 D1A.FDL D1.FDL "" 1
$ GOSUB base
$ n0 = 10000000
$ CALL case S27 D1A.FDL D1.FDL "" 1
$ GOSUB base
$ n0 = 100000
$ dkc0 = 0
$ drc0 = 73
$ CALL case C00 D1A.FDL D1.FDL "" 1
$ GOSUB base
$ n0 = 100000
$ dkc0 = 25
$ drc0 = 73
$ CALL case C01 D1A.FDL D1.FDL "" 1
$ GOSUB base
$ n0 = 100000
$ dkc0 = 75
$ drc0 = 73
$ CALL case C02 D1A.FDL D1.FDL "" 1
$ GOSUB base
$ n0 = 100000
$ dkc0 = 100
$ drc0 = 73
$ CALL case C03 D1A.FDL D1.FDL "" 1
$ GOSUB base
$ n0 = 100000
$ dkc0 = 49
$ drc0 = 0
$ CALL case C04 D1A.FDL D1.FDL "" 1
$ GOSUB base
$ n0 = 100000
$ dkc0 = 49
$ drc0 = 25
$ CALL case C05 D1A.FDL D1.FDL "" 1
$ GOSUB base
$ n0 = 100000
$ dkc0 = 49
$ drc0 = 50
$ CALL case C06 D1A.FDL D1.FDL "" 1
$ GOSUB base
$ n0 = 100000
$ dkc0 = 49
$ drc0 = 100
$ CALL case C07 D1A.FDL D1.FDL "" 1
$ GOSUB base
$ n0 = 1000
$ CALL case U00 D1A.FDL D9.FDL "" 1
$ GOSUB base
$ n0 = 10000
$ CALL case U01 D1A.FDL D9.FDL "" 1
$ GOSUB base
$ n0 = 100000
$ CALL case U02 D1A.FDL D9.FDL "" 1
$ GOSUB base
$ n0 = 1000000
$ CALL case U03 D1A.FDL D9.FDL "" 1
$ GOSUB base
$ n0 = 10000
$ CALL case K00 D2A.FDL D2.FDL "" 1
$ GOSUB base
$ n0 = 100000
$ CALL case K01 D2A.FDL D2.FDL "" 1
$ GOSUB base
$ n0 = 1000000
$ CALL case K02 D2A.FDL D2.FDL "" 1
$ GOSUB base
$ n0 = 10000
$ CALL case K03 D3A.FDL D3.FDL "" 1
$ GOSUB base
$ n0 = 100000
$ CALL case K04 D3A.FDL D3.FDL "" 1
$ GOSUB base
$ n0 = 1000000
$ CALL case K05 D3A.FDL D3.FDL "" 1
$ GOSUB base
$ n0 = 10000
$ CALL case K06 D4A.FDL D4.FDL "" 1
$ GOSUB base
$ n0 = 100000
$ CALL case K07 D4A.FDL D4.FDL "" 1
$ GOSUB base
$ n0 = 1000000
$ CALL case K08 D4A.FDL D4.FDL "" 1
$ GOSUB base
$ n0 = 10000
$ CALL case R00 D5A.FDL D5.FDL "" 1
$ GOSUB base
$ n0 = 100000
$ CALL case R01 D5A.FDL D5.FDL "" 1
$ GOSUB base
$ n0 = 10000
$ CALL case R02 D6A.FDL D6.FDL "" 1
$ GOSUB base
$ n0 = 100000
$ CALL case R03 D6A.FDL D6.FDL "" 1
$ GOSUB base
$ n0 = 10000
$ CALL case R04 D7A.FDL D7.FDL "" 1
$ GOSUB base
$ n0 = 100000
$ CALL case R05 D7A.FDL D7.FDL "" 1
$ GOSUB base
$ n0 = 10000
$ mdl0 = 30
$ lrl0 = 200
$ CALL case V00 D8A.FDL D8.FDL "" 1
$ GOSUB base
$ n0 = 10000
$ mdl0 = 100
$ lrl0 = 200
$ CALL case V01 D8A.FDL D8.FDL "" 1
$ GOSUB base
$ n0 = 10000
$ mdl0 = 190
$ lrl0 = 200
$ CALL case V02 D8A.FDL D8.FDL "" 1
$ GOSUB base
$ n0 = 100000
$ mdl0 = 100
$ lrl0 = 200
$ CALL case V03 D8A.FDL D8.FDL "" 1
$ GOSUB base
$ n0 = 10000
$ n1 = 100
$ dps1 = 0
$ mdl1 = 20
$ CALL case A00 E1A.FDL E1.FDL "" 2
$ GOSUB base
$ n0 = 10000
$ n1 = 1000
$ dps1 = 0
$ mdl1 = 20
$ CALL case A01 E1A.FDL E1.FDL "" 2
$ GOSUB base
$ n0 = 10000
$ n1 = 10000
$ dps1 = 0
$ mdl1 = 20
$ CALL case A02 E1A.FDL E1.FDL "" 2
$ GOSUB base
$ n0 = 10000
$ n1 = 1000
$ dps1 = 9
$ mdl1 = 106
$ CALL case A03 E1A.FDL E1.FDL "" 2
$ GOSUB base
$ n0 = 10000
$ n1 = 1000
$ dps1 = 99
$ mdl1 = 1000
$ CALL case A04 E1A.FDL E1.FDL "" 2
$ GOSUB base
$ n0 = 10000
$ n1 = 10000
$ dps1 = 0
$ mdl1 = 106
$ CALL case A05 E1A.FDL E1.FDL "" 2
$ GOSUB base
$ n0 = 10000
$ n1 = 10000
$ dps1 = 9
$ mdl1 = 20
$ CALL case A06 E1A.FDL E1.FDL "" 2
$ GOSUB base
$ n0 = 10000
$ n1 = 3000
$ dps1 = 2
$ mdl1 = 20
$ CALL case A07 E1A.FDL E1.FDL "" 2
$ GOSUB base
$ n0 = 1000000
$ CALL case Q00 D1A.FDL D1.FDL "/EMPHASIS=SMALLER_BUFFERS" 1
$ GOSUB base
$ n0 = 1000000
$ CALL case Q01 D1A.FDL D1.FDL "/EMPHASIS=FLATTER_FILES" 1
$ GOSUB base
$ n0 = 10000
$ CALL case Q02 D1C3A.FDL D1.FDL "" 1
$ GOSUB base
$ n0 = 100000
$ CALL case Q03 D1C3A.FDL D1.FDL "" 1
$ WRITE SYS$OUTPUT "@@ end"
$ EXIT
$base:
$ n0 = 1000
$ df0 = 72
$ dkc0 = 49
$ drc0 = 73
$ dso0 = 94
$ dep0 = 1
$ ic0 = 28
$ if0 = 34
$ iso0 = 2
$ l10 = 47
$ mdl0 = 64
$ mil0 = 10
$ lrl0 = 64
$ n1 = 50
$ df1 = 66
$ dkc1 = 56
$ dso1 = 16
$ dep1 = 1
$ dps1 = 19
$ ic1 = 44
$ if1 = 6
$ iso1 = 2
$ l11 = 8
$ mdl1 = 106
$ mil1 = 12
$ RETURN
$case: SUBROUTINE
$ OPEN/WRITE t T.TMP
$ WRITE t ""
$ WRITE t "ANALYSIS_OF_AREA 0"
$ WRITE t "  RECLAIMED_SPACE 0"
$ CALL aok 0
$ IF P5 .GT. 1 THEN CALL aok 1
$ IF P5 .GT. 2 THEN CALL aok 2
$ CLOSE t
$ COPY 'P2'+T.TMP 'P1'A.FDL
$ DELETE T.TMP;*
$ EDIT/FDL/NOINTERACTIVE/ANALYSIS='P1'A.FDL/OUTPUT='P1'O.FDL'P4' 'P3'
$ st = $STATUS
$ WRITE SYS$OUTPUT "@@ ", P1, " ", P3, " ", P4, " ", F$FAO("!XL", F$INTEGER(st))
$ TYPE 'P1'A.FDL
$ WRITE SYS$OUTPUT "@@ ", P1, " output"
$ TYPE 'P1'O.FDL
$ ENDSUBROUTINE
$aok: SUBROUTINE
$ WRITE t ""
$ WRITE t "ANALYSIS_OF_KEY ", P1
$ WRITE t "  DATA_FILL ", df'P1'
$ WRITE t "  DATA_KEY_COMPRESSION ", dkc'P1'
$ IF P1 .EQ. 0 THEN WRITE t "  DATA_RECORD_COMPRESSION ", drc0
$ WRITE t "  DATA_RECORD_COUNT ", n'P1'
$ WRITE t "  DATA_SPACE_OCCUPIED ", dso'P1'
$ WRITE t "  DEPTH ", dep'P1'
$ IF P1 .GT. 0 THEN WRITE t "  DUPLICATES_PER_SIDR ", dps'P1'
$ WRITE t "  INDEX_COMPRESSION ", ic'P1'
$ WRITE t "  INDEX_FILL ", if'P1'
$ WRITE t "  INDEX_SPACE_OCCUPIED ", iso'P1'
$ WRITE t "  LEVEL1_RECORD_COUNT ", l1'P1'
$ WRITE t "  MEAN_DATA_LENGTH ", mdl'P1'
$ WRITE t "  MEAN_INDEX_LENGTH ", mil'P1'
$ IF P1 .EQ. 0 THEN WRITE t "  LONGEST_RECORD_LENGTH ", lrl0
$ ENDSUBROUTINE
*EXIT*
$ @RUN
%COPY-W-INCOMPAT, SYS$SYSROOT:[SYSMGR.EDF3]T.TMP;1 (input) and SYS$SYSROOT:[SYSMGR.EDF3]S00A.FDL;1 (output) have incompatible attrib
utes
@@ S00 D1.FDL  00000001
FILE
  ALLOCATION 128
  BEST_TRY_CONTIGUOUS no
  BUCKET_SIZE 2
  CLUSTER_SIZE 1
  CONTIGUOUS no
  EXTENSION 0
  ORGANIZATION indexed
RECORD
  BLOCK_SPAN yes
  CARRIAGE_CONTROL carriage_return
  FORMAT fixed
  SIZE 64
AREA 0
  ALLOCATION 128
  BUCKET_SIZE 2
  EXTENSION 0
KEY 0
  CHANGES no
  DATA_KEY_COMPRESSION yes
  DATA_RECORD_COMPRESSION yes
  DATA_AREA 0
  DATA_FILL 100
  DUPLICATES no
  INDEX_AREA 0
  INDEX_COMPRESSION yes
  INDEX_FILL 100
  LEVEL1_INDEX_AREA 0
  NAME ""
  NULL_KEY no
  PROLOG 3
  SEG0_LENGTH 8
  SEG0_POSITION 0
  TYPE string

ANALYSIS_OF_AREA 0
  RECLAIMED_SPACE 0

ANALYSIS_OF_KEY 0
  DATA_FILL 72
  DATA_KEY_COMPRESSION 49
  DATA_RECORD_COMPRESSION 73
  DATA_RECORD_COUNT 1
  DATA_SPACE_OCCUPIED 94
  DEPTH 1
  INDEX_COMPRESSION 28
  INDEX_FILL 34
  INDEX_SPACE_OCCUPIED 2
  LEVEL1_RECORD_COUNT 47
  MEAN_DATA_LENGTH 64
  MEAN_INDEX_LENGTH 10
  LONGEST_RECORD_LENGTH 64
@@ S00 output
IDENT	FDL_VERSION 02	" 7-OCT-2026 04:28:31  OpenVMS FDL Editor"

SYSTEM
	SOURCE			"OpenVMS"

FILE
	ORGANIZATION		indexed
	GLBUFF_FLAGS_V83	none

RECORD
	CARRIAGE_CONTROL	carriage_return
	FORMAT			fixed
	SIZE			64

AREA 0
	ALLOCATION		3
	BEST_TRY_CONTIGUOUS	yes
	BUCKET_SIZE		1
	EXTENSION		1

AREA 1
	ALLOCATION		1
	BEST_TRY_CONTIGUOUS	yes
	BUCKET_SIZE		1
	EXTENSION		1

KEY 0
	CHANGES			no
	DATA_AREA		0
	DATA_FILL		100
	DATA_KEY_COMPRESSION	yes
	DATA_RECORD_COMPRESSION	yes
	DUPLICATES		no
	INDEX_AREA		1
	INDEX_COMPRESSION	no
	INDEX_FILL		100
	LEVEL1_INDEX_AREA	1
	PROLOG			3
	SEG0_LENGTH		8
	SEG0_POSITION		0
	TYPE			string
%COPY-W-INCOMPAT, SYS$SYSROOT:[SYSMGR.EDF3]T.TMP;1 (input) and SYS$SYSROOT:[SYSMGR.EDF3]S01A.FDL;1 (output) have incompatible attrib
utes
@@ S01 D1.FDL  00000001
FILE
  ALLOCATION 128
  BEST_TRY_CONTIGUOUS no
  BUCKET_SIZE 2
  CLUSTER_SIZE 1
  CONTIGUOUS no
  EXTENSION 0
  ORGANIZATION indexed
RECORD
  BLOCK_SPAN yes
  CARRIAGE_CONTROL carriage_return
  FORMAT fixed
  SIZE 64
AREA 0
  ALLOCATION 128
  BUCKET_SIZE 2
  EXTENSION 0
KEY 0
  CHANGES no
  DATA_KEY_COMPRESSION yes
  DATA_RECORD_COMPRESSION yes
  DATA_AREA 0
  DATA_FILL 100
  DUPLICATES no
  INDEX_AREA 0
  INDEX_COMPRESSION yes
  INDEX_FILL 100
  LEVEL1_INDEX_AREA 0
  NAME ""
  NULL_KEY no
  PROLOG 3
  SEG0_LENGTH 8
  SEG0_POSITION 0
  TYPE string

ANALYSIS_OF_AREA 0
  RECLAIMED_SPACE 0

ANALYSIS_OF_KEY 0
  DATA_FILL 72
  DATA_KEY_COMPRESSION 49
  DATA_RECORD_COMPRESSION 73
  DATA_RECORD_COUNT 50
  DATA_SPACE_OCCUPIED 94
  DEPTH 1
  INDEX_COMPRESSION 28
  INDEX_FILL 34
  INDEX_SPACE_OCCUPIED 2
  LEVEL1_RECORD_COUNT 47
  MEAN_DATA_LENGTH 64
  MEAN_INDEX_LENGTH 10
  LONGEST_RECORD_LENGTH 64
@@ S01 output
IDENT	FDL_VERSION 02	" 7-OCT-2026 04:28:31  OpenVMS FDL Editor"

SYSTEM
	SOURCE			"OpenVMS"

FILE
	ORGANIZATION		indexed
	GLBUFF_FLAGS_V83	none

RECORD
	CARRIAGE_CONTROL	carriage_return
	FORMAT			fixed
	SIZE			64

AREA 0
	ALLOCATION		6
	BEST_TRY_CONTIGUOUS	yes
	BUCKET_SIZE		1
	EXTENSION		1

AREA 1
	ALLOCATION		1
	BEST_TRY_CONTIGUOUS	yes
	BUCKET_SIZE		1
	EXTENSION		1

KEY 0
	CHANGES			no
	DATA_AREA		0
	DATA_FILL		100
	DATA_KEY_COMPRESSION	yes
	DATA_RECORD_COMPRESSION	yes
	DUPLICATES		no
	INDEX_AREA		1
	INDEX_COMPRESSION	no
	INDEX_FILL		100
	LEVEL1_INDEX_AREA	1
	PROLOG			3
	SEG0_LENGTH		8
	SEG0_POSITION		0
	TYPE			string
%COPY-W-INCOMPAT, SYS$SYSROOT:[SYSMGR.EDF3]T.TMP;1 (input) and SYS$SYSROOT:[SYSMGR.EDF3]S02A.FDL;1 (output) have incompatible attrib
utes
@@ S02 D1.FDL  00000001
FILE
  ALLOCATION 128
  BEST_TRY_CONTIGUOUS no
  BUCKET_SIZE 2
  CLUSTER_SIZE 1
  CONTIGUOUS no
  EXTENSION 0
  ORGANIZATION indexed
RECORD
  BLOCK_SPAN yes
  CARRIAGE_CONTROL carriage_return
  FORMAT fixed
  SIZE 64
AREA 0
  ALLOCATION 128
  BUCKET_SIZE 2
  EXTENSION 0
KEY 0
  CHANGES no
  DATA_KEY_COMPRESSION yes
  DATA_RECORD_COMPRESSION yes
  DATA_AREA 0
  DATA_FILL 100
  DUPLICATES no
  INDEX_AREA 0
  INDEX_COMPRESSION yes
  INDEX_FILL 100
  LEVEL1_INDEX_AREA 0
  NAME ""
  NULL_KEY no
  PROLOG 3
  SEG0_LENGTH 8
  SEG0_POSITION 0
  TYPE string

ANALYSIS_OF_AREA 0
  RECLAIMED_SPACE 0

ANALYSIS_OF_KEY 0
  DATA_FILL 72
  DATA_KEY_COMPRESSION 49
  DATA_RECORD_COMPRESSION 73
  DATA_RECORD_COUNT 100
  DATA_SPACE_OCCUPIED 94
  DEPTH 1
  INDEX_COMPRESSION 28
  INDEX_FILL 34
  INDEX_SPACE_OCCUPIED 2
  LEVEL1_RECORD_COUNT 47
  MEAN_DATA_LENGTH 64
  MEAN_INDEX_LENGTH 10
  LONGEST_RECORD_LENGTH 64
@@ S02 output
IDENT	FDL_VERSION 02	" 7-OCT-2026 04:28:31  OpenVMS FDL Editor"

SYSTEM
	SOURCE			"OpenVMS"

FILE
	ORGANIZATION		indexed
	GLBUFF_FLAGS_V83	none

RECORD
	CARRIAGE_CONTROL	carriage_return
	FORMAT			fixed
	SIZE			64

AREA 0
	ALLOCATION		10
	BEST_TRY_CONTIGUOUS	yes
	BUCKET_SIZE		1
	EXTENSION		2

AREA 1
	ALLOCATION		1
	BEST_TRY_CONTIGUOUS	yes
	BUCKET_SIZE		1
	EXTENSION		1

KEY 0
	CHANGES			no
	DATA_AREA		0
	DATA_FILL		100
	DATA_KEY_COMPRESSION	yes
	DATA_RECORD_COMPRESSION	yes
	DUPLICATES		no
	INDEX_AREA		1
	INDEX_COMPRESSION	no
	INDEX_FILL		100
	LEVEL1_INDEX_AREA	1
	PROLOG			3
	SEG0_LENGTH		8
	SEG0_POSITION		0
	TYPE			string
%COPY-W-INCOMPAT, SYS$SYSROOT:[SYSMGR.EDF3]T.TMP;1 (input) and SYS$SYSROOT:[SYSMGR.EDF3]S03A.FDL;1 (output) have incompatible attrib
utes
@@ S03 D1.FDL  00000001
FILE
  ALLOCATION 128
  BEST_TRY_CONTIGUOUS no
  BUCKET_SIZE 2
  CLUSTER_SIZE 1
  CONTIGUOUS no
  EXTENSION 0
  ORGANIZATION indexed
RECORD
  BLOCK_SPAN yes
  CARRIAGE_CONTROL carriage_return
  FORMAT fixed
  SIZE 64
AREA 0
  ALLOCATION 128
  BUCKET_SIZE 2
  EXTENSION 0
KEY 0
  CHANGES no
  DATA_KEY_COMPRESSION yes
  DATA_RECORD_COMPRESSION yes
  DATA_AREA 0
  DATA_FILL 100
  DUPLICATES no
  INDEX_AREA 0
  INDEX_COMPRESSION yes
  INDEX_FILL 100
  LEVEL1_INDEX_AREA 0
  NAME ""
  NULL_KEY no
  PROLOG 3
  SEG0_LENGTH 8
  SEG0_POSITION 0
  TYPE string

ANALYSIS_OF_AREA 0
  RECLAIMED_SPACE 0

ANALYSIS_OF_KEY 0
  DATA_FILL 72
  DATA_KEY_COMPRESSION 49
  DATA_RECORD_COMPRESSION 73
  DATA_RECORD_COUNT 200
  DATA_SPACE_OCCUPIED 94
  DEPTH 1
  INDEX_COMPRESSION 28
  INDEX_FILL 34
  INDEX_SPACE_OCCUPIED 2
  LEVEL1_RECORD_COUNT 47
  MEAN_DATA_LENGTH 64
  MEAN_INDEX_LENGTH 10
  LONGEST_RECORD_LENGTH 64
@@ S03 output
IDENT	FDL_VERSION 02	" 7-OCT-2026 04:28:32  OpenVMS FDL Editor"

SYSTEM
	SOURCE			"OpenVMS"

FILE
	ORGANIZATION		indexed
	GLBUFF_FLAGS_V83	none

RECORD
	CARRIAGE_CONTROL	carriage_return
	FORMAT			fixed
	SIZE			64

AREA 0
	ALLOCATION		17
	BEST_TRY_CONTIGUOUS	yes
	BUCKET_SIZE		1
	EXTENSION		3

AREA 1
	ALLOCATION		1
	BEST_TRY_CONTIGUOUS	yes
	BUCKET_SIZE		1
	EXTENSION		1

KEY 0
	CHANGES			no
	DATA_AREA		0
	DATA_FILL		100
	DATA_KEY_COMPRESSION	yes
	DATA_RECORD_COMPRESSION	yes
	DUPLICATES		no
	INDEX_AREA		1
	INDEX_COMPRESSION	no
	INDEX_FILL		100
	LEVEL1_INDEX_AREA	1
	PROLOG			3
	SEG0_LENGTH		8
	SEG0_POSITION		0
	TYPE			string
%COPY-W-INCOMPAT, SYS$SYSROOT:[SYSMGR.EDF3]T.TMP;1 (input) and SYS$SYSROOT:[SYSMGR.EDF3]S04A.FDL;1 (output) have incompatible attrib
utes
@@ S04 D1.FDL  00000001
FILE
  ALLOCATION 128
  BEST_TRY_CONTIGUOUS no
  BUCKET_SIZE 2
  CLUSTER_SIZE 1
  CONTIGUOUS no
  EXTENSION 0
  ORGANIZATION indexed
RECORD
  BLOCK_SPAN yes
  CARRIAGE_CONTROL carriage_return
  FORMAT fixed
  SIZE 64
AREA 0
  ALLOCATION 128
  BUCKET_SIZE 2
  EXTENSION 0
KEY 0
  CHANGES no
  DATA_KEY_COMPRESSION yes
  DATA_RECORD_COMPRESSION yes
  DATA_AREA 0
  DATA_FILL 100
  DUPLICATES no
  INDEX_AREA 0
  INDEX_COMPRESSION yes
  INDEX_FILL 100
  LEVEL1_INDEX_AREA 0
  NAME ""
  NULL_KEY no
  PROLOG 3
  SEG0_LENGTH 8
  SEG0_POSITION 0
  TYPE string

ANALYSIS_OF_AREA 0
  RECLAIMED_SPACE 0

ANALYSIS_OF_KEY 0
  DATA_FILL 72
  DATA_KEY_COMPRESSION 49
  DATA_RECORD_COMPRESSION 73
  DATA_RECORD_COUNT 300
  DATA_SPACE_OCCUPIED 94
  DEPTH 1
  INDEX_COMPRESSION 28
  INDEX_FILL 34
  INDEX_SPACE_OCCUPIED 2
  LEVEL1_RECORD_COUNT 47
  MEAN_DATA_LENGTH 64
  MEAN_INDEX_LENGTH 10
  LONGEST_RECORD_LENGTH 64
@@ S04 output
IDENT	FDL_VERSION 02	" 7-OCT-2026 04:28:32  OpenVMS FDL Editor"

SYSTEM
	SOURCE			"OpenVMS"

FILE
	ORGANIZATION		indexed
	GLBUFF_FLAGS_V83	none

RECORD
	CARRIAGE_CONTROL	carriage_return
	FORMAT			fixed
	SIZE			64

AREA 0
	ALLOCATION		24
	BEST_TRY_CONTIGUOUS	yes
	BUCKET_SIZE		1
	EXTENSION		5

AREA 1
	ALLOCATION		1
	BEST_TRY_CONTIGUOUS	yes
	BUCKET_SIZE		1
	EXTENSION		1

KEY 0
	CHANGES			no
	DATA_AREA		0
	DATA_FILL		100
	DATA_KEY_COMPRESSION	yes
	DATA_RECORD_COMPRESSION	yes
	DUPLICATES		no
	INDEX_AREA		1
	INDEX_COMPRESSION	no
	INDEX_FILL		100
	LEVEL1_INDEX_AREA	1
	PROLOG			3
	SEG0_LENGTH		8
	SEG0_POSITION		0
	TYPE			string
%COPY-W-INCOMPAT, SYS$SYSROOT:[SYSMGR.EDF3]T.TMP;1 (input) and SYS$SYSROOT:[SYSMGR.EDF3]S05A.FDL;1 (output) have incompatible attrib
utes
@@ S05 D1.FDL  00000001
FILE
  ALLOCATION 128
  BEST_TRY_CONTIGUOUS no
  BUCKET_SIZE 2
  CLUSTER_SIZE 1
  CONTIGUOUS no
  EXTENSION 0
  ORGANIZATION indexed
RECORD
  BLOCK_SPAN yes
  CARRIAGE_CONTROL carriage_return
  FORMAT fixed
  SIZE 64
AREA 0
  ALLOCATION 128
  BUCKET_SIZE 2
  EXTENSION 0
KEY 0
  CHANGES no
  DATA_KEY_COMPRESSION yes
  DATA_RECORD_COMPRESSION yes
  DATA_AREA 0
  DATA_FILL 100
  DUPLICATES no
  INDEX_AREA 0
  INDEX_COMPRESSION yes
  INDEX_FILL 100
  LEVEL1_INDEX_AREA 0
  NAME ""
  NULL_KEY no
  PROLOG 3
  SEG0_LENGTH 8
  SEG0_POSITION 0
  TYPE string

ANALYSIS_OF_AREA 0
  RECLAIMED_SPACE 0

ANALYSIS_OF_KEY 0
  DATA_FILL 72
  DATA_KEY_COMPRESSION 49
  DATA_RECORD_COMPRESSION 73
  DATA_RECORD_COUNT 500
  DATA_SPACE_OCCUPIED 94
  DEPTH 1
  INDEX_COMPRESSION 28
  INDEX_FILL 34
  INDEX_SPACE_OCCUPIED 2
  LEVEL1_RECORD_COUNT 47
  MEAN_DATA_LENGTH 64
  MEAN_INDEX_LENGTH 10
  LONGEST_RECORD_LENGTH 64
@@ S05 output
IDENT	FDL_VERSION 02	" 7-OCT-2026 04:28:32  OpenVMS FDL Editor"

SYSTEM
	SOURCE			"OpenVMS"

FILE
	ORGANIZATION		indexed
	GLBUFF_FLAGS_V83	none

RECORD
	CARRIAGE_CONTROL	carriage_return
	FORMAT			fixed
	SIZE			64

AREA 0
	ALLOCATION		38
	BEST_TRY_CONTIGUOUS	yes
	BUCKET_SIZE		1
	EXTENSION		9

AREA 1
	ALLOCATION		1
	BEST_TRY_CONTIGUOUS	yes
	BUCKET_SIZE		1
	EXTENSION		1

KEY 0
	CHANGES			no
	DATA_AREA		0
	DATA_FILL		100
	DATA_KEY_COMPRESSION	yes
	DATA_RECORD_COMPRESSION	yes
	DUPLICATES		no
	INDEX_AREA		1
	INDEX_COMPRESSION	no
	INDEX_FILL		100
	LEVEL1_INDEX_AREA	1
	PROLOG			3
	SEG0_LENGTH		8
	SEG0_POSITION		0
	TYPE			string
%COPY-W-INCOMPAT, SYS$SYSROOT:[SYSMGR.EDF3]T.TMP;1 (input) and SYS$SYSROOT:[SYSMGR.EDF3]S06A.FDL;1 (output) have incompatible attrib
utes
@@ S06 D1.FDL  00000001
FILE
  ALLOCATION 128
  BEST_TRY_CONTIGUOUS no
  BUCKET_SIZE 2
  CLUSTER_SIZE 1
  CONTIGUOUS no
  EXTENSION 0
  ORGANIZATION indexed
RECORD
  BLOCK_SPAN yes
  CARRIAGE_CONTROL carriage_return
  FORMAT fixed
  SIZE 64
AREA 0
  ALLOCATION 128
  BUCKET_SIZE 2
  EXTENSION 0
KEY 0
  CHANGES no
  DATA_KEY_COMPRESSION yes
  DATA_RECORD_COMPRESSION yes
  DATA_AREA 0
  DATA_FILL 100
  DUPLICATES no
  INDEX_AREA 0
  INDEX_COMPRESSION yes
  INDEX_FILL 100
  LEVEL1_INDEX_AREA 0
  NAME ""
  NULL_KEY no
  PROLOG 3
  SEG0_LENGTH 8
  SEG0_POSITION 0
  TYPE string

ANALYSIS_OF_AREA 0
  RECLAIMED_SPACE 0

ANALYSIS_OF_KEY 0
  DATA_FILL 72
  DATA_KEY_COMPRESSION 49
  DATA_RECORD_COMPRESSION 73
  DATA_RECORD_COUNT 700
  DATA_SPACE_OCCUPIED 94
  DEPTH 1
  INDEX_COMPRESSION 28
  INDEX_FILL 34
  INDEX_SPACE_OCCUPIED 2
  LEVEL1_RECORD_COUNT 47
  MEAN_DATA_LENGTH 64
  MEAN_INDEX_LENGTH 10
  LONGEST_RECORD_LENGTH 64
@@ S06 output
IDENT	FDL_VERSION 02	" 7-OCT-2026 04:28:32  OpenVMS FDL Editor"

SYSTEM
	SOURCE			"OpenVMS"

FILE
	ORGANIZATION		indexed
	GLBUFF_FLAGS_V83	none

RECORD
	CARRIAGE_CONTROL	carriage_return
	FORMAT			fixed
	SIZE			64

AREA 0
	ALLOCATION		52
	BEST_TRY_CONTIGUOUS	yes
	BUCKET_SIZE		2
	EXTENSION		12

AREA 1
	ALLOCATION		2
	BEST_TRY_CONTIGUOUS	yes
	BUCKET_SIZE		2
	EXTENSION		2

KEY 0
	CHANGES			no
	DATA_AREA		0
	DATA_FILL		100
	DATA_KEY_COMPRESSION	yes
	DATA_RECORD_COMPRESSION	yes
	DUPLICATES		no
	INDEX_AREA		1
	INDEX_COMPRESSION	no
	INDEX_FILL		100
	LEVEL1_INDEX_AREA	1
	PROLOG			3
	SEG0_LENGTH		8
	SEG0_POSITION		0
	TYPE			string
%COPY-W-INCOMPAT, SYS$SYSROOT:[SYSMGR.EDF3]T.TMP;1 (input) and SYS$SYSROOT:[SYSMGR.EDF3]S07A.FDL;1 (output) have incompatible attrib
utes
@@ S07 D1.FDL  00000001
FILE
  ALLOCATION 128
  BEST_TRY_CONTIGUOUS no
  BUCKET_SIZE 2
  CLUSTER_SIZE 1
  CONTIGUOUS no
  EXTENSION 0
  ORGANIZATION indexed
RECORD
  BLOCK_SPAN yes
  CARRIAGE_CONTROL carriage_return
  FORMAT fixed
  SIZE 64
AREA 0
  ALLOCATION 128
  BUCKET_SIZE 2
  EXTENSION 0
KEY 0
  CHANGES no
  DATA_KEY_COMPRESSION yes
  DATA_RECORD_COMPRESSION yes
  DATA_AREA 0
  DATA_FILL 100
  DUPLICATES no
  INDEX_AREA 0
  INDEX_COMPRESSION yes
  INDEX_FILL 100
  LEVEL1_INDEX_AREA 0
  NAME ""
  NULL_KEY no
  PROLOG 3
  SEG0_LENGTH 8
  SEG0_POSITION 0
  TYPE string

ANALYSIS_OF_AREA 0
  RECLAIMED_SPACE 0

ANALYSIS_OF_KEY 0
  DATA_FILL 72
  DATA_KEY_COMPRESSION 49
  DATA_RECORD_COMPRESSION 73
  DATA_RECORD_COUNT 1000
  DATA_SPACE_OCCUPIED 94
  DEPTH 1
  INDEX_COMPRESSION 28
  INDEX_FILL 34
  INDEX_SPACE_OCCUPIED 2
  LEVEL1_RECORD_COUNT 47
  MEAN_DATA_LENGTH 64
  MEAN_INDEX_LENGTH 10
  LONGEST_RECORD_LENGTH 64
@@ S07 output
IDENT	FDL_VERSION 02	" 7-OCT-2026 04:28:33  OpenVMS FDL Editor"

SYSTEM
	SOURCE			"OpenVMS"

FILE
	ORGANIZATION		indexed
	GLBUFF_FLAGS_V83	none

RECORD
	CARRIAGE_CONTROL	carriage_return
	FORMAT			fixed
	SIZE			64

AREA 0
	ALLOCATION		74
	BEST_TRY_CONTIGUOUS	yes
	BUCKET_SIZE		2
	EXTENSION		18

AREA 1
	ALLOCATION		2
	BEST_TRY_CONTIGUOUS	yes
	BUCKET_SIZE		2
	EXTENSION		2

KEY 0
	CHANGES			no
	DATA_AREA		0
	DATA_FILL		100
	DATA_KEY_COMPRESSION	yes
	DATA_RECORD_COMPRESSION	yes
	DUPLICATES		no
	INDEX_AREA		1
	INDEX_COMPRESSION	no
	INDEX_FILL		100
	LEVEL1_INDEX_AREA	1
	PROLOG			3
	SEG0_LENGTH		8
	SEG0_POSITION		0
	TYPE			string
%COPY-W-INCOMPAT, SYS$SYSROOT:[SYSMGR.EDF3]T.TMP;1 (input) and SYS$SYSROOT:[SYSMGR.EDF3]S08A.FDL;1 (output) have incompatible attrib
utes
@@ S08 D1.FDL  00000001
FILE
  ALLOCATION 128
  BEST_TRY_CONTIGUOUS no
  BUCKET_SIZE 2
  CLUSTER_SIZE 1
  CONTIGUOUS no
  EXTENSION 0
  ORGANIZATION indexed
RECORD
  BLOCK_SPAN yes
  CARRIAGE_CONTROL carriage_return
  FORMAT fixed
  SIZE 64
AREA 0
  ALLOCATION 128
  BUCKET_SIZE 2
  EXTENSION 0
KEY 0
  CHANGES no
  DATA_KEY_COMPRESSION yes
  DATA_RECORD_COMPRESSION yes
  DATA_AREA 0
  DATA_FILL 100
  DUPLICATES no
  INDEX_AREA 0
  INDEX_COMPRESSION yes
  INDEX_FILL 100
  LEVEL1_INDEX_AREA 0
  NAME ""
  NULL_KEY no
  PROLOG 3
  SEG0_LENGTH 8
  SEG0_POSITION 0
  TYPE string

ANALYSIS_OF_AREA 0
  RECLAIMED_SPACE 0

ANALYSIS_OF_KEY 0
  DATA_FILL 72
  DATA_KEY_COMPRESSION 49
  DATA_RECORD_COMPRESSION 73
  DATA_RECORD_COUNT 1500
  DATA_SPACE_OCCUPIED 94
  DEPTH 1
  INDEX_COMPRESSION 28
  INDEX_FILL 34
  INDEX_SPACE_OCCUPIED 2
  LEVEL1_RECORD_COUNT 47
  MEAN_DATA_LENGTH 64
  MEAN_INDEX_LENGTH 10
  LONGEST_RECORD_LENGTH 64
@@ S08 output
IDENT	FDL_VERSION 02	" 7-OCT-2026 04:28:33  OpenVMS FDL Editor"

SYSTEM
	SOURCE			"OpenVMS"

FILE
	ORGANIZATION		indexed
	GLBUFF_FLAGS_V83	none

RECORD
	CARRIAGE_CONTROL	carriage_return
	FORMAT			fixed
	SIZE			64

AREA 0
	ALLOCATION		110
	BEST_TRY_CONTIGUOUS	yes
	BUCKET_SIZE		2
	EXTENSION		28

AREA 1
	ALLOCATION		2
	BEST_TRY_CONTIGUOUS	yes
	BUCKET_SIZE		2
	EXTENSION		2

KEY 0
	CHANGES			no
	DATA_AREA		0
	DATA_FILL		100
	DATA_KEY_COMPRESSION	yes
	DATA_RECORD_COMPRESSION	yes
	DUPLICATES		no
	INDEX_AREA		1
	INDEX_COMPRESSION	no
	INDEX_FILL		100
	LEVEL1_INDEX_AREA	1
	PROLOG			3
	SEG0_LENGTH		8
	SEG0_POSITION		0
	TYPE			string
%COPY-W-INCOMPAT, SYS$SYSROOT:[SYSMGR.EDF3]T.TMP;1 (input) and SYS$SYSROOT:[SYSMGR.EDF3]S09A.FDL;1 (output) have incompatible attrib
utes
@@ S09 D1.FDL  00000001
FILE
  ALLOCATION 128
  BEST_TRY_CONTIGUOUS no
  BUCKET_SIZE 2
  CLUSTER_SIZE 1
  CONTIGUOUS no
  EXTENSION 0
  ORGANIZATION indexed
RECORD
  BLOCK_SPAN yes
  CARRIAGE_CONTROL carriage_return
  FORMAT fixed
  SIZE 64
AREA 0
  ALLOCATION 128
  BUCKET_SIZE 2
  EXTENSION 0
KEY 0
  CHANGES no
  DATA_KEY_COMPRESSION yes
  DATA_RECORD_COMPRESSION yes
  DATA_AREA 0
  DATA_FILL 100
  DUPLICATES no
  INDEX_AREA 0
  INDEX_COMPRESSION yes
  INDEX_FILL 100
  LEVEL1_INDEX_AREA 0
  NAME ""
  NULL_KEY no
  PROLOG 3
  SEG0_LENGTH 8
  SEG0_POSITION 0
  TYPE string

ANALYSIS_OF_AREA 0
  RECLAIMED_SPACE 0

ANALYSIS_OF_KEY 0
  DATA_FILL 72
  DATA_KEY_COMPRESSION 49
  DATA_RECORD_COMPRESSION 73
  DATA_RECORD_COUNT 2000
  DATA_SPACE_OCCUPIED 94
  DEPTH 1
  INDEX_COMPRESSION 28
  INDEX_FILL 34
  INDEX_SPACE_OCCUPIED 2
  LEVEL1_RECORD_COUNT 47
  MEAN_DATA_LENGTH 64
  MEAN_INDEX_LENGTH 10
  LONGEST_RECORD_LENGTH 64
@@ S09 output
IDENT	FDL_VERSION 02	" 7-OCT-2026 04:28:33  OpenVMS FDL Editor"

SYSTEM
	SOURCE			"OpenVMS"

FILE
	ORGANIZATION		indexed
	GLBUFF_FLAGS_V83	none

RECORD
	CARRIAGE_CONTROL	carriage_return
	FORMAT			fixed
	SIZE			64

AREA 0
	ALLOCATION		146
	BEST_TRY_CONTIGUOUS	yes
	BUCKET_SIZE		2
	EXTENSION		36

AREA 1
	ALLOCATION		2
	BEST_TRY_CONTIGUOUS	yes
	BUCKET_SIZE		2
	EXTENSION		2

KEY 0
	CHANGES			no
	DATA_AREA		0
	DATA_FILL		100
	DATA_KEY_COMPRESSION	yes
	DATA_RECORD_COMPRESSION	yes
	DUPLICATES		no
	INDEX_AREA		1
	INDEX_COMPRESSION	no
	INDEX_FILL		100
	LEVEL1_INDEX_AREA	1
	PROLOG			3
	SEG0_LENGTH		8
	SEG0_POSITION		0
	TYPE			string
%COPY-W-INCOMPAT, SYS$SYSROOT:[SYSMGR.EDF3]T.TMP;1 (input) and SYS$SYSROOT:[SYSMGR.EDF3]S10A.FDL;1 (output) have incompatible attrib
utes
@@ S10 D1.FDL  00000001
FILE
  ALLOCATION 128
  BEST_TRY_CONTIGUOUS no
  BUCKET_SIZE 2
  CLUSTER_SIZE 1
  CONTIGUOUS no
  EXTENSION 0
  ORGANIZATION indexed
RECORD
  BLOCK_SPAN yes
  CARRIAGE_CONTROL carriage_return
  FORMAT fixed
  SIZE 64
AREA 0
  ALLOCATION 128
  BUCKET_SIZE 2
  EXTENSION 0
KEY 0
  CHANGES no
  DATA_KEY_COMPRESSION yes
  DATA_RECORD_COMPRESSION yes
  DATA_AREA 0
  DATA_FILL 100
  DUPLICATES no
  INDEX_AREA 0
  INDEX_COMPRESSION yes
  INDEX_FILL 100
  LEVEL1_INDEX_AREA 0
  NAME ""
  NULL_KEY no
  PROLOG 3
  SEG0_LENGTH 8
  SEG0_POSITION 0
  TYPE string

ANALYSIS_OF_AREA 0
  RECLAIMED_SPACE 0

ANALYSIS_OF_KEY 0
  DATA_FILL 72
  DATA_KEY_COMPRESSION 49
  DATA_RECORD_COMPRESSION 73
  DATA_RECORD_COUNT 3000
  DATA_SPACE_OCCUPIED 94
  DEPTH 1
  INDEX_COMPRESSION 28
  INDEX_FILL 34
  INDEX_SPACE_OCCUPIED 2
  LEVEL1_RECORD_COUNT 47
  MEAN_DATA_LENGTH 64
  MEAN_INDEX_LENGTH 10
  LONGEST_RECORD_LENGTH 64
@@ S10 output
IDENT	FDL_VERSION 02	" 7-OCT-2026 04:28:33  OpenVMS FDL Editor"

SYSTEM
	SOURCE			"OpenVMS"

FILE
	ORGANIZATION		indexed
	GLBUFF_FLAGS_V83	none

RECORD
	CARRIAGE_CONTROL	carriage_return
	FORMAT			fixed
	SIZE			64

AREA 0
	ALLOCATION		212
	BEST_TRY_CONTIGUOUS	yes
	BUCKET_SIZE		3
	EXTENSION		54

AREA 1
	ALLOCATION		3
	BEST_TRY_CONTIGUOUS	yes
	BUCKET_SIZE		3
	EXTENSION		3

KEY 0
	CHANGES			no
	DATA_AREA		0
	DATA_FILL		100
	DATA_KEY_COMPRESSION	yes
	DATA_RECORD_COMPRESSION	yes
	DUPLICATES		no
	INDEX_AREA		1
	INDEX_COMPRESSION	no
	INDEX_FILL		100
	LEVEL1_INDEX_AREA	1
	PROLOG			3
	SEG0_LENGTH		8
	SEG0_POSITION		0
	TYPE			string
%COPY-W-INCOMPAT, SYS$SYSROOT:[SYSMGR.EDF3]T.TMP;1 (input) and SYS$SYSROOT:[SYSMGR.EDF3]S11A.FDL;1 (output) have incompatible attrib
utes
@@ S11 D1.FDL  00000001
FILE
  ALLOCATION 128
  BEST_TRY_CONTIGUOUS no
  BUCKET_SIZE 2
  CLUSTER_SIZE 1
  CONTIGUOUS no
  EXTENSION 0
  ORGANIZATION indexed
RECORD
  BLOCK_SPAN yes
  CARRIAGE_CONTROL carriage_return
  FORMAT fixed
  SIZE 64
AREA 0
  ALLOCATION 128
  BUCKET_SIZE 2
  EXTENSION 0
KEY 0
  CHANGES no
  DATA_KEY_COMPRESSION yes
  DATA_RECORD_COMPRESSION yes
  DATA_AREA 0
  DATA_FILL 100
  DUPLICATES no
  INDEX_AREA 0
  INDEX_COMPRESSION yes
  INDEX_FILL 100
  LEVEL1_INDEX_AREA 0
  NAME ""
  NULL_KEY no
  PROLOG 3
  SEG0_LENGTH 8
  SEG0_POSITION 0
  TYPE string

ANALYSIS_OF_AREA 0
  RECLAIMED_SPACE 0

ANALYSIS_OF_KEY 0
  DATA_FILL 72
  DATA_KEY_COMPRESSION 49
  DATA_RECORD_COMPRESSION 73
  DATA_RECORD_COUNT 5000
  DATA_SPACE_OCCUPIED 94
  DEPTH 1
  INDEX_COMPRESSION 28
  INDEX_FILL 34
  INDEX_SPACE_OCCUPIED 2
  LEVEL1_RECORD_COUNT 47
  MEAN_DATA_LENGTH 64
  MEAN_INDEX_LENGTH 10
  LONGEST_RECORD_LENGTH 64
@@ S11 output
IDENT	FDL_VERSION 02	" 7-OCT-2026 04:28:34  OpenVMS FDL Editor"

SYSTEM
	SOURCE			"OpenVMS"

FILE
	ORGANIZATION		indexed
	GLBUFF_FLAGS_V83	none

RECORD
	CARRIAGE_CONTROL	carriage_return
	FORMAT			fixed
	SIZE			64

AREA 0
	ALLOCATION		353
	BEST_TRY_CONTIGUOUS	yes
	BUCKET_SIZE		3
	EXTENSION		87

AREA 1
	ALLOCATION		3
	BEST_TRY_CONTIGUOUS	yes
	BUCKET_SIZE		3
	EXTENSION		3

KEY 0
	CHANGES			no
	DATA_AREA		0
	DATA_FILL		100
	DATA_KEY_COMPRESSION	yes
	DATA_RECORD_COMPRESSION	yes
	DUPLICATES		no
	INDEX_AREA		1
	INDEX_COMPRESSION	no
	INDEX_FILL		100
	LEVEL1_INDEX_AREA	1
	PROLOG			3
	SEG0_LENGTH		8
	SEG0_POSITION		0
	TYPE			string
%COPY-W-INCOMPAT, SYS$SYSROOT:[SYSMGR.EDF3]T.TMP;1 (input) and SYS$SYSROOT:[SYSMGR.EDF3]S12A.FDL;1 (output) have incompatible attrib
utes
@@ S12 D1.FDL  00000001
FILE
  ALLOCATION 128
  BEST_TRY_CONTIGUOUS no
  BUCKET_SIZE 2
  CLUSTER_SIZE 1
  CONTIGUOUS no
  EXTENSION 0
  ORGANIZATION indexed
RECORD
  BLOCK_SPAN yes
  CARRIAGE_CONTROL carriage_return
  FORMAT fixed
  SIZE 64
AREA 0
  ALLOCATION 128
  BUCKET_SIZE 2
  EXTENSION 0
KEY 0
  CHANGES no
  DATA_KEY_COMPRESSION yes
  DATA_RECORD_COMPRESSION yes
  DATA_AREA 0
  DATA_FILL 100
  DUPLICATES no
  INDEX_AREA 0
  INDEX_COMPRESSION yes
  INDEX_FILL 100
  LEVEL1_INDEX_AREA 0
  NAME ""
  NULL_KEY no
  PROLOG 3
  SEG0_LENGTH 8
  SEG0_POSITION 0
  TYPE string

ANALYSIS_OF_AREA 0
  RECLAIMED_SPACE 0

ANALYSIS_OF_KEY 0
  DATA_FILL 72
  DATA_KEY_COMPRESSION 49
  DATA_RECORD_COMPRESSION 73
  DATA_RECORD_COUNT 7000
  DATA_SPACE_OCCUPIED 94
  DEPTH 1
  INDEX_COMPRESSION 28
  INDEX_FILL 34
  INDEX_SPACE_OCCUPIED 2
  LEVEL1_RECORD_COUNT 47
  MEAN_DATA_LENGTH 64
  MEAN_INDEX_LENGTH 10
  LONGEST_RECORD_LENGTH 64
@@ S12 output
IDENT	FDL_VERSION 02	" 7-OCT-2026 04:28:34  OpenVMS FDL Editor"

SYSTEM
	SOURCE			"OpenVMS"

FILE
	ORGANIZATION		indexed
	GLBUFF_FLAGS_V83	none

RECORD
	CARRIAGE_CONTROL	carriage_return
	FORMAT			fixed
	SIZE			64

AREA 0
	ALLOCATION		486
	BEST_TRY_CONTIGUOUS	yes
	BUCKET_SIZE		4
	EXTENSION		124

AREA 1
	ALLOCATION		4
	BEST_TRY_CONTIGUOUS	yes
	BUCKET_SIZE		4
	EXTENSION		4

KEY 0
	CHANGES			no
	DATA_AREA		0
	DATA_FILL		100
	DATA_KEY_COMPRESSION	yes
	DATA_RECORD_COMPRESSION	yes
	DUPLICATES		no
	INDEX_AREA		1
	INDEX_COMPRESSION	no
	INDEX_FILL		100
	LEVEL1_INDEX_AREA	1
	PROLOG			3
	SEG0_LENGTH		8
	SEG0_POSITION		0
	TYPE			string
%COPY-W-INCOMPAT, SYS$SYSROOT:[SYSMGR.EDF3]T.TMP;1 (input) and SYS$SYSROOT:[SYSMGR.EDF3]S13A.FDL;1 (output) have incompatible attrib
utes
@@ S13 D1.FDL  00000001
FILE
  ALLOCATION 128
  BEST_TRY_CONTIGUOUS no
  BUCKET_SIZE 2
  CLUSTER_SIZE 1
  CONTIGUOUS no
  EXTENSION 0
  ORGANIZATION indexed
RECORD
  BLOCK_SPAN yes
  CARRIAGE_CONTROL carriage_return
  FORMAT fixed
  SIZE 64
AREA 0
  ALLOCATION 128
  BUCKET_SIZE 2
  EXTENSION 0
KEY 0
  CHANGES no
  DATA_KEY_COMPRESSION yes
  DATA_RECORD_COMPRESSION yes
  DATA_AREA 0
  DATA_FILL 100
  DUPLICATES no
  INDEX_AREA 0
  INDEX_COMPRESSION yes
  INDEX_FILL 100
  LEVEL1_INDEX_AREA 0
  NAME ""
  NULL_KEY no
  PROLOG 3
  SEG0_LENGTH 8
  SEG0_POSITION 0
  TYPE string

ANALYSIS_OF_AREA 0
  RECLAIMED_SPACE 0

ANALYSIS_OF_KEY 0
  DATA_FILL 72
  DATA_KEY_COMPRESSION 49
  DATA_RECORD_COMPRESSION 73
  DATA_RECORD_COUNT 10000
  DATA_SPACE_OCCUPIED 94
  DEPTH 1
  INDEX_COMPRESSION 28
  INDEX_FILL 34
  INDEX_SPACE_OCCUPIED 2
  LEVEL1_RECORD_COUNT 47
  MEAN_DATA_LENGTH 64
  MEAN_INDEX_LENGTH 10
  LONGEST_RECORD_LENGTH 64
@@ S13 output
IDENT	FDL_VERSION 02	" 7-OCT-2026 04:28:34  OpenVMS FDL Editor"

SYSTEM
	SOURCE			"OpenVMS"

FILE
	ORGANIZATION		indexed
	GLBUFF_FLAGS_V83	none

RECORD
	CARRIAGE_CONTROL	carriage_return
	FORMAT			fixed
	SIZE			64

AREA 0
	ALLOCATION		697
	BEST_TRY_CONTIGUOUS	yes
	BUCKET_SIZE		5
	EXTENSION		175

AREA 1
	ALLOCATION		5
	BEST_TRY_CONTIGUOUS	yes
	BUCKET_SIZE		5
	EXTENSION		5

KEY 0
	CHANGES			no
	DATA_AREA		0
	DATA_FILL		100
	DATA_KEY_COMPRESSION	yes
	DATA_RECORD_COMPRESSION	yes
	DUPLICATES		no
	INDEX_AREA		1
	INDEX_COMPRESSION	no
	INDEX_FILL		100
	LEVEL1_INDEX_AREA	1
	PROLOG			3
	SEG0_LENGTH		8
	SEG0_POSITION		0
	TYPE			string
%COPY-W-INCOMPAT, SYS$SYSROOT:[SYSMGR.EDF3]T.TMP;1 (input) and SYS$SYSROOT:[SYSMGR.EDF3]S14A.FDL;1 (output) have incompatible attrib
utes
@@ S14 D1.FDL  00000001
FILE
  ALLOCATION 128
  BEST_TRY_CONTIGUOUS no
  BUCKET_SIZE 2
  CLUSTER_SIZE 1
  CONTIGUOUS no
  EXTENSION 0
  ORGANIZATION indexed
RECORD
  BLOCK_SPAN yes
  CARRIAGE_CONTROL carriage_return
  FORMAT fixed
  SIZE 64
AREA 0
  ALLOCATION 128
  BUCKET_SIZE 2
  EXTENSION 0
KEY 0
  CHANGES no
  DATA_KEY_COMPRESSION yes
  DATA_RECORD_COMPRESSION yes
  DATA_AREA 0
  DATA_FILL 100
  DUPLICATES no
  INDEX_AREA 0
  INDEX_COMPRESSION yes
  INDEX_FILL 100
  LEVEL1_INDEX_AREA 0
  NAME ""
  NULL_KEY no
  PROLOG 3
  SEG0_LENGTH 8
  SEG0_POSITION 0
  TYPE string

ANALYSIS_OF_AREA 0
  RECLAIMED_SPACE 0

ANALYSIS_OF_KEY 0
  DATA_FILL 72
  DATA_KEY_COMPRESSION 49
  DATA_RECORD_COMPRESSION 73
  DATA_RECORD_COUNT 15000
  DATA_SPACE_OCCUPIED 94
  DEPTH 1
  INDEX_COMPRESSION 28
  INDEX_FILL 34
  INDEX_SPACE_OCCUPIED 2
  LEVEL1_RECORD_COUNT 47
  MEAN_DATA_LENGTH 64
  MEAN_INDEX_LENGTH 10
  LONGEST_RECORD_LENGTH 64
@@ S14 output
IDENT	FDL_VERSION 02	" 7-OCT-2026 04:28:34  OpenVMS FDL Editor"

SYSTEM
	SOURCE			"OpenVMS"

FILE
	ORGANIZATION		indexed
	GLBUFF_FLAGS_V83	none

RECORD
	CARRIAGE_CONTROL	carriage_return
	FORMAT			fixed
	SIZE			64

AREA 0
	ALLOCATION		1047
	BEST_TRY_CONTIGUOUS	yes
	BUCKET_SIZE		5
	EXTENSION		265

AREA 1
	ALLOCATION		5
	BEST_TRY_CONTIGUOUS	yes
	BUCKET_SIZE		5
	EXTENSION		5

KEY 0
	CHANGES			no
	DATA_AREA		0
	DATA_FILL		100
	DATA_KEY_COMPRESSION	yes
	DATA_RECORD_COMPRESSION	yes
	DUPLICATES		no
	INDEX_AREA		1
	INDEX_COMPRESSION	no
	INDEX_FILL		100
	LEVEL1_INDEX_AREA	1
	PROLOG			3
	SEG0_LENGTH		8
	SEG0_POSITION		0
	TYPE			string
%COPY-W-INCOMPAT, SYS$SYSROOT:[SYSMGR.EDF3]T.TMP;1 (input) and SYS$SYSROOT:[SYSMGR.EDF3]S15A.FDL;1 (output) have incompatible attrib
utes
@@ S15 D1.FDL  00000001
FILE
  ALLOCATION 128
  BEST_TRY_CONTIGUOUS no
  BUCKET_SIZE 2
  CLUSTER_SIZE 1
  CONTIGUOUS no
  EXTENSION 0
  ORGANIZATION indexed
RECORD
  BLOCK_SPAN yes
  CARRIAGE_CONTROL carriage_return
  FORMAT fixed
  SIZE 64
AREA 0
  ALLOCATION 128
  BUCKET_SIZE 2
  EXTENSION 0
KEY 0
  CHANGES no
  DATA_KEY_COMPRESSION yes
  DATA_RECORD_COMPRESSION yes
  DATA_AREA 0
  DATA_FILL 100
  DUPLICATES no
  INDEX_AREA 0
  INDEX_COMPRESSION yes
  INDEX_FILL 100
  LEVEL1_INDEX_AREA 0
  NAME ""
  NULL_KEY no
  PROLOG 3
  SEG0_LENGTH 8
  SEG0_POSITION 0
  TYPE string

ANALYSIS_OF_AREA 0
  RECLAIMED_SPACE 0

ANALYSIS_OF_KEY 0
  DATA_FILL 72
  DATA_KEY_COMPRESSION 49
  DATA_RECORD_COMPRESSION 73
  DATA_RECORD_COUNT 20000
  DATA_SPACE_OCCUPIED 94
  DEPTH 1
  INDEX_COMPRESSION 28
  INDEX_FILL 34
  INDEX_SPACE_OCCUPIED 2
  LEVEL1_RECORD_COUNT 47
  MEAN_DATA_LENGTH 64
  MEAN_INDEX_LENGTH 10
  LONGEST_RECORD_LENGTH 64
@@ S15 output
IDENT	FDL_VERSION 02	" 7-OCT-2026 04:28:34  OpenVMS FDL Editor"

SYSTEM
	SOURCE			"OpenVMS"

FILE
	ORGANIZATION		indexed
	GLBUFF_FLAGS_V83	none

RECORD
	CARRIAGE_CONTROL	carriage_return
	FORMAT			fixed
	SIZE			64

AREA 0
	ALLOCATION		1382
	BEST_TRY_CONTIGUOUS	yes
	BUCKET_SIZE		6
	EXTENSION		348

AREA 1
	ALLOCATION		6
	BEST_TRY_CONTIGUOUS	yes
	BUCKET_SIZE		6
	EXTENSION		6

KEY 0
	CHANGES			no
	DATA_AREA		0
	DATA_FILL		100
	DATA_KEY_COMPRESSION	yes
	DATA_RECORD_COMPRESSION	yes
	DUPLICATES		no
	INDEX_AREA		1
	INDEX_COMPRESSION	no
	INDEX_FILL		100
	LEVEL1_INDEX_AREA	1
	PROLOG			3
	SEG0_LENGTH		8
	SEG0_POSITION		0
	TYPE			string
%COPY-W-INCOMPAT, SYS$SYSROOT:[SYSMGR.EDF3]T.TMP;1 (input) and SYS$SYSROOT:[SYSMGR.EDF3]S16A.FDL;1 (output) have incompatible attrib
utes
@@ S16 D1.FDL  00000001
FILE
  ALLOCATION 128
  BEST_TRY_CONTIGUOUS no
  BUCKET_SIZE 2
  CLUSTER_SIZE 1
  CONTIGUOUS no
  EXTENSION 0
  ORGANIZATION indexed
RECORD
  BLOCK_SPAN yes
  CARRIAGE_CONTROL carriage_return
  FORMAT fixed
  SIZE 64
AREA 0
  ALLOCATION 128
  BUCKET_SIZE 2
  EXTENSION 0
KEY 0
  CHANGES no
  DATA_KEY_COMPRESSION yes
  DATA_RECORD_COMPRESSION yes
  DATA_AREA 0
  DATA_FILL 100
  DUPLICATES no
  INDEX_AREA 0
  INDEX_COMPRESSION yes
  INDEX_FILL 100
  LEVEL1_INDEX_AREA 0
  NAME ""
  NULL_KEY no
  PROLOG 3
  SEG0_LENGTH 8
  SEG0_POSITION 0
  TYPE string

ANALYSIS_OF_AREA 0
  RECLAIMED_SPACE 0

ANALYSIS_OF_KEY 0
  DATA_FILL 72
  DATA_KEY_COMPRESSION 49
  DATA_RECORD_COMPRESSION 73
  DATA_RECORD_COUNT 30000
  DATA_SPACE_OCCUPIED 94
  DEPTH 1
  INDEX_COMPRESSION 28
  INDEX_FILL 34
  INDEX_SPACE_OCCUPIED 2
  LEVEL1_RECORD_COUNT 47
  MEAN_DATA_LENGTH 64
  MEAN_INDEX_LENGTH 10
  LONGEST_RECORD_LENGTH 64
@@ S16 output
IDENT	FDL_VERSION 02	" 7-OCT-2026 04:28:35  OpenVMS FDL Editor"

SYSTEM
	SOURCE			"OpenVMS"

FILE
	ORGANIZATION		indexed
	GLBUFF_FLAGS_V83	none

RECORD
	CARRIAGE_CONTROL	carriage_return
	FORMAT			fixed
	SIZE			64

AREA 0
	ALLOCATION		2074
	BEST_TRY_CONTIGUOUS	yes
	BUCKET_SIZE		8
	EXTENSION		520

AREA 1
	ALLOCATION		8
	BEST_TRY_CONTIGUOUS	yes
	BUCKET_SIZE		8
	EXTENSION		8

KEY 0
	CHANGES			no
	DATA_AREA		0
	DATA_FILL		100
	DATA_KEY_COMPRESSION	yes
	DATA_RECORD_COMPRESSION	yes
	DUPLICATES		no
	INDEX_AREA		1
	INDEX_COMPRESSION	no
	INDEX_FILL		100
	LEVEL1_INDEX_AREA	1
	PROLOG			3
	SEG0_LENGTH		8
	SEG0_POSITION		0
	TYPE			string
%COPY-W-INCOMPAT, SYS$SYSROOT:[SYSMGR.EDF3]T.TMP;1 (input) and SYS$SYSROOT:[SYSMGR.EDF3]S17A.FDL;1 (output) have incompatible attrib
utes
@@ S17 D1.FDL  00000001
FILE
  ALLOCATION 128
  BEST_TRY_CONTIGUOUS no
  BUCKET_SIZE 2
  CLUSTER_SIZE 1
  CONTIGUOUS no
  EXTENSION 0
  ORGANIZATION indexed
RECORD
  BLOCK_SPAN yes
  CARRIAGE_CONTROL carriage_return
  FORMAT fixed
  SIZE 64
AREA 0
  ALLOCATION 128
  BUCKET_SIZE 2
  EXTENSION 0
KEY 0
  CHANGES no
  DATA_KEY_COMPRESSION yes
  DATA_RECORD_COMPRESSION yes
  DATA_AREA 0
  DATA_FILL 100
  DUPLICATES no
  INDEX_AREA 0
  INDEX_COMPRESSION yes
  INDEX_FILL 100
  LEVEL1_INDEX_AREA 0
  NAME ""
  NULL_KEY no
  PROLOG 3
  SEG0_LENGTH 8
  SEG0_POSITION 0
  TYPE string

ANALYSIS_OF_AREA 0
  RECLAIMED_SPACE 0

ANALYSIS_OF_KEY 0
  DATA_FILL 72
  DATA_KEY_COMPRESSION 49
  DATA_RECORD_COMPRESSION 73
  DATA_RECORD_COUNT 50000
  DATA_SPACE_OCCUPIED 94
  DEPTH 1
  INDEX_COMPRESSION 28
  INDEX_FILL 34
  INDEX_SPACE_OCCUPIED 2
  LEVEL1_RECORD_COUNT 47
  MEAN_DATA_LENGTH 64
  MEAN_INDEX_LENGTH 10
  LONGEST_RECORD_LENGTH 64
@@ S17 output
IDENT	FDL_VERSION 02	" 7-OCT-2026 04:28:35  OpenVMS FDL Editor"

SYSTEM
	SOURCE			"OpenVMS"

FILE
	ORGANIZATION		indexed
	GLBUFF_FLAGS_V83	none

RECORD
	CARRIAGE_CONTROL	carriage_return
	FORMAT			fixed
	SIZE			64

AREA 0
	ALLOCATION		3440
	BEST_TRY_CONTIGUOUS	yes
	BUCKET_SIZE		9
	EXTENSION		864

AREA 1
	ALLOCATION		9
	BEST_TRY_CONTIGUOUS	yes
	BUCKET_SIZE		9
	EXTENSION		9

KEY 0
	CHANGES			no
	DATA_AREA		0
	DATA_FILL		100
	DATA_KEY_COMPRESSION	yes
	DATA_RECORD_COMPRESSION	yes
	DUPLICATES		no
	INDEX_AREA		1
	INDEX_COMPRESSION	no
	INDEX_FILL		100
	LEVEL1_INDEX_AREA	1
	PROLOG			3
	SEG0_LENGTH		8
	SEG0_POSITION		0
	TYPE			string
%COPY-W-INCOMPAT, SYS$SYSROOT:[SYSMGR.EDF3]T.TMP;1 (input) and SYS$SYSROOT:[SYSMGR.EDF3]S18A.FDL;1 (output) have incompatible attrib
utes
@@ S18 D1.FDL  00000001
FILE
  ALLOCATION 128
  BEST_TRY_CONTIGUOUS no
  BUCKET_SIZE 2
  CLUSTER_SIZE 1
  CONTIGUOUS no
  EXTENSION 0
  ORGANIZATION indexed
RECORD
  BLOCK_SPAN yes
  CARRIAGE_CONTROL carriage_return
  FORMAT fixed
  SIZE 64
AREA 0
  ALLOCATION 128
  BUCKET_SIZE 2
  EXTENSION 0
KEY 0
  CHANGES no
  DATA_KEY_COMPRESSION yes
  DATA_RECORD_COMPRESSION yes
  DATA_AREA 0
  DATA_FILL 100
  DUPLICATES no
  INDEX_AREA 0
  INDEX_COMPRESSION yes
  INDEX_FILL 100
  LEVEL1_INDEX_AREA 0
  NAME ""
  NULL_KEY no
  PROLOG 3
  SEG0_LENGTH 8
  SEG0_POSITION 0
  TYPE string

ANALYSIS_OF_AREA 0
  RECLAIMED_SPACE 0

ANALYSIS_OF_KEY 0
  DATA_FILL 72
  DATA_KEY_COMPRESSION 49
  DATA_RECORD_COMPRESSION 73
  DATA_RECORD_COUNT 70000
  DATA_SPACE_OCCUPIED 94
  DEPTH 1
  INDEX_COMPRESSION 28
  INDEX_FILL 34
  INDEX_SPACE_OCCUPIED 2
  LEVEL1_RECORD_COUNT 47
  MEAN_DATA_LENGTH 64
  MEAN_INDEX_LENGTH 10
  LONGEST_RECORD_LENGTH 64
@@ S18 output
IDENT	FDL_VERSION 02	" 7-OCT-2026 04:28:35  OpenVMS FDL Editor"

SYSTEM
	SOURCE			"OpenVMS"

FILE
	ORGANIZATION		indexed
	GLBUFF_FLAGS_V83	none

RECORD
	CARRIAGE_CONTROL	carriage_return
	FORMAT			fixed
	SIZE			64

AREA 0
	ALLOCATION		4820
	BEST_TRY_CONTIGUOUS	yes
	BUCKET_SIZE		11
	EXTENSION		1210

AREA 1
	ALLOCATION		11
	BEST_TRY_CONTIGUOUS	yes
	BUCKET_SIZE		11
	EXTENSION		11

KEY 0
	CHANGES			no
	DATA_AREA		0
	DATA_FILL		100
	DATA_KEY_COMPRESSION	yes
	DATA_RECORD_COMPRESSION	yes
	DUPLICATES		no
	INDEX_AREA		1
	INDEX_COMPRESSION	no
	INDEX_FILL		100
	LEVEL1_INDEX_AREA	1
	PROLOG			3
	SEG0_LENGTH		8
	SEG0_POSITION		0
	TYPE			string
%COPY-W-INCOMPAT, SYS$SYSROOT:[SYSMGR.EDF3]T.TMP;1 (input) and SYS$SYSROOT:[SYSMGR.EDF3]S19A.FDL;1 (output) have incompatible attrib
utes
@@ S19 D1.FDL  00000001
FILE
  ALLOCATION 128
  BEST_TRY_CONTIGUOUS no
  BUCKET_SIZE 2
  CLUSTER_SIZE 1
  CONTIGUOUS no
  EXTENSION 0
  ORGANIZATION indexed
RECORD
  BLOCK_SPAN yes
  CARRIAGE_CONTROL carriage_return
  FORMAT fixed
  SIZE 64
AREA 0
  ALLOCATION 128
  BUCKET_SIZE 2
  EXTENSION 0
KEY 0
  CHANGES no
  DATA_KEY_COMPRESSION yes
  DATA_RECORD_COMPRESSION yes
  DATA_AREA 0
  DATA_FILL 100
  DUPLICATES no
  INDEX_AREA 0
  INDEX_COMPRESSION yes
  INDEX_FILL 100
  LEVEL1_INDEX_AREA 0
  NAME ""
  NULL_KEY no
  PROLOG 3
  SEG0_LENGTH 8
  SEG0_POSITION 0
  TYPE string

ANALYSIS_OF_AREA 0
  RECLAIMED_SPACE 0

ANALYSIS_OF_KEY 0
  DATA_FILL 72
  DATA_KEY_COMPRESSION 49
  DATA_RECORD_COMPRESSION 73
  DATA_RECORD_COUNT 100000
  DATA_SPACE_OCCUPIED 94
  DEPTH 1
  INDEX_COMPRESSION 28
  INDEX_FILL 34
  INDEX_SPACE_OCCUPIED 2
  LEVEL1_RECORD_COUNT 47
  MEAN_DATA_LENGTH 64
  MEAN_INDEX_LENGTH 10
  LONGEST_RECORD_LENGTH 64
@@ S19 output
IDENT	FDL_VERSION 02	" 7-OCT-2026 04:28:35  OpenVMS FDL Editor"

SYSTEM
	SOURCE			"OpenVMS"

FILE
	ORGANIZATION		indexed
	GLBUFF_FLAGS_V83	none

RECORD
	CARRIAGE_CONTROL	carriage_return
	FORMAT			fixed
	SIZE			64

AREA 0
	ALLOCATION		6892
	BEST_TRY_CONTIGUOUS	yes
	BUCKET_SIZE		13
	EXTENSION		1729

AREA 1
	ALLOCATION		13
	BEST_TRY_CONTIGUOUS	yes
	BUCKET_SIZE		13
	EXTENSION		13

KEY 0
	CHANGES			no
	DATA_AREA		0
	DATA_FILL		100
	DATA_KEY_COMPRESSION	yes
	DATA_RECORD_COMPRESSION	yes
	DUPLICATES		no
	INDEX_AREA		1
	INDEX_COMPRESSION	no
	INDEX_FILL		100
	LEVEL1_INDEX_AREA	1
	PROLOG			3
	SEG0_LENGTH		8
	SEG0_POSITION		0
	TYPE			string
%COPY-W-INCOMPAT, SYS$SYSROOT:[SYSMGR.EDF3]T.TMP;1 (input) and SYS$SYSROOT:[SYSMGR.EDF3]S20A.FDL;1 (output) have incompatible attrib
utes
@@ S20 D1.FDL  00000001
FILE
  ALLOCATION 128
  BEST_TRY_CONTIGUOUS no
  BUCKET_SIZE 2
  CLUSTER_SIZE 1
  CONTIGUOUS no
  EXTENSION 0
  ORGANIZATION indexed
RECORD
  BLOCK_SPAN yes
  CARRIAGE_CONTROL carriage_return
  FORMAT fixed
  SIZE 64
AREA 0
  ALLOCATION 128
  BUCKET_SIZE 2
  EXTENSION 0
KEY 0
  CHANGES no
  DATA_KEY_COMPRESSION yes
  DATA_RECORD_COMPRESSION yes
  DATA_AREA 0
  DATA_FILL 100
  DUPLICATES no
  INDEX_AREA 0
  INDEX_COMPRESSION yes
  INDEX_FILL 100
  LEVEL1_INDEX_AREA 0
  NAME ""
  NULL_KEY no
  PROLOG 3
  SEG0_LENGTH 8
  SEG0_POSITION 0
  TYPE string

ANALYSIS_OF_AREA 0
  RECLAIMED_SPACE 0

ANALYSIS_OF_KEY 0
  DATA_FILL 72
  DATA_KEY_COMPRESSION 49
  DATA_RECORD_COMPRESSION 73
  DATA_RECORD_COUNT 150000
  DATA_SPACE_OCCUPIED 94
  DEPTH 1
  INDEX_COMPRESSION 28
  INDEX_FILL 34
  INDEX_SPACE_OCCUPIED 2
  LEVEL1_RECORD_COUNT 47
  MEAN_DATA_LENGTH 64
  MEAN_INDEX_LENGTH 10
  LONGEST_RECORD_LENGTH 64
@@ S20 output
IDENT	FDL_VERSION 02	" 7-OCT-2026 04:28:36  OpenVMS FDL Editor"

SYSTEM
	SOURCE			"OpenVMS"

FILE
	ORGANIZATION		indexed
	GLBUFF_FLAGS_V83	none

RECORD
	CARRIAGE_CONTROL	carriage_return
	FORMAT			fixed
	SIZE			64

AREA 0
	ALLOCATION		10306
	BEST_TRY_CONTIGUOUS	yes
	BUCKET_SIZE		16
	EXTENSION		2576

AREA 1
	ALLOCATION		16
	BEST_TRY_CONTIGUOUS	yes
	BUCKET_SIZE		16
	EXTENSION		16

KEY 0
	CHANGES			no
	DATA_AREA		0
	DATA_FILL		100
	DATA_KEY_COMPRESSION	yes
	DATA_RECORD_COMPRESSION	yes
	DUPLICATES		no
	INDEX_AREA		1
	INDEX_COMPRESSION	no
	INDEX_FILL		100
	LEVEL1_INDEX_AREA	1
	PROLOG			3
	SEG0_LENGTH		8
	SEG0_POSITION		0
	TYPE			string
%COPY-W-INCOMPAT, SYS$SYSROOT:[SYSMGR.EDF3]T.TMP;1 (input) and SYS$SYSROOT:[SYSMGR.EDF3]S21A.FDL;1 (output) have incompatible attrib
utes
@@ S21 D1.FDL  00000001
FILE
  ALLOCATION 128
  BEST_TRY_CONTIGUOUS no
  BUCKET_SIZE 2
  CLUSTER_SIZE 1
  CONTIGUOUS no
  EXTENSION 0
  ORGANIZATION indexed
RECORD
  BLOCK_SPAN yes
  CARRIAGE_CONTROL carriage_return
  FORMAT fixed
  SIZE 64
AREA 0
  ALLOCATION 128
  BUCKET_SIZE 2
  EXTENSION 0
KEY 0
  CHANGES no
  DATA_KEY_COMPRESSION yes
  DATA_RECORD_COMPRESSION yes
  DATA_AREA 0
  DATA_FILL 100
  DUPLICATES no
  INDEX_AREA 0
  INDEX_COMPRESSION yes
  INDEX_FILL 100
  LEVEL1_INDEX_AREA 0
  NAME ""
  NULL_KEY no
  PROLOG 3
  SEG0_LENGTH 8
  SEG0_POSITION 0
  TYPE string

ANALYSIS_OF_AREA 0
  RECLAIMED_SPACE 0

ANALYSIS_OF_KEY 0
  DATA_FILL 72
  DATA_KEY_COMPRESSION 49
  DATA_RECORD_COMPRESSION 73
  DATA_RECORD_COUNT 200000
  DATA_SPACE_OCCUPIED 94
  DEPTH 1
  INDEX_COMPRESSION 28
  INDEX_FILL 34
  INDEX_SPACE_OCCUPIED 2
  LEVEL1_RECORD_COUNT 47
  MEAN_DATA_LENGTH 64
  MEAN_INDEX_LENGTH 10
  LONGEST_RECORD_LENGTH 64
@@ S21 output
IDENT	FDL_VERSION 02	" 7-OCT-2026 04:28:36  OpenVMS FDL Editor"

SYSTEM
	SOURCE			"OpenVMS"

FILE
	ORGANIZATION		indexed
	GLBUFF_FLAGS_V83	none

RECORD
	CARRIAGE_CONTROL	carriage_return
	FORMAT			fixed
	SIZE			64

AREA 0
	ALLOCATION		13754
	BEST_TRY_CONTIGUOUS	yes
	BUCKET_SIZE		18
	EXTENSION		3438

AREA 1
	ALLOCATION		18
	BEST_TRY_CONTIGUOUS	yes
	BUCKET_SIZE		18
	EXTENSION		18

KEY 0
	CHANGES			no
	DATA_AREA		0
	DATA_FILL		100
	DATA_KEY_COMPRESSION	yes
	DATA_RECORD_COMPRESSION	yes
	DUPLICATES		no
	INDEX_AREA		1
	INDEX_COMPRESSION	no
	INDEX_FILL		100
	LEVEL1_INDEX_AREA	1
	PROLOG			3
	SEG0_LENGTH		8
	SEG0_POSITION		0
	TYPE			string
%COPY-W-INCOMPAT, SYS$SYSROOT:[SYSMGR.EDF3]T.TMP;1 (input) and SYS$SYSROOT:[SYSMGR.EDF3]S22A.FDL;1 (output) have incompatible attrib
utes
@@ S22 D1.FDL  00000001
FILE
  ALLOCATION 128
  BEST_TRY_CONTIGUOUS no
  BUCKET_SIZE 2
  CLUSTER_SIZE 1
  CONTIGUOUS no
  EXTENSION 0
  ORGANIZATION indexed
RECORD
  BLOCK_SPAN yes
  CARRIAGE_CONTROL carriage_return
  FORMAT fixed
  SIZE 64
AREA 0
  ALLOCATION 128
  BUCKET_SIZE 2
  EXTENSION 0
KEY 0
  CHANGES no
  DATA_KEY_COMPRESSION yes
  DATA_RECORD_COMPRESSION yes
  DATA_AREA 0
  DATA_FILL 100
  DUPLICATES no
  INDEX_AREA 0
  INDEX_COMPRESSION yes
  INDEX_FILL 100
  LEVEL1_INDEX_AREA 0
  NAME ""
  NULL_KEY no
  PROLOG 3
  SEG0_LENGTH 8
  SEG0_POSITION 0
  TYPE string

ANALYSIS_OF_AREA 0
  RECLAIMED_SPACE 0

ANALYSIS_OF_KEY 0
  DATA_FILL 72
  DATA_KEY_COMPRESSION 49
  DATA_RECORD_COMPRESSION 73
  DATA_RECORD_COUNT 300000
  DATA_SPACE_OCCUPIED 94
  DEPTH 1
  INDEX_COMPRESSION 28
  INDEX_FILL 34
  INDEX_SPACE_OCCUPIED 2
  LEVEL1_RECORD_COUNT 47
  MEAN_DATA_LENGTH 64
  MEAN_INDEX_LENGTH 10
  LONGEST_RECORD_LENGTH 64
@@ S22 output
IDENT	FDL_VERSION 02	" 7-OCT-2026 04:28:36  OpenVMS FDL Editor"

SYSTEM
	SOURCE			"OpenVMS"

FILE
	ORGANIZATION		indexed
	GLBUFF_FLAGS_V83	none

RECORD
	CARRIAGE_CONTROL	carriage_return
	FORMAT			fixed
	SIZE			64

AREA 0
	ALLOCATION		20933
	BEST_TRY_CONTIGUOUS	yes
	BUCKET_SIZE		3
	EXTENSION		5232

AREA 1
	ALLOCATION		171
	BEST_TRY_CONTIGUOUS	yes
	BUCKET_SIZE		3
	EXTENSION		42

KEY 0
	CHANGES			no
	DATA_AREA		0
	DATA_FILL		100
	DATA_KEY_COMPRESSION	yes
	DATA_RECORD_COMPRESSION	yes
	DUPLICATES		no
	INDEX_AREA		1
	INDEX_COMPRESSION	no
	INDEX_FILL		100
	LEVEL1_INDEX_AREA	1
	PROLOG			3
	SEG0_LENGTH		8
	SEG0_POSITION		0
	TYPE			string
%COPY-W-INCOMPAT, SYS$SYSROOT:[SYSMGR.EDF3]T.TMP;1 (input) and SYS$SYSROOT:[SYSMGR.EDF3]S23A.FDL;1 (output) have incompatible attrib
utes
@@ S23 D1.FDL  00000001
FILE
  ALLOCATION 128
  BEST_TRY_CONTIGUOUS no
  BUCKET_SIZE 2
  CLUSTER_SIZE 1
  CONTIGUOUS no
  EXTENSION 0
  ORGANIZATION indexed
RECORD
  BLOCK_SPAN yes
  CARRIAGE_CONTROL carriage_return
  FORMAT fixed
  SIZE 64
AREA 0
  ALLOCATION 128
  BUCKET_SIZE 2
  EXTENSION 0
KEY 0
  CHANGES no
  DATA_KEY_COMPRESSION yes
  DATA_RECORD_COMPRESSION yes
  DATA_AREA 0
  DATA_FILL 100
  DUPLICATES no
  INDEX_AREA 0
  INDEX_COMPRESSION yes
  INDEX_FILL 100
  LEVEL1_INDEX_AREA 0
  NAME ""
  NULL_KEY no
  PROLOG 3
  SEG0_LENGTH 8
  SEG0_POSITION 0
  TYPE string

ANALYSIS_OF_AREA 0
  RECLAIMED_SPACE 0

ANALYSIS_OF_KEY 0
  DATA_FILL 72
  DATA_KEY_COMPRESSION 49
  DATA_RECORD_COMPRESSION 73
  DATA_RECORD_COUNT 500000
  DATA_SPACE_OCCUPIED 94
  DEPTH 1
  INDEX_COMPRESSION 28
  INDEX_FILL 34
  INDEX_SPACE_OCCUPIED 2
  LEVEL1_RECORD_COUNT 47
  MEAN_DATA_LENGTH 64
  MEAN_INDEX_LENGTH 10
  LONGEST_RECORD_LENGTH 64
@@ S23 output
IDENT	FDL_VERSION 02	" 7-OCT-2026 04:28:36  OpenVMS FDL Editor"

SYSTEM
	SOURCE			"OpenVMS"

FILE
	ORGANIZATION		indexed
	GLBUFF_FLAGS_V83	none

RECORD
	CARRIAGE_CONTROL	carriage_return
	FORMAT			fixed
	SIZE			64

AREA 0
	ALLOCATION		34886
	BEST_TRY_CONTIGUOUS	yes
	BUCKET_SIZE		3
	EXTENSION		8721

AREA 1
	ALLOCATION		282
	BEST_TRY_CONTIGUOUS	yes
	BUCKET_SIZE		3
	EXTENSION		72

KEY 0
	CHANGES			no
	DATA_AREA		0
	DATA_FILL		100
	DATA_KEY_COMPRESSION	yes
	DATA_RECORD_COMPRESSION	yes
	DUPLICATES		no
	INDEX_AREA		1
	INDEX_COMPRESSION	no
	INDEX_FILL		100
	LEVEL1_INDEX_AREA	1
	PROLOG			3
	SEG0_LENGTH		8
	SEG0_POSITION		0
	TYPE			string
%COPY-W-INCOMPAT, SYS$SYSROOT:[SYSMGR.EDF3]T.TMP;1 (input) and SYS$SYSROOT:[SYSMGR.EDF3]S24A.FDL;1 (output) have incompatible attrib
utes
@@ S24 D1.FDL  00000001
FILE
  ALLOCATION 128
  BEST_TRY_CONTIGUOUS no
  BUCKET_SIZE 2
  CLUSTER_SIZE 1
  CONTIGUOUS no
  EXTENSION 0
  ORGANIZATION indexed
RECORD
  BLOCK_SPAN yes
  CARRIAGE_CONTROL carriage_return
  FORMAT fixed
  SIZE 64
AREA 0
  ALLOCATION 128
  BUCKET_SIZE 2
  EXTENSION 0
KEY 0
  CHANGES no
  DATA_KEY_COMPRESSION yes
  DATA_RECORD_COMPRESSION yes
  DATA_AREA 0
  DATA_FILL 100
  DUPLICATES no
  INDEX_AREA 0
  INDEX_COMPRESSION yes
  INDEX_FILL 100
  LEVEL1_INDEX_AREA 0
  NAME ""
  NULL_KEY no
  PROLOG 3
  SEG0_LENGTH 8
  SEG0_POSITION 0
  TYPE string

ANALYSIS_OF_AREA 0
  RECLAIMED_SPACE 0

ANALYSIS_OF_KEY 0
  DATA_FILL 72
  DATA_KEY_COMPRESSION 49
  DATA_RECORD_COMPRESSION 73
  DATA_RECORD_COUNT 1000000
  DATA_SPACE_OCCUPIED 94
  DEPTH 1
  INDEX_COMPRESSION 28
  INDEX_FILL 34
  INDEX_SPACE_OCCUPIED 2
  LEVEL1_RECORD_COUNT 47
  MEAN_DATA_LENGTH 64
  MEAN_INDEX_LENGTH 10
  LONGEST_RECORD_LENGTH 64
@@ S24 output
IDENT	FDL_VERSION 02	" 7-OCT-2026 04:28:37  OpenVMS FDL Editor"

SYSTEM
	SOURCE			"OpenVMS"

FILE
	ORGANIZATION		indexed
	GLBUFF_FLAGS_V83	none

RECORD
	CARRIAGE_CONTROL	carriage_return
	FORMAT			fixed
	SIZE			64

AREA 0
	ALLOCATION		68970
	BEST_TRY_CONTIGUOUS	yes
	BUCKET_SIZE		4
	EXTENSION		17244

AREA 1
	ALLOCATION		416
	BEST_TRY_CONTIGUOUS	yes
	BUCKET_SIZE		4
	EXTENSION		104

KEY 0
	CHANGES			no
	DATA_AREA		0
	DATA_FILL		100
	DATA_KEY_COMPRESSION	yes
	DATA_RECORD_COMPRESSION	yes
	DUPLICATES		no
	INDEX_AREA		1
	INDEX_COMPRESSION	no
	INDEX_FILL		100
	LEVEL1_INDEX_AREA	1
	PROLOG			3
	SEG0_LENGTH		8
	SEG0_POSITION		0
	TYPE			string
%COPY-W-INCOMPAT, SYS$SYSROOT:[SYSMGR.EDF3]T.TMP;1 (input) and SYS$SYSROOT:[SYSMGR.EDF3]S25A.FDL;1 (output) have incompatible attrib
utes
@@ S25 D1.FDL  00000001
FILE
  ALLOCATION 128
  BEST_TRY_CONTIGUOUS no
  BUCKET_SIZE 2
  CLUSTER_SIZE 1
  CONTIGUOUS no
  EXTENSION 0
  ORGANIZATION indexed
RECORD
  BLOCK_SPAN yes
  CARRIAGE_CONTROL carriage_return
  FORMAT fixed
  SIZE 64
AREA 0
  ALLOCATION 128
  BUCKET_SIZE 2
  EXTENSION 0
KEY 0
  CHANGES no
  DATA_KEY_COMPRESSION yes
  DATA_RECORD_COMPRESSION yes
  DATA_AREA 0
  DATA_FILL 100
  DUPLICATES no
  INDEX_AREA 0
  INDEX_COMPRESSION yes
  INDEX_FILL 100
  LEVEL1_INDEX_AREA 0
  NAME ""
  NULL_KEY no
  PROLOG 3
  SEG0_LENGTH 8
  SEG0_POSITION 0
  TYPE string

ANALYSIS_OF_AREA 0
  RECLAIMED_SPACE 0

ANALYSIS_OF_KEY 0
  DATA_FILL 72
  DATA_KEY_COMPRESSION 49
  DATA_RECORD_COMPRESSION 73
  DATA_RECORD_COUNT 2000000
  DATA_SPACE_OCCUPIED 94
  DEPTH 1
  INDEX_COMPRESSION 28
  INDEX_FILL 34
  INDEX_SPACE_OCCUPIED 2
  LEVEL1_RECORD_COUNT 47
  MEAN_DATA_LENGTH 64
  MEAN_INDEX_LENGTH 10
  LONGEST_RECORD_LENGTH 64
@@ S25 output
IDENT	FDL_VERSION 02	" 7-OCT-2026 04:28:37  OpenVMS FDL Editor"

SYSTEM
	SOURCE			"OpenVMS"

FILE
	ORGANIZATION		indexed
	GLBUFF_FLAGS_V83	none

RECORD
	CARRIAGE_CONTROL	carriage_return
	FORMAT			fixed
	SIZE			64

AREA 0
	ALLOCATION		138892
	BEST_TRY_CONTIGUOUS	yes
	BUCKET_SIZE		5
	EXTENSION		34725

AREA 1
	ALLOCATION		665
	BEST_TRY_CONTIGUOUS	yes
	BUCKET_SIZE		5
	EXTENSION		170

KEY 0
	CHANGES			no
	DATA_AREA		0
	DATA_FILL		100
	DATA_KEY_COMPRESSION	yes
	DATA_RECORD_COMPRESSION	yes
	DUPLICATES		no
	INDEX_AREA		1
	INDEX_COMPRESSION	no
	INDEX_FILL		100
	LEVEL1_INDEX_AREA	1
	PROLOG			3
	SEG0_LENGTH		8
	SEG0_POSITION		0
	TYPE			string
%COPY-W-INCOMPAT, SYS$SYSROOT:[SYSMGR.EDF3]T.TMP;1 (input) and SYS$SYSROOT:[SYSMGR.EDF3]S26A.FDL;1 (output) have incompatible attrib
utes
@@ S26 D1.FDL  00000001
FILE
  ALLOCATION 128
  BEST_TRY_CONTIGUOUS no
  BUCKET_SIZE 2
  CLUSTER_SIZE 1
  CONTIGUOUS no
  EXTENSION 0
  ORGANIZATION indexed
RECORD
  BLOCK_SPAN yes
  CARRIAGE_CONTROL carriage_return
  FORMAT fixed
  SIZE 64
AREA 0
  ALLOCATION 128
  BUCKET_SIZE 2
  EXTENSION 0
KEY 0
  CHANGES no
  DATA_KEY_COMPRESSION yes
  DATA_RECORD_COMPRESSION yes
  DATA_AREA 0
  DATA_FILL 100
  DUPLICATES no
  INDEX_AREA 0
  INDEX_COMPRESSION yes
  INDEX_FILL 100
  LEVEL1_INDEX_AREA 0
  NAME ""
  NULL_KEY no
  PROLOG 3
  SEG0_LENGTH 8
  SEG0_POSITION 0
  TYPE string

ANALYSIS_OF_AREA 0
  RECLAIMED_SPACE 0

ANALYSIS_OF_KEY 0
  DATA_FILL 72
  DATA_KEY_COMPRESSION 49
  DATA_RECORD_COMPRESSION 73
  DATA_RECORD_COUNT 5000000
  DATA_SPACE_OCCUPIED 94
  DEPTH 1
  INDEX_COMPRESSION 28
  INDEX_FILL 34
  INDEX_SPACE_OCCUPIED 2
  LEVEL1_RECORD_COUNT 47
  MEAN_DATA_LENGTH 64
  MEAN_INDEX_LENGTH 10
  LONGEST_RECORD_LENGTH 64
@@ S26 output
IDENT	FDL_VERSION 02	" 7-OCT-2026 04:28:37  OpenVMS FDL Editor"

SYSTEM
	SOURCE			"OpenVMS"

FILE
	ORGANIZATION		indexed
	GLBUFF_FLAGS_V83	none

RECORD
	CARRIAGE_CONTROL	carriage_return
	FORMAT			fixed
	SIZE			64

AREA 0
	ALLOCATION		344834
	BEST_TRY_CONTIGUOUS	yes
	BUCKET_SIZE		6
	EXTENSION		65532

AREA 1
	ALLOCATION		1368
	BEST_TRY_CONTIGUOUS	yes
	BUCKET_SIZE		6
	EXTENSION		342

KEY 0
	CHANGES			no
	DATA_AREA		0
	DATA_FILL		100
	DATA_KEY_COMPRESSION	yes
	DATA_RECORD_COMPRESSION	yes
	DUPLICATES		no
	INDEX_AREA		1
	INDEX_COMPRESSION	no
	INDEX_FILL		100
	LEVEL1_INDEX_AREA	1
	PROLOG			3
	SEG0_LENGTH		8
	SEG0_POSITION		0
	TYPE			string
%COPY-W-INCOMPAT, SYS$SYSROOT:[SYSMGR.EDF3]T.TMP;1 (input) and SYS$SYSROOT:[SYSMGR.EDF3]S27A.FDL;1 (output) have incompatible attrib
utes
@@ S27 D1.FDL  00000001
FILE
  ALLOCATION 128
  BEST_TRY_CONTIGUOUS no
  BUCKET_SIZE 2
  CLUSTER_SIZE 1
  CONTIGUOUS no
  EXTENSION 0
  ORGANIZATION indexed
RECORD
  BLOCK_SPAN yes
  CARRIAGE_CONTROL carriage_return
  FORMAT fixed
  SIZE 64
AREA 0
  ALLOCATION 128
  BUCKET_SIZE 2
  EXTENSION 0
KEY 0
  CHANGES no
  DATA_KEY_COMPRESSION yes
  DATA_RECORD_COMPRESSION yes
  DATA_AREA 0
  DATA_FILL 100
  DUPLICATES no
  INDEX_AREA 0
  INDEX_COMPRESSION yes
  INDEX_FILL 100
  LEVEL1_INDEX_AREA 0
  NAME ""
  NULL_KEY no
  PROLOG 3
  SEG0_LENGTH 8
  SEG0_POSITION 0
  TYPE string

ANALYSIS_OF_AREA 0
  RECLAIMED_SPACE 0

ANALYSIS_OF_KEY 0
  DATA_FILL 72
  DATA_KEY_COMPRESSION 49
  DATA_RECORD_COMPRESSION 73
  DATA_RECORD_COUNT 10000000
  DATA_SPACE_OCCUPIED 94
  DEPTH 1
  INDEX_COMPRESSION 28
  INDEX_FILL 34
  INDEX_SPACE_OCCUPIED 2
  LEVEL1_RECORD_COUNT 47
  MEAN_DATA_LENGTH 64
  MEAN_INDEX_LENGTH 10
  LONGEST_RECORD_LENGTH 64
@@ S27 output
IDENT	FDL_VERSION 02	" 7-OCT-2026 04:28:37  OpenVMS FDL Editor"

SYSTEM
	SOURCE			"OpenVMS"

FILE
	ORGANIZATION		indexed
	GLBUFF_FLAGS_V83	none

RECORD
	CARRIAGE_CONTROL	carriage_return
	FORMAT			fixed
	SIZE			64

AREA 0
	ALLOCATION		689658
	BEST_TRY_CONTIGUOUS	yes
	BUCKET_SIZE		8
	EXTENSION		65528

AREA 1
	ALLOCATION		2048
	BEST_TRY_CONTIGUOUS	yes
	BUCKET_SIZE		8
	EXTENSION		512

KEY 0
	CHANGES			no
	DATA_AREA		0
	DATA_FILL		100
	DATA_KEY_COMPRESSION	yes
	DATA_RECORD_COMPRESSION	yes
	DUPLICATES		no
	INDEX_AREA		1
	INDEX_COMPRESSION	no
	INDEX_FILL		100
	LEVEL1_INDEX_AREA	1
	PROLOG			3
	SEG0_LENGTH		8
	SEG0_POSITION		0
	TYPE			string
%COPY-W-INCOMPAT, SYS$SYSROOT:[SYSMGR.EDF3]T.TMP;1 (input) and SYS$SYSROOT:[SYSMGR.EDF3]C00A.FDL;1 (output) have incompatible attrib
utes
@@ C00 D1.FDL  00000001
FILE
  ALLOCATION 128
  BEST_TRY_CONTIGUOUS no
  BUCKET_SIZE 2
  CLUSTER_SIZE 1
  CONTIGUOUS no
  EXTENSION 0
  ORGANIZATION indexed
RECORD
  BLOCK_SPAN yes
  CARRIAGE_CONTROL carriage_return
  FORMAT fixed
  SIZE 64
AREA 0
  ALLOCATION 128
  BUCKET_SIZE 2
  EXTENSION 0
KEY 0
  CHANGES no
  DATA_KEY_COMPRESSION yes
  DATA_RECORD_COMPRESSION yes
  DATA_AREA 0
  DATA_FILL 100
  DUPLICATES no
  INDEX_AREA 0
  INDEX_COMPRESSION yes
  INDEX_FILL 100
  LEVEL1_INDEX_AREA 0
  NAME ""
  NULL_KEY no
  PROLOG 3
  SEG0_LENGTH 8
  SEG0_POSITION 0
  TYPE string

ANALYSIS_OF_AREA 0
  RECLAIMED_SPACE 0

ANALYSIS_OF_KEY 0
  DATA_FILL 72
  DATA_KEY_COMPRESSION 0
  DATA_RECORD_COMPRESSION 73
  DATA_RECORD_COUNT 100000
  DATA_SPACE_OCCUPIED 94
  DEPTH 1
  INDEX_COMPRESSION 28
  INDEX_FILL 34
  INDEX_SPACE_OCCUPIED 2
  LEVEL1_RECORD_COUNT 47
  MEAN_DATA_LENGTH 64
  MEAN_INDEX_LENGTH 10
  LONGEST_RECORD_LENGTH 64
@@ C00 output
IDENT	FDL_VERSION 02	" 7-OCT-2026 04:28:38  OpenVMS FDL Editor"

SYSTEM
	SOURCE			"OpenVMS"

FILE
	ORGANIZATION		indexed
	GLBUFF_FLAGS_V83	none

RECORD
	CARRIAGE_CONTROL	carriage_return
	FORMAT			fixed
	SIZE			64

AREA 0
	ALLOCATION		7450
	BEST_TRY_CONTIGUOUS	yes
	BUCKET_SIZE		14
	EXTENSION		1862

AREA 1
	ALLOCATION		14
	BEST_TRY_CONTIGUOUS	yes
	BUCKET_SIZE		14
	EXTENSION		14

KEY 0
	CHANGES			no
	DATA_AREA		0
	DATA_FILL		100
	DATA_KEY_COMPRESSION	yes
	DATA_RECORD_COMPRESSION	yes
	DUPLICATES		no
	INDEX_AREA		1
	INDEX_COMPRESSION	no
	INDEX_FILL		100
	LEVEL1_INDEX_AREA	1
	PROLOG			3
	SEG0_LENGTH		8
	SEG0_POSITION		0
	TYPE			string
%COPY-W-INCOMPAT, SYS$SYSROOT:[SYSMGR.EDF3]T.TMP;1 (input) and SYS$SYSROOT:[SYSMGR.EDF3]C01A.FDL;1 (output) have incompatible attrib
utes
@@ C01 D1.FDL  00000001
FILE
  ALLOCATION 128
  BEST_TRY_CONTIGUOUS no
  BUCKET_SIZE 2
  CLUSTER_SIZE 1
  CONTIGUOUS no
  EXTENSION 0
  ORGANIZATION indexed
RECORD
  BLOCK_SPAN yes
  CARRIAGE_CONTROL carriage_return
  FORMAT fixed
  SIZE 64
AREA 0
  ALLOCATION 128
  BUCKET_SIZE 2
  EXTENSION 0
KEY 0
  CHANGES no
  DATA_KEY_COMPRESSION yes
  DATA_RECORD_COMPRESSION yes
  DATA_AREA 0
  DATA_FILL 100
  DUPLICATES no
  INDEX_AREA 0
  INDEX_COMPRESSION yes
  INDEX_FILL 100
  LEVEL1_INDEX_AREA 0
  NAME ""
  NULL_KEY no
  PROLOG 3
  SEG0_LENGTH 8
  SEG0_POSITION 0
  TYPE string

ANALYSIS_OF_AREA 0
  RECLAIMED_SPACE 0

ANALYSIS_OF_KEY 0
  DATA_FILL 72
  DATA_KEY_COMPRESSION 25
  DATA_RECORD_COMPRESSION 73
  DATA_RECORD_COUNT 100000
  DATA_SPACE_OCCUPIED 94
  DEPTH 1
  INDEX_COMPRESSION 28
  INDEX_FILL 34
  INDEX_SPACE_OCCUPIED 2
  LEVEL1_RECORD_COUNT 47
  MEAN_DATA_LENGTH 64
  MEAN_INDEX_LENGTH 10
  LONGEST_RECORD_LENGTH 64
@@ C01 output
IDENT	FDL_VERSION 02	" 7-OCT-2026 04:28:38  OpenVMS FDL Editor"

SYSTEM
	SOURCE			"OpenVMS"

FILE
	ORGANIZATION		indexed
	GLBUFF_FLAGS_V83	none

RECORD
	CARRIAGE_CONTROL	carriage_return
	FORMAT			fixed
	SIZE			64

AREA 0
	ALLOCATION		7074
	BEST_TRY_CONTIGUOUS	yes
	BUCKET_SIZE		13
	EXTENSION		1768

AREA 1
	ALLOCATION		13
	BEST_TRY_CONTIGUOUS	yes
	BUCKET_SIZE		13
	EXTENSION		13

KEY 0
	CHANGES			no
	DATA_AREA		0
	DATA_FILL		100
	DATA_KEY_COMPRESSION	yes
	DATA_RECORD_COMPRESSION	yes
	DUPLICATES		no
	INDEX_AREA		1
	INDEX_COMPRESSION	no
	INDEX_FILL		100
	LEVEL1_INDEX_AREA	1
	PROLOG			3
	SEG0_LENGTH		8
	SEG0_POSITION		0
	TYPE			string
%COPY-W-INCOMPAT, SYS$SYSROOT:[SYSMGR.EDF3]T.TMP;1 (input) and SYS$SYSROOT:[SYSMGR.EDF3]C02A.FDL;1 (output) have incompatible attrib
utes
@@ C02 D1.FDL  00000001
FILE
  ALLOCATION 128
  BEST_TRY_CONTIGUOUS no
  BUCKET_SIZE 2
  CLUSTER_SIZE 1
  CONTIGUOUS no
  EXTENSION 0
  ORGANIZATION indexed
RECORD
  BLOCK_SPAN yes
  CARRIAGE_CONTROL carriage_return
  FORMAT fixed
  SIZE 64
AREA 0
  ALLOCATION 128
  BUCKET_SIZE 2
  EXTENSION 0
KEY 0
  CHANGES no
  DATA_KEY_COMPRESSION yes
  DATA_RECORD_COMPRESSION yes
  DATA_AREA 0
  DATA_FILL 100
  DUPLICATES no
  INDEX_AREA 0
  INDEX_COMPRESSION yes
  INDEX_FILL 100
  LEVEL1_INDEX_AREA 0
  NAME ""
  NULL_KEY no
  PROLOG 3
  SEG0_LENGTH 8
  SEG0_POSITION 0
  TYPE string

ANALYSIS_OF_AREA 0
  RECLAIMED_SPACE 0

ANALYSIS_OF_KEY 0
  DATA_FILL 72
  DATA_KEY_COMPRESSION 75
  DATA_RECORD_COMPRESSION 73
  DATA_RECORD_COUNT 100000
  DATA_SPACE_OCCUPIED 94
  DEPTH 1
  INDEX_COMPRESSION 28
  INDEX_FILL 34
  INDEX_SPACE_OCCUPIED 2
  LEVEL1_RECORD_COUNT 47
  MEAN_DATA_LENGTH 64
  MEAN_INDEX_LENGTH 10
  LONGEST_RECORD_LENGTH 64
@@ C02 output
IDENT	FDL_VERSION 02	" 7-OCT-2026 04:28:38  OpenVMS FDL Editor"

SYSTEM
	SOURCE			"OpenVMS"

FILE
	ORGANIZATION		indexed
	GLBUFF_FLAGS_V83	none

RECORD
	CARRIAGE_CONTROL	carriage_return
	FORMAT			fixed
	SIZE			64

AREA 0
	ALLOCATION		6294
	BEST_TRY_CONTIGUOUS	yes
	BUCKET_SIZE		13
	EXTENSION		1573

AREA 1
	ALLOCATION		13
	BEST_TRY_CONTIGUOUS	yes
	BUCKET_SIZE		13
	EXTENSION		13

KEY 0
	CHANGES			no
	DATA_AREA		0
	DATA_FILL		100
	DATA_KEY_COMPRESSION	yes
	DATA_RECORD_COMPRESSION	yes
	DUPLICATES		no
	INDEX_AREA		1
	INDEX_COMPRESSION	no
	INDEX_FILL		100
	LEVEL1_INDEX_AREA	1
	PROLOG			3
	SEG0_LENGTH		8
	SEG0_POSITION		0
	TYPE			string
%COPY-W-INCOMPAT, SYS$SYSROOT:[SYSMGR.EDF3]T.TMP;1 (input) and SYS$SYSROOT:[SYSMGR.EDF3]C03A.FDL;1 (output) have incompatible attrib
utes
@@ C03 D1.FDL  00000001
FILE
  ALLOCATION 128
  BEST_TRY_CONTIGUOUS no
  BUCKET_SIZE 2
  CLUSTER_SIZE 1
  CONTIGUOUS no
  EXTENSION 0
  ORGANIZATION indexed
RECORD
  BLOCK_SPAN yes
  CARRIAGE_CONTROL carriage_return
  FORMAT fixed
  SIZE 64
AREA 0
  ALLOCATION 128
  BUCKET_SIZE 2
  EXTENSION 0
KEY 0
  CHANGES no
  DATA_KEY_COMPRESSION yes
  DATA_RECORD_COMPRESSION yes
  DATA_AREA 0
  DATA_FILL 100
  DUPLICATES no
  INDEX_AREA 0
  INDEX_COMPRESSION yes
  INDEX_FILL 100
  LEVEL1_INDEX_AREA 0
  NAME ""
  NULL_KEY no
  PROLOG 3
  SEG0_LENGTH 8
  SEG0_POSITION 0
  TYPE string

ANALYSIS_OF_AREA 0
  RECLAIMED_SPACE 0

ANALYSIS_OF_KEY 0
  DATA_FILL 72
  DATA_KEY_COMPRESSION 100
  DATA_RECORD_COMPRESSION 73
  DATA_RECORD_COUNT 100000
  DATA_SPACE_OCCUPIED 94
  DEPTH 1
  INDEX_COMPRESSION 28
  INDEX_FILL 34
  INDEX_SPACE_OCCUPIED 2
  LEVEL1_RECORD_COUNT 47
  MEAN_DATA_LENGTH 64
  MEAN_INDEX_LENGTH 10
  LONGEST_RECORD_LENGTH 64
@@ C03 output
IDENT	FDL_VERSION 02	" 7-OCT-2026 04:28:38  OpenVMS FDL Editor"

SYSTEM
	SOURCE			"OpenVMS"

FILE
	ORGANIZATION		indexed
	GLBUFF_FLAGS_V83	none

RECORD
	CARRIAGE_CONTROL	carriage_return
	FORMAT			fixed
	SIZE			64

AREA 0
	ALLOCATION		7450
	BEST_TRY_CONTIGUOUS	yes
	BUCKET_SIZE		14
	EXTENSION		1862

AREA 1
	ALLOCATION		14
	BEST_TRY_CONTIGUOUS	yes
	BUCKET_SIZE		14
	EXTENSION		14

KEY 0
	CHANGES			no
	DATA_AREA		0
	DATA_FILL		100
	DATA_KEY_COMPRESSION	yes
	DATA_RECORD_COMPRESSION	yes
	DUPLICATES		no
	INDEX_AREA		1
	INDEX_COMPRESSION	no
	INDEX_FILL		100
	LEVEL1_INDEX_AREA	1
	PROLOG			3
	SEG0_LENGTH		8
	SEG0_POSITION		0
	TYPE			string
%COPY-W-INCOMPAT, SYS$SYSROOT:[SYSMGR.EDF3]T.TMP;1 (input) and SYS$SYSROOT:[SYSMGR.EDF3]C04A.FDL;1 (output) have incompatible attrib
utes
@@ C04 D1.FDL  00000001
FILE
  ALLOCATION 128
  BEST_TRY_CONTIGUOUS no
  BUCKET_SIZE 2
  CLUSTER_SIZE 1
  CONTIGUOUS no
  EXTENSION 0
  ORGANIZATION indexed
RECORD
  BLOCK_SPAN yes
  CARRIAGE_CONTROL carriage_return
  FORMAT fixed
  SIZE 64
AREA 0
  ALLOCATION 128
  BUCKET_SIZE 2
  EXTENSION 0
KEY 0
  CHANGES no
  DATA_KEY_COMPRESSION yes
  DATA_RECORD_COMPRESSION yes
  DATA_AREA 0
  DATA_FILL 100
  DUPLICATES no
  INDEX_AREA 0
  INDEX_COMPRESSION yes
  INDEX_FILL 100
  LEVEL1_INDEX_AREA 0
  NAME ""
  NULL_KEY no
  PROLOG 3
  SEG0_LENGTH 8
  SEG0_POSITION 0
  TYPE string

ANALYSIS_OF_AREA 0
  RECLAIMED_SPACE 0

ANALYSIS_OF_KEY 0
  DATA_FILL 72
  DATA_KEY_COMPRESSION 49
  DATA_RECORD_COMPRESSION 0
  DATA_RECORD_COUNT 100000
  DATA_SPACE_OCCUPIED 94
  DEPTH 1
  INDEX_COMPRESSION 28
  INDEX_FILL 34
  INDEX_SPACE_OCCUPIED 2
  LEVEL1_RECORD_COUNT 47
  MEAN_DATA_LENGTH 64
  MEAN_INDEX_LENGTH 10
  LONGEST_RECORD_LENGTH 64
@@ C04 output
IDENT	FDL_VERSION 02	" 7-OCT-2026 04:28:39  OpenVMS FDL Editor"

SYSTEM
	SOURCE			"OpenVMS"

FILE
	ORGANIZATION		indexed
	GLBUFF_FLAGS_V83	none

RECORD
	CARRIAGE_CONTROL	carriage_return
	FORMAT			fixed
	SIZE			64

AREA 0
	ALLOCATION		15002
	BEST_TRY_CONTIGUOUS	yes
	BUCKET_SIZE		3
	EXTENSION		3750

AREA 1
	ALLOCATION		123
	BEST_TRY_CONTIGUOUS	yes
	BUCKET_SIZE		3
	EXTENSION		30

KEY 0
	CHANGES			no
	DATA_AREA		0
	DATA_FILL		100
	DATA_KEY_COMPRESSION	yes
	DATA_RECORD_COMPRESSION	yes
	DUPLICATES		no
	INDEX_AREA		1
	INDEX_COMPRESSION	no
	INDEX_FILL		100
	LEVEL1_INDEX_AREA	1
	PROLOG			3
	SEG0_LENGTH		8
	SEG0_POSITION		0
	TYPE			string
%COPY-W-INCOMPAT, SYS$SYSROOT:[SYSMGR.EDF3]T.TMP;1 (input) and SYS$SYSROOT:[SYSMGR.EDF3]C05A.FDL;1 (output) have incompatible attrib
utes
@@ C05 D1.FDL  00000001
FILE
  ALLOCATION 128
  BEST_TRY_CONTIGUOUS no
  BUCKET_SIZE 2
  CLUSTER_SIZE 1
  CONTIGUOUS no
  EXTENSION 0
  ORGANIZATION indexed
RECORD
  BLOCK_SPAN yes
  CARRIAGE_CONTROL carriage_return
  FORMAT fixed
  SIZE 64
AREA 0
  ALLOCATION 128
  BUCKET_SIZE 2
  EXTENSION 0
KEY 0
  CHANGES no
  DATA_KEY_COMPRESSION yes
  DATA_RECORD_COMPRESSION yes
  DATA_AREA 0
  DATA_FILL 100
  DUPLICATES no
  INDEX_AREA 0
  INDEX_COMPRESSION yes
  INDEX_FILL 100
  LEVEL1_INDEX_AREA 0
  NAME ""
  NULL_KEY no
  PROLOG 3
  SEG0_LENGTH 8
  SEG0_POSITION 0
  TYPE string

ANALYSIS_OF_AREA 0
  RECLAIMED_SPACE 0

ANALYSIS_OF_KEY 0
  DATA_FILL 72
  DATA_KEY_COMPRESSION 49
  DATA_RECORD_COMPRESSION 25
  DATA_RECORD_COUNT 100000
  DATA_SPACE_OCCUPIED 94
  DEPTH 1
  INDEX_COMPRESSION 28
  INDEX_FILL 34
  INDEX_SPACE_OCCUPIED 2
  LEVEL1_RECORD_COUNT 47
  MEAN_DATA_LENGTH 64
  MEAN_INDEX_LENGTH 10
  LONGEST_RECORD_LENGTH 64
@@ C05 output
IDENT	FDL_VERSION 02	" 7-OCT-2026 04:28:39  OpenVMS FDL Editor"

SYSTEM
	SOURCE			"OpenVMS"

FILE
	ORGANIZATION		indexed
	GLBUFF_FLAGS_V83	none

RECORD
	CARRIAGE_CONTROL	carriage_return
	FORMAT			fixed
	SIZE			64

AREA 0
	ALLOCATION		11987
	BEST_TRY_CONTIGUOUS	yes
	BUCKET_SIZE		17
	EXTENSION		3009

AREA 1
	ALLOCATION		17
	BEST_TRY_CONTIGUOUS	yes
	BUCKET_SIZE		17
	EXTENSION		17

KEY 0
	CHANGES			no
	DATA_AREA		0
	DATA_FILL		100
	DATA_KEY_COMPRESSION	yes
	DATA_RECORD_COMPRESSION	yes
	DUPLICATES		no
	INDEX_AREA		1
	INDEX_COMPRESSION	no
	INDEX_FILL		100
	LEVEL1_INDEX_AREA	1
	PROLOG			3
	SEG0_LENGTH		8
	SEG0_POSITION		0
	TYPE			string
%COPY-W-INCOMPAT, SYS$SYSROOT:[SYSMGR.EDF3]T.TMP;1 (input) and SYS$SYSROOT:[SYSMGR.EDF3]C06A.FDL;1 (output) have incompatible attrib
utes
@@ C06 D1.FDL  00000001
FILE
  ALLOCATION 128
  BEST_TRY_CONTIGUOUS no
  BUCKET_SIZE 2
  CLUSTER_SIZE 1
  CONTIGUOUS no
  EXTENSION 0
  ORGANIZATION indexed
RECORD
  BLOCK_SPAN yes
  CARRIAGE_CONTROL carriage_return
  FORMAT fixed
  SIZE 64
AREA 0
  ALLOCATION 128
  BUCKET_SIZE 2
  EXTENSION 0
KEY 0
  CHANGES no
  DATA_KEY_COMPRESSION yes
  DATA_RECORD_COMPRESSION yes
  DATA_AREA 0
  DATA_FILL 100
  DUPLICATES no
  INDEX_AREA 0
  INDEX_COMPRESSION yes
  INDEX_FILL 100
  LEVEL1_INDEX_AREA 0
  NAME ""
  NULL_KEY no
  PROLOG 3
  SEG0_LENGTH 8
  SEG0_POSITION 0
  TYPE string

ANALYSIS_OF_AREA 0
  RECLAIMED_SPACE 0

ANALYSIS_OF_KEY 0
  DATA_FILL 72
  DATA_KEY_COMPRESSION 49
  DATA_RECORD_COMPRESSION 50
  DATA_RECORD_COUNT 100000
  DATA_SPACE_OCCUPIED 94
  DEPTH 1
  INDEX_COMPRESSION 28
  INDEX_FILL 34
  INDEX_SPACE_OCCUPIED 2
  LEVEL1_RECORD_COUNT 47
  MEAN_DATA_LENGTH 64
  MEAN_INDEX_LENGTH 10
  LONGEST_RECORD_LENGTH 64
@@ C06 output
IDENT	FDL_VERSION 02	" 7-OCT-2026 04:28:39  OpenVMS FDL Editor"

SYSTEM
	SOURCE			"OpenVMS"

FILE
	ORGANIZATION		indexed
	GLBUFF_FLAGS_V83	none

RECORD
	CARRIAGE_CONTROL	carriage_return
	FORMAT			fixed
	SIZE			64

AREA 0
	ALLOCATION		9212
	BEST_TRY_CONTIGUOUS	yes
	BUCKET_SIZE		15
	EXTENSION		2310

AREA 1
	ALLOCATION		15
	BEST_TRY_CONTIGUOUS	yes
	BUCKET_SIZE		15
	EXTENSION		15

KEY 0
	CHANGES			no
	DATA_AREA		0
	DATA_FILL		100
	DATA_KEY_COMPRESSION	yes
	DATA_RECORD_COMPRESSION	yes
	DUPLICATES		no
	INDEX_AREA		1
	INDEX_COMPRESSION	no
	INDEX_FILL		100
	LEVEL1_INDEX_AREA	1
	PROLOG			3
	SEG0_LENGTH		8
	SEG0_POSITION		0
	TYPE			string
%COPY-W-INCOMPAT, SYS$SYSROOT:[SYSMGR.EDF3]T.TMP;1 (input) and SYS$SYSROOT:[SYSMGR.EDF3]C07A.FDL;1 (output) have incompatible attrib
utes
@@ C07 D1.FDL  00000001
FILE
  ALLOCATION 128
  BEST_TRY_CONTIGUOUS no
  BUCKET_SIZE 2
  CLUSTER_SIZE 1
  CONTIGUOUS no
  EXTENSION 0
  ORGANIZATION indexed
RECORD
  BLOCK_SPAN yes
  CARRIAGE_CONTROL carriage_return
  FORMAT fixed
  SIZE 64
AREA 0
  ALLOCATION 128
  BUCKET_SIZE 2
  EXTENSION 0
KEY 0
  CHANGES no
  DATA_KEY_COMPRESSION yes
  DATA_RECORD_COMPRESSION yes
  DATA_AREA 0
  DATA_FILL 100
  DUPLICATES no
  INDEX_AREA 0
  INDEX_COMPRESSION yes
  INDEX_FILL 100
  LEVEL1_INDEX_AREA 0
  NAME ""
  NULL_KEY no
  PROLOG 3
  SEG0_LENGTH 8
  SEG0_POSITION 0
  TYPE string

ANALYSIS_OF_AREA 0
  RECLAIMED_SPACE 0

ANALYSIS_OF_KEY 0
  DATA_FILL 72
  DATA_KEY_COMPRESSION 49
  DATA_RECORD_COMPRESSION 100
  DATA_RECORD_COUNT 100000
  DATA_SPACE_OCCUPIED 94
  DEPTH 1
  INDEX_COMPRESSION 28
  INDEX_FILL 34
  INDEX_SPACE_OCCUPIED 2
  LEVEL1_RECORD_COUNT 47
  MEAN_DATA_LENGTH 64
  MEAN_INDEX_LENGTH 10
  LONGEST_RECORD_LENGTH 64
@@ C07 output
IDENT	FDL_VERSION 02	" 7-OCT-2026 04:28:39  OpenVMS FDL Editor"

SYSTEM
	SOURCE			"OpenVMS"

FILE
	ORGANIZATION		indexed
	GLBUFF_FLAGS_V83	none

RECORD
	CARRIAGE_CONTROL	carriage_return
	FORMAT			fixed
	SIZE			64

AREA 0
	ALLOCATION		15002
	BEST_TRY_CONTIGUOUS	yes
	BUCKET_SIZE		3
	EXTENSION		3750

AREA 1
	ALLOCATION		123
	BEST_TRY_CONTIGUOUS	yes
	BUCKET_SIZE		3
	EXTENSION		30

KEY 0
	CHANGES			no
	DATA_AREA		0
	DATA_FILL		100
	DATA_KEY_COMPRESSION	yes
	DATA_RECORD_COMPRESSION	yes
	DUPLICATES		no
	INDEX_AREA		1
	INDEX_COMPRESSION	no
	INDEX_FILL		100
	LEVEL1_INDEX_AREA	1
	PROLOG			3
	SEG0_LENGTH		8
	SEG0_POSITION		0
	TYPE			string
%COPY-W-INCOMPAT, SYS$SYSROOT:[SYSMGR.EDF3]T.TMP;1 (input) and SYS$SYSROOT:[SYSMGR.EDF3]U00A.FDL;1 (output) have incompatible attrib
utes
@@ U00 D9.FDL  00000001
FILE
  ALLOCATION 128
  BEST_TRY_CONTIGUOUS no
  BUCKET_SIZE 2
  CLUSTER_SIZE 1
  CONTIGUOUS no
  EXTENSION 0
  ORGANIZATION indexed
RECORD
  BLOCK_SPAN yes
  CARRIAGE_CONTROL carriage_return
  FORMAT fixed
  SIZE 64
AREA 0
  ALLOCATION 128
  BUCKET_SIZE 2
  EXTENSION 0
KEY 0
  CHANGES no
  DATA_KEY_COMPRESSION yes
  DATA_RECORD_COMPRESSION yes
  DATA_AREA 0
  DATA_FILL 100
  DUPLICATES no
  INDEX_AREA 0
  INDEX_COMPRESSION yes
  INDEX_FILL 100
  LEVEL1_INDEX_AREA 0
  NAME ""
  NULL_KEY no
  PROLOG 3
  SEG0_LENGTH 8
  SEG0_POSITION 0
  TYPE string

ANALYSIS_OF_AREA 0
  RECLAIMED_SPACE 0

ANALYSIS_OF_KEY 0
  DATA_FILL 72
  DATA_KEY_COMPRESSION 49
  DATA_RECORD_COMPRESSION 73
  DATA_RECORD_COUNT 1000
  DATA_SPACE_OCCUPIED 94
  DEPTH 1
  INDEX_COMPRESSION 28
  INDEX_FILL 34
  INDEX_SPACE_OCCUPIED 2
  LEVEL1_RECORD_COUNT 47
  MEAN_DATA_LENGTH 64
  MEAN_INDEX_LENGTH 10
  LONGEST_RECORD_LENGTH 64
@@ U00 output
IDENT	FDL_VERSION 02	" 7-OCT-2026 04:28:40  OpenVMS FDL Editor"

SYSTEM
	SOURCE			"OpenVMS"

FILE
	ORGANIZATION		indexed
	GLBUFF_FLAGS_V83	none

RECORD
	CARRIAGE_CONTROL	carriage_return
	FORMAT			fixed
	SIZE			64

AREA 0
	ALLOCATION		156
	BEST_TRY_CONTIGUOUS	yes
	BUCKET_SIZE		2
	EXTENSION		38

AREA 1
	ALLOCATION		2
	BEST_TRY_CONTIGUOUS	yes
	BUCKET_SIZE		2
	EXTENSION		2

KEY 0
	CHANGES			no
	DATA_AREA		0
	DATA_FILL		100
	DATA_KEY_COMPRESSION	no
	DATA_RECORD_COMPRESSION	no
	DUPLICATES		no
	INDEX_AREA		1
	INDEX_COMPRESSION	no
	INDEX_FILL		100
	LEVEL1_INDEX_AREA	1
	PROLOG			3
	SEG0_LENGTH		8
	SEG0_POSITION		0
	TYPE			string
%COPY-W-INCOMPAT, SYS$SYSROOT:[SYSMGR.EDF3]T.TMP;1 (input) and SYS$SYSROOT:[SYSMGR.EDF3]U01A.FDL;1 (output) have incompatible attrib
utes
@@ U01 D9.FDL  00000001
FILE
  ALLOCATION 128
  BEST_TRY_CONTIGUOUS no
  BUCKET_SIZE 2
  CLUSTER_SIZE 1
  CONTIGUOUS no
  EXTENSION 0
  ORGANIZATION indexed
RECORD
  BLOCK_SPAN yes
  CARRIAGE_CONTROL carriage_return
  FORMAT fixed
  SIZE 64
AREA 0
  ALLOCATION 128
  BUCKET_SIZE 2
  EXTENSION 0
KEY 0
  CHANGES no
  DATA_KEY_COMPRESSION yes
  DATA_RECORD_COMPRESSION yes
  DATA_AREA 0
  DATA_FILL 100
  DUPLICATES no
  INDEX_AREA 0
  INDEX_COMPRESSION yes
  INDEX_FILL 100
  LEVEL1_INDEX_AREA 0
  NAME ""
  NULL_KEY no
  PROLOG 3
  SEG0_LENGTH 8
  SEG0_POSITION 0
  TYPE string

ANALYSIS_OF_AREA 0
  RECLAIMED_SPACE 0

ANALYSIS_OF_KEY 0
  DATA_FILL 72
  DATA_KEY_COMPRESSION 49
  DATA_RECORD_COMPRESSION 73
  DATA_RECORD_COUNT 10000
  DATA_SPACE_OCCUPIED 94
  DEPTH 1
  INDEX_COMPRESSION 28
  INDEX_FILL 34
  INDEX_SPACE_OCCUPIED 2
  LEVEL1_RECORD_COUNT 47
  MEAN_DATA_LENGTH 64
  MEAN_INDEX_LENGTH 10
  LONGEST_RECORD_LENGTH 64
@@ U01 output
IDENT	FDL_VERSION 02	" 7-OCT-2026 04:28:40  OpenVMS FDL Editor"

SYSTEM
	SOURCE			"OpenVMS"

FILE
	ORGANIZATION		indexed
	GLBUFF_FLAGS_V83	none

RECORD
	CARRIAGE_CONTROL	carriage_return
	FORMAT			fixed
	SIZE			64

AREA 0
	ALLOCATION		1466
	BEST_TRY_CONTIGUOUS	yes
	BUCKET_SIZE		6
	EXTENSION		366

AREA 1
	ALLOCATION		6
	BEST_TRY_CONTIGUOUS	yes
	BUCKET_SIZE		6
	EXTENSION		6

KEY 0
	CHANGES			no
	DATA_AREA		0
	DATA_FILL		100
	DATA_KEY_COMPRESSION	no
	DATA_RECORD_COMPRESSION	no
	DUPLICATES		no
	INDEX_AREA		1
	INDEX_COMPRESSION	no
	INDEX_FILL		100
	LEVEL1_INDEX_AREA	1
	PROLOG			3
	SEG0_LENGTH		8
	SEG0_POSITION		0
	TYPE			string
%COPY-W-INCOMPAT, SYS$SYSROOT:[SYSMGR.EDF3]T.TMP;1 (input) and SYS$SYSROOT:[SYSMGR.EDF3]U02A.FDL;1 (output) have incompatible attrib
utes
@@ U02 D9.FDL  00000001
FILE
  ALLOCATION 128
  BEST_TRY_CONTIGUOUS no
  BUCKET_SIZE 2
  CLUSTER_SIZE 1
  CONTIGUOUS no
  EXTENSION 0
  ORGANIZATION indexed
RECORD
  BLOCK_SPAN yes
  CARRIAGE_CONTROL carriage_return
  FORMAT fixed
  SIZE 64
AREA 0
  ALLOCATION 128
  BUCKET_SIZE 2
  EXTENSION 0
KEY 0
  CHANGES no
  DATA_KEY_COMPRESSION yes
  DATA_RECORD_COMPRESSION yes
  DATA_AREA 0
  DATA_FILL 100
  DUPLICATES no
  INDEX_AREA 0
  INDEX_COMPRESSION yes
  INDEX_FILL 100
  LEVEL1_INDEX_AREA 0
  NAME ""
  NULL_KEY no
  PROLOG 3
  SEG0_LENGTH 8
  SEG0_POSITION 0
  TYPE string

ANALYSIS_OF_AREA 0
  RECLAIMED_SPACE 0

ANALYSIS_OF_KEY 0
  DATA_FILL 72
  DATA_KEY_COMPRESSION 49
  DATA_RECORD_COMPRESSION 73
  DATA_RECORD_COUNT 100000
  DATA_SPACE_OCCUPIED 94
  DEPTH 1
  INDEX_COMPRESSION 28
  INDEX_FILL 34
  INDEX_SPACE_OCCUPIED 2
  LEVEL1_RECORD_COUNT 47
  MEAN_DATA_LENGTH 64
  MEAN_INDEX_LENGTH 10
  LONGEST_RECORD_LENGTH 64
@@ U02 output
IDENT	FDL_VERSION 02	" 7-OCT-2026 04:28:40  OpenVMS FDL Editor"

SYSTEM
	SOURCE			"OpenVMS"

FILE
	ORGANIZATION		indexed
	GLBUFF_FLAGS_V83	none

RECORD
	CARRIAGE_CONTROL	carriage_return
	FORMAT			fixed
	SIZE			64

AREA 0
	ALLOCATION		15002
	BEST_TRY_CONTIGUOUS	yes
	BUCKET_SIZE		3
	EXTENSION		3750

AREA 1
	ALLOCATION		123
	BEST_TRY_CONTIGUOUS	yes
	BUCKET_SIZE		3
	EXTENSION		30

KEY 0
	CHANGES			no
	DATA_AREA		0
	DATA_FILL		100
	DATA_KEY_COMPRESSION	no
	DATA_RECORD_COMPRESSION	no
	DUPLICATES		no
	INDEX_AREA		1
	INDEX_COMPRESSION	no
	INDEX_FILL		100
	LEVEL1_INDEX_AREA	1
	PROLOG			3
	SEG0_LENGTH		8
	SEG0_POSITION		0
	TYPE			string
%COPY-W-INCOMPAT, SYS$SYSROOT:[SYSMGR.EDF3]T.TMP;1 (input) and SYS$SYSROOT:[SYSMGR.EDF3]U03A.FDL;1 (output) have incompatible attrib
utes
@@ U03 D9.FDL  00000001
FILE
  ALLOCATION 128
  BEST_TRY_CONTIGUOUS no
  BUCKET_SIZE 2
  CLUSTER_SIZE 1
  CONTIGUOUS no
  EXTENSION 0
  ORGANIZATION indexed
RECORD
  BLOCK_SPAN yes
  CARRIAGE_CONTROL carriage_return
  FORMAT fixed
  SIZE 64
AREA 0
  ALLOCATION 128
  BUCKET_SIZE 2
  EXTENSION 0
KEY 0
  CHANGES no
  DATA_KEY_COMPRESSION yes
  DATA_RECORD_COMPRESSION yes
  DATA_AREA 0
  DATA_FILL 100
  DUPLICATES no
  INDEX_AREA 0
  INDEX_COMPRESSION yes
  INDEX_FILL 100
  LEVEL1_INDEX_AREA 0
  NAME ""
  NULL_KEY no
  PROLOG 3
  SEG0_LENGTH 8
  SEG0_POSITION 0
  TYPE string

ANALYSIS_OF_AREA 0
  RECLAIMED_SPACE 0

ANALYSIS_OF_KEY 0
  DATA_FILL 72
  DATA_KEY_COMPRESSION 49
  DATA_RECORD_COMPRESSION 73
  DATA_RECORD_COUNT 1000000
  DATA_SPACE_OCCUPIED 94
  DEPTH 1
  INDEX_COMPRESSION 28
  INDEX_FILL 34
  INDEX_SPACE_OCCUPIED 2
  LEVEL1_RECORD_COUNT 47
  MEAN_DATA_LENGTH 64
  MEAN_INDEX_LENGTH 10
  LONGEST_RECORD_LENGTH 64
@@ U03 output
IDENT	FDL_VERSION 02	" 7-OCT-2026 04:28:40  OpenVMS FDL Editor"

SYSTEM
	SOURCE			"OpenVMS"

FILE
	ORGANIZATION		indexed
	GLBUFF_FLAGS_V83	none

RECORD
	CARRIAGE_CONTROL	carriage_return
	FORMAT			fixed
	SIZE			64

AREA 0
	ALLOCATION		147062
	BEST_TRY_CONTIGUOUS	yes
	BUCKET_SIZE		5
	EXTENSION		36765

AREA 1
	ALLOCATION		705
	BEST_TRY_CONTIGUOUS	yes
	BUCKET_SIZE		5
	EXTENSION		180

KEY 0
	CHANGES			no
	DATA_AREA		0
	DATA_FILL		100
	DATA_KEY_COMPRESSION	no
	DATA_RECORD_COMPRESSION	no
	DUPLICATES		no
	INDEX_AREA		1
	INDEX_COMPRESSION	no
	INDEX_FILL		100
	LEVEL1_INDEX_AREA	1
	PROLOG			3
	SEG0_LENGTH		8
	SEG0_POSITION		0
	TYPE			string
%COPY-W-INCOMPAT, SYS$SYSROOT:[SYSMGR.EDF3]T.TMP;1 (input) and SYS$SYSROOT:[SYSMGR.EDF3]K00A.FDL;1 (output) have incompatible attrib
utes
@@ K00 D2.FDL  00000001
FILE
  ALLOCATION 128
  BEST_TRY_CONTIGUOUS no
  BUCKET_SIZE 2
  CLUSTER_SIZE 1
  CONTIGUOUS no
  EXTENSION 0
  ORGANIZATION indexed
RECORD
  BLOCK_SPAN yes
  CARRIAGE_CONTROL carriage_return
  FORMAT fixed
  SIZE 64
AREA 0
  ALLOCATION 128
  BUCKET_SIZE 2
  EXTENSION 0
KEY 0
  CHANGES no
  DATA_KEY_COMPRESSION yes
  DATA_RECORD_COMPRESSION yes
  DATA_AREA 0
  DATA_FILL 100
  DUPLICATES no
  INDEX_AREA 0
  INDEX_COMPRESSION yes
  INDEX_FILL 100
  LEVEL1_INDEX_AREA 0
  NAME ""
  NULL_KEY no
  PROLOG 3
  SEG0_LENGTH 4
  SEG0_POSITION 0
  TYPE string

ANALYSIS_OF_AREA 0
  RECLAIMED_SPACE 0

ANALYSIS_OF_KEY 0
  DATA_FILL 72
  DATA_KEY_COMPRESSION 49
  DATA_RECORD_COMPRESSION 73
  DATA_RECORD_COUNT 10000
  DATA_SPACE_OCCUPIED 94
  DEPTH 1
  INDEX_COMPRESSION 28
  INDEX_FILL 34
  INDEX_SPACE_OCCUPIED 2
  LEVEL1_RECORD_COUNT 47
  MEAN_DATA_LENGTH 64
  MEAN_INDEX_LENGTH 10
  LONGEST_RECORD_LENGTH 64
@@ K00 output
IDENT	FDL_VERSION 02	" 7-OCT-2026 04:28:40  OpenVMS FDL Editor"

SYSTEM
	SOURCE			"OpenVMS"

FILE
	ORGANIZATION		indexed
	GLBUFF_FLAGS_V83	none

RECORD
	CARRIAGE_CONTROL	carriage_return
	FORMAT			fixed
	SIZE			64

AREA 0
	ALLOCATION		682
	BEST_TRY_CONTIGUOUS	yes
	BUCKET_SIZE		4
	EXTENSION		172

AREA 1
	ALLOCATION		4
	BEST_TRY_CONTIGUOUS	yes
	BUCKET_SIZE		4
	EXTENSION		4

KEY 0
	CHANGES			no
	DATA_AREA		0
	DATA_FILL		100
	DATA_KEY_COMPRESSION	yes
	DATA_RECORD_COMPRESSION	yes
	DUPLICATES		no
	INDEX_AREA		1
	INDEX_COMPRESSION	no
	INDEX_FILL		100
	LEVEL1_INDEX_AREA	1
	PROLOG			3
	SEG0_LENGTH		4
	SEG0_POSITION		0
	TYPE			string
%COPY-W-INCOMPAT, SYS$SYSROOT:[SYSMGR.EDF3]T.TMP;1 (input) and SYS$SYSROOT:[SYSMGR.EDF3]K01A.FDL;1 (output) have incompatible attrib
utes
@@ K01 D2.FDL  00000001
FILE
  ALLOCATION 128
  BEST_TRY_CONTIGUOUS no
  BUCKET_SIZE 2
  CLUSTER_SIZE 1
  CONTIGUOUS no
  EXTENSION 0
  ORGANIZATION indexed
RECORD
  BLOCK_SPAN yes
  CARRIAGE_CONTROL carriage_return
  FORMAT fixed
  SIZE 64
AREA 0
  ALLOCATION 128
  BUCKET_SIZE 2
  EXTENSION 0
KEY 0
  CHANGES no
  DATA_KEY_COMPRESSION yes
  DATA_RECORD_COMPRESSION yes
  DATA_AREA 0
  DATA_FILL 100
  DUPLICATES no
  INDEX_AREA 0
  INDEX_COMPRESSION yes
  INDEX_FILL 100
  LEVEL1_INDEX_AREA 0
  NAME ""
  NULL_KEY no
  PROLOG 3
  SEG0_LENGTH 4
  SEG0_POSITION 0
  TYPE string

ANALYSIS_OF_AREA 0
  RECLAIMED_SPACE 0

ANALYSIS_OF_KEY 0
  DATA_FILL 72
  DATA_KEY_COMPRESSION 49
  DATA_RECORD_COMPRESSION 73
  DATA_RECORD_COUNT 100000
  DATA_SPACE_OCCUPIED 94
  DEPTH 1
  INDEX_COMPRESSION 28
  INDEX_FILL 34
  INDEX_SPACE_OCCUPIED 2
  LEVEL1_RECORD_COUNT 47
  MEAN_DATA_LENGTH 64
  MEAN_INDEX_LENGTH 10
  LONGEST_RECORD_LENGTH 64
@@ K01 output
IDENT	FDL_VERSION 02	" 7-OCT-2026 04:28:41  OpenVMS FDL Editor"

SYSTEM
	SOURCE			"OpenVMS"

FILE
	ORGANIZATION		indexed
	GLBUFF_FLAGS_V83	none

RECORD
	CARRIAGE_CONTROL	carriage_return
	FORMAT			fixed
	SIZE			64

AREA 0
	ALLOCATION		6679
	BEST_TRY_CONTIGUOUS	yes
	BUCKET_SIZE		11
	EXTENSION		1672

AREA 1
	ALLOCATION		11
	BEST_TRY_CONTIGUOUS	yes
	BUCKET_SIZE		11
	EXTENSION		11

KEY 0
	CHANGES			no
	DATA_AREA		0
	DATA_FILL		100
	DATA_KEY_COMPRESSION	yes
	DATA_RECORD_COMPRESSION	yes
	DUPLICATES		no
	INDEX_AREA		1
	INDEX_COMPRESSION	no
	INDEX_FILL		100
	LEVEL1_INDEX_AREA	1
	PROLOG			3
	SEG0_LENGTH		4
	SEG0_POSITION		0
	TYPE			string
%COPY-W-INCOMPAT, SYS$SYSROOT:[SYSMGR.EDF3]T.TMP;1 (input) and SYS$SYSROOT:[SYSMGR.EDF3]K02A.FDL;1 (output) have incompatible attrib
utes
@@ K02 D2.FDL  00000001
FILE
  ALLOCATION 128
  BEST_TRY_CONTIGUOUS no
  BUCKET_SIZE 2
  CLUSTER_SIZE 1
  CONTIGUOUS no
  EXTENSION 0
  ORGANIZATION indexed
RECORD
  BLOCK_SPAN yes
  CARRIAGE_CONTROL carriage_return
  FORMAT fixed
  SIZE 64
AREA 0
  ALLOCATION 128
  BUCKET_SIZE 2
  EXTENSION 0
KEY 0
  CHANGES no
  DATA_KEY_COMPRESSION yes
  DATA_RECORD_COMPRESSION yes
  DATA_AREA 0
  DATA_FILL 100
  DUPLICATES no
  INDEX_AREA 0
  INDEX_COMPRESSION yes
  INDEX_FILL 100
  LEVEL1_INDEX_AREA 0
  NAME ""
  NULL_KEY no
  PROLOG 3
  SEG0_LENGTH 4
  SEG0_POSITION 0
  TYPE string

ANALYSIS_OF_AREA 0
  RECLAIMED_SPACE 0

ANALYSIS_OF_KEY 0
  DATA_FILL 72
  DATA_KEY_COMPRESSION 49
  DATA_RECORD_COMPRESSION 73
  DATA_RECORD_COUNT 1000000
  DATA_SPACE_OCCUPIED 94
  DEPTH 1
  INDEX_COMPRESSION 28
  INDEX_FILL 34
  INDEX_SPACE_OCCUPIED 2
  LEVEL1_RECORD_COUNT 47
  MEAN_DATA_LENGTH 64
  MEAN_INDEX_LENGTH 10
  LONGEST_RECORD_LENGTH 64
@@ K02 output
IDENT	FDL_VERSION 02	" 7-OCT-2026 04:28:41  OpenVMS FDL Editor"

SYSTEM
	SOURCE			"OpenVMS"

FILE
	ORGANIZATION		indexed
	GLBUFF_FLAGS_V83	none

RECORD
	CARRIAGE_CONTROL	carriage_return
	FORMAT			fixed
	SIZE			64

AREA 0
	ALLOCATION		68186
	BEST_TRY_CONTIGUOUS	yes
	BUCKET_SIZE		3
	EXTENSION		17046

AREA 1
	ALLOCATION		366
	BEST_TRY_CONTIGUOUS	yes
	BUCKET_SIZE		3
	EXTENSION		93

KEY 0
	CHANGES			no
	DATA_AREA		0
	DATA_FILL		100
	DATA_KEY_COMPRESSION	yes
	DATA_RECORD_COMPRESSION	yes
	DUPLICATES		no
	INDEX_AREA		1
	INDEX_COMPRESSION	no
	INDEX_FILL		100
	LEVEL1_INDEX_AREA	1
	PROLOG			3
	SEG0_LENGTH		4
	SEG0_POSITION		0
	TYPE			string
%COPY-W-INCOMPAT, SYS$SYSROOT:[SYSMGR.EDF3]T.TMP;1 (input) and SYS$SYSROOT:[SYSMGR.EDF3]K03A.FDL;1 (output) have incompatible attrib
utes
@@ K03 D3.FDL  00000001
FILE
  ALLOCATION 128
  BEST_TRY_CONTIGUOUS no
  BUCKET_SIZE 2
  CLUSTER_SIZE 1
  CONTIGUOUS no
  EXTENSION 0
  ORGANIZATION indexed
RECORD
  BLOCK_SPAN yes
  CARRIAGE_CONTROL carriage_return
  FORMAT fixed
  SIZE 64
AREA 0
  ALLOCATION 128
  BUCKET_SIZE 2
  EXTENSION 0
KEY 0
  CHANGES no
  DATA_KEY_COMPRESSION yes
  DATA_RECORD_COMPRESSION yes
  DATA_AREA 0
  DATA_FILL 100
  DUPLICATES no
  INDEX_AREA 0
  INDEX_COMPRESSION yes
  INDEX_FILL 100
  LEVEL1_INDEX_AREA 0
  NAME ""
  NULL_KEY no
  PROLOG 3
  SEG0_LENGTH 32
  SEG0_POSITION 0
  TYPE string

ANALYSIS_OF_AREA 0
  RECLAIMED_SPACE 0

ANALYSIS_OF_KEY 0
  DATA_FILL 72
  DATA_KEY_COMPRESSION 49
  DATA_RECORD_COMPRESSION 73
  DATA_RECORD_COUNT 10000
  DATA_SPACE_OCCUPIED 94
  DEPTH 1
  INDEX_COMPRESSION 28
  INDEX_FILL 34
  INDEX_SPACE_OCCUPIED 2
  LEVEL1_RECORD_COUNT 47
  MEAN_DATA_LENGTH 64
  MEAN_INDEX_LENGTH 10
  LONGEST_RECORD_LENGTH 64
@@ K03 output
IDENT	FDL_VERSION 02	" 7-OCT-2026 04:28:41  OpenVMS FDL Editor"

SYSTEM
	SOURCE			"OpenVMS"

FILE
	ORGANIZATION		indexed
	GLBUFF_FLAGS_V83	none

RECORD
	CARRIAGE_CONTROL	carriage_return
	FORMAT			fixed
	SIZE			64

AREA 0
	ALLOCATION		794
	BEST_TRY_CONTIGUOUS	yes
	BUCKET_SIZE		8
	EXTENSION		200

AREA 1
	ALLOCATION		8
	BEST_TRY_CONTIGUOUS	yes
	BUCKET_SIZE		8
	EXTENSION		8

KEY 0
	CHANGES			no
	DATA_AREA		0
	DATA_FILL		100
	DATA_KEY_COMPRESSION	yes
	DATA_RECORD_COMPRESSION	yes
	DUPLICATES		no
	INDEX_AREA		1
	INDEX_COMPRESSION	no
	INDEX_FILL		100
	LEVEL1_INDEX_AREA	1
	PROLOG			3
	SEG0_LENGTH		32
	SEG0_POSITION		0
	TYPE			string
%COPY-W-INCOMPAT, SYS$SYSROOT:[SYSMGR.EDF3]T.TMP;1 (input) and SYS$SYSROOT:[SYSMGR.EDF3]K04A.FDL;1 (output) have incompatible attrib
utes
@@ K04 D3.FDL  00000001
FILE
  ALLOCATION 128
  BEST_TRY_CONTIGUOUS no
  BUCKET_SIZE 2
  CLUSTER_SIZE 1
  CONTIGUOUS no
  EXTENSION 0
  ORGANIZATION indexed
RECORD
  BLOCK_SPAN yes
  CARRIAGE_CONTROL carriage_return
  FORMAT fixed
  SIZE 64
AREA 0
  ALLOCATION 128
  BUCKET_SIZE 2
  EXTENSION 0
KEY 0
  CHANGES no
  DATA_KEY_COMPRESSION yes
  DATA_RECORD_COMPRESSION yes
  DATA_AREA 0
  DATA_FILL 100
  DUPLICATES no
  INDEX_AREA 0
  INDEX_COMPRESSION yes
  INDEX_FILL 100
  LEVEL1_INDEX_AREA 0
  NAME ""
  NULL_KEY no
  PROLOG 3
  SEG0_LENGTH 32
  SEG0_POSITION 0
  TYPE string

ANALYSIS_OF_AREA 0
  RECLAIMED_SPACE 0

ANALYSIS_OF_KEY 0
  DATA_FILL 72
  DATA_KEY_COMPRESSION 49
  DATA_RECORD_COMPRESSION 73
  DATA_RECORD_COUNT 100000
  DATA_SPACE_OCCUPIED 94
  DEPTH 1
  INDEX_COMPRESSION 28
  INDEX_FILL 34
  INDEX_SPACE_OCCUPIED 2
  LEVEL1_RECORD_COUNT 47
  MEAN_DATA_LENGTH 64
  MEAN_INDEX_LENGTH 10
  LONGEST_RECORD_LENGTH 64
@@ K04 output
IDENT	FDL_VERSION 02	" 7-OCT-2026 04:28:41  OpenVMS FDL Editor"

SYSTEM
	SOURCE			"OpenVMS"

FILE
	ORGANIZATION		indexed
	GLBUFF_FLAGS_V83	none

RECORD
	CARRIAGE_CONTROL	carriage_return
	FORMAT			fixed
	SIZE			64

AREA 0
	ALLOCATION		8002
	BEST_TRY_CONTIGUOUS	yes
	BUCKET_SIZE		4
	EXTENSION		2000

AREA 1
	ALLOCATION		148
	BEST_TRY_CONTIGUOUS	yes
	BUCKET_SIZE		4
	EXTENSION		40

KEY 0
	CHANGES			no
	DATA_AREA		0
	DATA_FILL		100
	DATA_KEY_COMPRESSION	yes
	DATA_RECORD_COMPRESSION	yes
	DUPLICATES		no
	INDEX_AREA		1
	INDEX_COMPRESSION	no
	INDEX_FILL		100
	LEVEL1_INDEX_AREA	1
	PROLOG			3
	SEG0_LENGTH		32
	SEG0_POSITION		0
	TYPE			string
%COPY-W-INCOMPAT, SYS$SYSROOT:[SYSMGR.EDF3]T.TMP;1 (input) and SYS$SYSROOT:[SYSMGR.EDF3]K05A.FDL;1 (output) have incompatible attrib
utes
@@ K05 D3.FDL  00000001
FILE
  ALLOCATION 128
  BEST_TRY_CONTIGUOUS no
  BUCKET_SIZE 2
  CLUSTER_SIZE 1
  CONTIGUOUS no
  EXTENSION 0
  ORGANIZATION indexed
RECORD
  BLOCK_SPAN yes
  CARRIAGE_CONTROL carriage_return
  FORMAT fixed
  SIZE 64
AREA 0
  ALLOCATION 128
  BUCKET_SIZE 2
  EXTENSION 0
KEY 0
  CHANGES no
  DATA_KEY_COMPRESSION yes
  DATA_RECORD_COMPRESSION yes
  DATA_AREA 0
  DATA_FILL 100
  DUPLICATES no
  INDEX_AREA 0
  INDEX_COMPRESSION yes
  INDEX_FILL 100
  LEVEL1_INDEX_AREA 0
  NAME ""
  NULL_KEY no
  PROLOG 3
  SEG0_LENGTH 32
  SEG0_POSITION 0
  TYPE string

ANALYSIS_OF_AREA 0
  RECLAIMED_SPACE 0

ANALYSIS_OF_KEY 0
  DATA_FILL 72
  DATA_KEY_COMPRESSION 49
  DATA_RECORD_COMPRESSION 73
  DATA_RECORD_COUNT 1000000
  DATA_SPACE_OCCUPIED 94
  DEPTH 1
  INDEX_COMPRESSION 28
  INDEX_FILL 34
  INDEX_SPACE_OCCUPIED 2
  LEVEL1_RECORD_COUNT 47
  MEAN_DATA_LENGTH 64
  MEAN_INDEX_LENGTH 10
  LONGEST_RECORD_LENGTH 64
@@ K05 output
IDENT	FDL_VERSION 02	" 7-OCT-2026 04:28:42  OpenVMS FDL Editor"

SYSTEM
	SOURCE			"OpenVMS"

FILE
	ORGANIZATION		indexed
	GLBUFF_FLAGS_V83	none

RECORD
	CARRIAGE_CONTROL	carriage_return
	FORMAT			fixed
	SIZE			64

AREA 0
	ALLOCATION		78434
	BEST_TRY_CONTIGUOUS	yes
	BUCKET_SIZE		8
	EXTENSION		19608

AREA 1
	ALLOCATION		704
	BEST_TRY_CONTIGUOUS	yes
	BUCKET_SIZE		8
	EXTENSION		176

KEY 0
	CHANGES			no
	DATA_AREA		0
	DATA_FILL		100
	DATA_KEY_COMPRESSION	yes
	DATA_RECORD_COMPRESSION	yes
	DUPLICATES		no
	INDEX_AREA		1
	INDEX_COMPRESSION	no
	INDEX_FILL		100
	LEVEL1_INDEX_AREA	1
	PROLOG			3
	SEG0_LENGTH		32
	SEG0_POSITION		0
	TYPE			string
%COPY-W-INCOMPAT, SYS$SYSROOT:[SYSMGR.EDF3]T.TMP;1 (input) and SYS$SYSROOT:[SYSMGR.EDF3]K06A.FDL;1 (output) have incompatible attrib
utes
@@ K06 D4.FDL  00000001
FILE
  ALLOCATION 128
  BEST_TRY_CONTIGUOUS no
  BUCKET_SIZE 2
  CLUSTER_SIZE 1
  CONTIGUOUS no
  EXTENSION 0
  ORGANIZATION indexed
RECORD
  BLOCK_SPAN yes
  CARRIAGE_CONTROL carriage_return
  FORMAT fixed
  SIZE 200
AREA 0
  ALLOCATION 128
  BUCKET_SIZE 2
  EXTENSION 0
KEY 0
  CHANGES no
  DATA_KEY_COMPRESSION yes
  DATA_RECORD_COMPRESSION yes
  DATA_AREA 0
  DATA_FILL 100
  DUPLICATES no
  INDEX_AREA 0
  INDEX_COMPRESSION yes
  INDEX_FILL 100
  LEVEL1_INDEX_AREA 0
  NAME ""
  NULL_KEY no
  PROLOG 3
  SEG0_LENGTH 100
  SEG0_POSITION 0
  TYPE string

ANALYSIS_OF_AREA 0
  RECLAIMED_SPACE 0

ANALYSIS_OF_KEY 0
  DATA_FILL 72
  DATA_KEY_COMPRESSION 49
  DATA_RECORD_COMPRESSION 73
  DATA_RECORD_COUNT 10000
  DATA_SPACE_OCCUPIED 94
  DEPTH 1
  INDEX_COMPRESSION 28
  INDEX_FILL 34
  INDEX_SPACE_OCCUPIED 2
  LEVEL1_RECORD_COUNT 47
  MEAN_DATA_LENGTH 64
  MEAN_INDEX_LENGTH 10
  LONGEST_RECORD_LENGTH 64
@@ K06 output
IDENT	FDL_VERSION 02	" 7-OCT-2026 04:28:42  OpenVMS FDL Editor"

SYSTEM
	SOURCE			"OpenVMS"

FILE
	ORGANIZATION		indexed
	GLBUFF_FLAGS_V83	none

RECORD
	CARRIAGE_CONTROL	carriage_return
	FORMAT			fixed
	SIZE			200

AREA 0
	ALLOCATION		1857
	BEST_TRY_CONTIGUOUS	yes
	BUCKET_SIZE		5
	EXTENSION		465

AREA 1
	ALLOCATION		85
	BEST_TRY_CONTIGUOUS	yes
	BUCKET_SIZE		5
	EXTENSION		25

KEY 0
	CHANGES			no
	DATA_AREA		0
	DATA_FILL		100
	DATA_KEY_COMPRESSION	yes
	DATA_RECORD_COMPRESSION	yes
	DUPLICATES		no
	INDEX_AREA		1
	INDEX_COMPRESSION	no
	INDEX_FILL		100
	LEVEL1_INDEX_AREA	1
	PROLOG			3
	SEG0_LENGTH		100
	SEG0_POSITION		0
	TYPE			string
%COPY-W-INCOMPAT, SYS$SYSROOT:[SYSMGR.EDF3]T.TMP;1 (input) and SYS$SYSROOT:[SYSMGR.EDF3]K07A.FDL;1 (output) have incompatible attrib
utes
@@ K07 D4.FDL  00000001
FILE
  ALLOCATION 128
  BEST_TRY_CONTIGUOUS no
  BUCKET_SIZE 2
  CLUSTER_SIZE 1
  CONTIGUOUS no
  EXTENSION 0
  ORGANIZATION indexed
RECORD
  BLOCK_SPAN yes
  CARRIAGE_CONTROL carriage_return
  FORMAT fixed
  SIZE 200
AREA 0
  ALLOCATION 128
  BUCKET_SIZE 2
  EXTENSION 0
KEY 0
  CHANGES no
  DATA_KEY_COMPRESSION yes
  DATA_RECORD_COMPRESSION yes
  DATA_AREA 0
  DATA_FILL 100
  DUPLICATES no
  INDEX_AREA 0
  INDEX_COMPRESSION yes
  INDEX_FILL 100
  LEVEL1_INDEX_AREA 0
  NAME ""
  NULL_KEY no
  PROLOG 3
  SEG0_LENGTH 100
  SEG0_POSITION 0
  TYPE string

ANALYSIS_OF_AREA 0
  RECLAIMED_SPACE 0

ANALYSIS_OF_KEY 0
  DATA_FILL 72
  DATA_KEY_COMPRESSION 49
  DATA_RECORD_COMPRESSION 73
  DATA_RECORD_COUNT 100000
  DATA_SPACE_OCCUPIED 94
  DEPTH 1
  INDEX_COMPRESSION 28
  INDEX_FILL 34
  INDEX_SPACE_OCCUPIED 2
  LEVEL1_RECORD_COUNT 47
  MEAN_DATA_LENGTH 64
  MEAN_INDEX_LENGTH 10
  LONGEST_RECORD_LENGTH 64
@@ K07 output
IDENT	FDL_VERSION 02	" 7-OCT-2026 04:28:43  OpenVMS FDL Editor"

SYSTEM
	SOURCE			"OpenVMS"

FILE
	ORGANIZATION		indexed
	GLBUFF_FLAGS_V83	none

RECORD
	CARRIAGE_CONTROL	carriage_return
	FORMAT			fixed
	SIZE			200

AREA 0
	ALLOCATION		18192
	BEST_TRY_CONTIGUOUS	yes
	BUCKET_SIZE		10
	EXTENSION		4550

AREA 1
	ALLOCATION		390
	BEST_TRY_CONTIGUOUS	yes
	BUCKET_SIZE		10
	EXTENSION		100

KEY 0
	CHANGES			no
	DATA_AREA		0
	DATA_FILL		100
	DATA_KEY_COMPRESSION	yes
	DATA_RECORD_COMPRESSION	yes
	DUPLICATES		no
	INDEX_AREA		1
	INDEX_COMPRESSION	no
	INDEX_FILL		100
	LEVEL1_INDEX_AREA	1
	PROLOG			3
	SEG0_LENGTH		100
	SEG0_POSITION		0
	TYPE			string
%COPY-W-INCOMPAT, SYS$SYSROOT:[SYSMGR.EDF3]T.TMP;1 (input) and SYS$SYSROOT:[SYSMGR.EDF3]K08A.FDL;1 (output) have incompatible attrib
utes
@@ K08 D4.FDL  00000001
FILE
  ALLOCATION 128
  BEST_TRY_CONTIGUOUS no
  BUCKET_SIZE 2
  CLUSTER_SIZE 1
  CONTIGUOUS no
  EXTENSION 0
  ORGANIZATION indexed
RECORD
  BLOCK_SPAN yes
  CARRIAGE_CONTROL carriage_return
  FORMAT fixed
  SIZE 200
AREA 0
  ALLOCATION 128
  BUCKET_SIZE 2
  EXTENSION 0
KEY 0
  CHANGES no
  DATA_KEY_COMPRESSION yes
  DATA_RECORD_COMPRESSION yes
  DATA_AREA 0
  DATA_FILL 100
  DUPLICATES no
  INDEX_AREA 0
  INDEX_COMPRESSION yes
  INDEX_FILL 100
  LEVEL1_INDEX_AREA 0
  NAME ""
  NULL_KEY no
  PROLOG 3
  SEG0_LENGTH 100
  SEG0_POSITION 0
  TYPE string

ANALYSIS_OF_AREA 0
  RECLAIMED_SPACE 0

ANALYSIS_OF_KEY 0
  DATA_FILL 72
  DATA_KEY_COMPRESSION 49
  DATA_RECORD_COMPRESSION 73
  DATA_RECORD_COUNT 1000000
  DATA_SPACE_OCCUPIED 94
  DEPTH 1
  INDEX_COMPRESSION 28
  INDEX_FILL 34
  INDEX_SPACE_OCCUPIED 2
  LEVEL1_RECORD_COUNT 47
  MEAN_DATA_LENGTH 64
  MEAN_INDEX_LENGTH 10
  LONGEST_RECORD_LENGTH 64
@@ K08 output
IDENT	FDL_VERSION 02	" 7-OCT-2026 04:28:44  OpenVMS FDL Editor"

SYSTEM
	SOURCE			"OpenVMS"

FILE
	ORGANIZATION		indexed
	GLBUFF_FLAGS_V83	none

RECORD
	CARRIAGE_CONTROL	carriage_return
	FORMAT			fixed
	SIZE			200

AREA 0
	ALLOCATION		180202
	BEST_TRY_CONTIGUOUS	yes
	BUCKET_SIZE		20
	EXTENSION		45060

AREA 1
	ALLOCATION		1860
	BEST_TRY_CONTIGUOUS	yes
	BUCKET_SIZE		20
	EXTENSION		480

KEY 0
	CHANGES			no
	DATA_AREA		0
	DATA_FILL		100
	DATA_KEY_COMPRESSION	yes
	DATA_RECORD_COMPRESSION	yes
	DUPLICATES		no
	INDEX_AREA		1
	INDEX_COMPRESSION	no
	INDEX_FILL		100
	LEVEL1_INDEX_AREA	1
	PROLOG			3
	SEG0_LENGTH		100
	SEG0_POSITION		0
	TYPE			string
%COPY-W-INCOMPAT, SYS$SYSROOT:[SYSMGR.EDF3]T.TMP;1 (input) and SYS$SYSROOT:[SYSMGR.EDF3]R00A.FDL;1 (output) have incompatible attrib
utes
@@ R00 D5.FDL  00000001
FILE
  ALLOCATION 128
  BEST_TRY_CONTIGUOUS no
  BUCKET_SIZE 2
  CLUSTER_SIZE 1
  CONTIGUOUS no
  EXTENSION 0
  ORGANIZATION indexed
RECORD
  BLOCK_SPAN yes
  CARRIAGE_CONTROL carriage_return
  FORMAT fixed
  SIZE 16
AREA 0
  ALLOCATION 128
  BUCKET_SIZE 2
  EXTENSION 0
KEY 0
  CHANGES no
  DATA_KEY_COMPRESSION yes
  DATA_RECORD_COMPRESSION yes
  DATA_AREA 0
  DATA_FILL 100
  DUPLICATES no
  INDEX_AREA 0
  INDEX_COMPRESSION yes
  INDEX_FILL 100
  LEVEL1_INDEX_AREA 0
  NAME ""
  NULL_KEY no
  PROLOG 3
  SEG0_LENGTH 8
  SEG0_POSITION 0
  TYPE string

ANALYSIS_OF_AREA 0
  RECLAIMED_SPACE 0

ANALYSIS_OF_KEY 0
  DATA_FILL 72
  DATA_KEY_COMPRESSION 49
  DATA_RECORD_COMPRESSION 73
  DATA_RECORD_COUNT 10000
  DATA_SPACE_OCCUPIED 94
  DEPTH 1
  INDEX_COMPRESSION 28
  INDEX_FILL 34
  INDEX_SPACE_OCCUPIED 2
  LEVEL1_RECORD_COUNT 47
  MEAN_DATA_LENGTH 64
  MEAN_INDEX_LENGTH 10
  LONGEST_RECORD_LENGTH 64
@@ R00 output
IDENT	FDL_VERSION 02	" 7-OCT-2026 04:28:44  OpenVMS FDL Editor"

SYSTEM
	SOURCE			"OpenVMS"

FILE
	ORGANIZATION		indexed
	GLBUFF_FLAGS_V83	none

RECORD
	CARRIAGE_CONTROL	carriage_return
	FORMAT			fixed
	SIZE			16

AREA 0
	ALLOCATION		438
	BEST_TRY_CONTIGUOUS	yes
	BUCKET_SIZE		4
	EXTENSION		112

AREA 1
	ALLOCATION		4
	BEST_TRY_CONTIGUOUS	yes
	BUCKET_SIZE		4
	EXTENSION		4

KEY 0
	CHANGES			no
	DATA_AREA		0
	DATA_FILL		100
	DATA_KEY_COMPRESSION	yes
	DATA_RECORD_COMPRESSION	yes
	DUPLICATES		no
	INDEX_AREA		1
	INDEX_COMPRESSION	no
	INDEX_FILL		100
	LEVEL1_INDEX_AREA	1
	PROLOG			3
	SEG0_LENGTH		8
	SEG0_POSITION		0
	TYPE			string
%COPY-W-INCOMPAT, SYS$SYSROOT:[SYSMGR.EDF3]T.TMP;1 (input) and SYS$SYSROOT:[SYSMGR.EDF3]R01A.FDL;1 (output) have incompatible attrib
utes
@@ R01 D5.FDL  00000001
FILE
  ALLOCATION 128
  BEST_TRY_CONTIGUOUS no
  BUCKET_SIZE 2
  CLUSTER_SIZE 1
  CONTIGUOUS no
  EXTENSION 0
  ORGANIZATION indexed
RECORD
  BLOCK_SPAN yes
  CARRIAGE_CONTROL carriage_return
  FORMAT fixed
  SIZE 16
AREA 0
  ALLOCATION 128
  BUCKET_SIZE 2
  EXTENSION 0
KEY 0
  CHANGES no
  DATA_KEY_COMPRESSION yes
  DATA_RECORD_COMPRESSION yes
  DATA_AREA 0
  DATA_FILL 100
  DUPLICATES no
  INDEX_AREA 0
  INDEX_COMPRESSION yes
  INDEX_FILL 100
  LEVEL1_INDEX_AREA 0
  NAME ""
  NULL_KEY no
  PROLOG 3
  SEG0_LENGTH 8
  SEG0_POSITION 0
  TYPE string

ANALYSIS_OF_AREA 0
  RECLAIMED_SPACE 0

ANALYSIS_OF_KEY 0
  DATA_FILL 72
  DATA_KEY_COMPRESSION 49
  DATA_RECORD_COMPRESSION 73
  DATA_RECORD_COUNT 100000
  DATA_SPACE_OCCUPIED 94
  DEPTH 1
  INDEX_COMPRESSION 28
  INDEX_FILL 34
  INDEX_SPACE_OCCUPIED 2
  LEVEL1_RECORD_COUNT 47
  MEAN_DATA_LENGTH 64
  MEAN_INDEX_LENGTH 10
  LONGEST_RECORD_LENGTH 64
@@ R01 output
IDENT	FDL_VERSION 02	" 7-OCT-2026 04:28:44  OpenVMS FDL Editor"

SYSTEM
	SOURCE			"OpenVMS"

FILE
	ORGANIZATION		indexed
	GLBUFF_FLAGS_V83	none

RECORD
	CARRIAGE_CONTROL	carriage_return
	FORMAT			fixed
	SIZE			16

AREA 0
	ALLOCATION		4325
	BEST_TRY_CONTIGUOUS	yes
	BUCKET_SIZE		11
	EXTENSION		1089

AREA 1
	ALLOCATION		11
	BEST_TRY_CONTIGUOUS	yes
	BUCKET_SIZE		11
	EXTENSION		11

KEY 0
	CHANGES			no
	DATA_AREA		0
	DATA_FILL		100
	DATA_KEY_COMPRESSION	yes
	DATA_RECORD_COMPRESSION	yes
	DUPLICATES		no
	INDEX_AREA		1
	INDEX_COMPRESSION	no
	INDEX_FILL		100
	LEVEL1_INDEX_AREA	1
	PROLOG			3
	SEG0_LENGTH		8
	SEG0_POSITION		0
	TYPE			string
%COPY-W-INCOMPAT, SYS$SYSROOT:[SYSMGR.EDF3]T.TMP;1 (input) and SYS$SYSROOT:[SYSMGR.EDF3]R02A.FDL;1 (output) have incompatible attrib
utes
@@ R02 D6.FDL  00000001
FILE
  ALLOCATION 128
  BEST_TRY_CONTIGUOUS no
  BUCKET_SIZE 2
  CLUSTER_SIZE 1
  CONTIGUOUS no
  EXTENSION 0
  ORGANIZATION indexed
RECORD
  BLOCK_SPAN yes
  CARRIAGE_CONTROL carriage_return
  FORMAT fixed
  SIZE 1000
AREA 0
  ALLOCATION 128
  BUCKET_SIZE 2
  EXTENSION 0
KEY 0
  CHANGES no
  DATA_KEY_COMPRESSION yes
  DATA_RECORD_COMPRESSION yes
  DATA_AREA 0
  DATA_FILL 100
  DUPLICATES no
  INDEX_AREA 0
  INDEX_COMPRESSION yes
  INDEX_FILL 100
  LEVEL1_INDEX_AREA 0
  NAME ""
  NULL_KEY no
  PROLOG 3
  SEG0_LENGTH 8
  SEG0_POSITION 0
  TYPE string

ANALYSIS_OF_AREA 0
  RECLAIMED_SPACE 0

ANALYSIS_OF_KEY 0
  DATA_FILL 72
  DATA_KEY_COMPRESSION 49
  DATA_RECORD_COMPRESSION 73
  DATA_RECORD_COUNT 10000
  DATA_SPACE_OCCUPIED 94
  DEPTH 1
  INDEX_COMPRESSION 28
  INDEX_FILL 34
  INDEX_SPACE_OCCUPIED 2
  LEVEL1_RECORD_COUNT 47
  MEAN_DATA_LENGTH 64
  MEAN_INDEX_LENGTH 10
  LONGEST_RECORD_LENGTH 64
@@ R02 output
IDENT	FDL_VERSION 02	" 7-OCT-2026 04:28:45  OpenVMS FDL Editor"

SYSTEM
	SOURCE			"OpenVMS"

FILE
	ORGANIZATION		indexed
	GLBUFF_FLAGS_V83	none

RECORD
	CARRIAGE_CONTROL	carriage_return
	FORMAT			fixed
	SIZE			1000

AREA 0
	ALLOCATION		5726
	BEST_TRY_CONTIGUOUS	yes
	BUCKET_SIZE		12
	EXTENSION		1440

AREA 1
	ALLOCATION		12
	BEST_TRY_CONTIGUOUS	yes
	BUCKET_SIZE		12
	EXTENSION		12

KEY 0
	CHANGES			no
	DATA_AREA		0
	DATA_FILL		100
	DATA_KEY_COMPRESSION	yes
	DATA_RECORD_COMPRESSION	yes
	DUPLICATES		no
	INDEX_AREA		1
	INDEX_COMPRESSION	no
	INDEX_FILL		100
	LEVEL1_INDEX_AREA	1
	PROLOG			3
	SEG0_LENGTH		8
	SEG0_POSITION		0
	TYPE			string
%COPY-W-INCOMPAT, SYS$SYSROOT:[SYSMGR.EDF3]T.TMP;1 (input) and SYS$SYSROOT:[SYSMGR.EDF3]R03A.FDL;1 (output) have incompatible attrib
utes
@@ R03 D6.FDL  00000001
FILE
  ALLOCATION 128
  BEST_TRY_CONTIGUOUS no
  BUCKET_SIZE 2
  CLUSTER_SIZE 1
  CONTIGUOUS no
  EXTENSION 0
  ORGANIZATION indexed
RECORD
  BLOCK_SPAN yes
  CARRIAGE_CONTROL carriage_return
  FORMAT fixed
  SIZE 1000
AREA 0
  ALLOCATION 128
  BUCKET_SIZE 2
  EXTENSION 0
KEY 0
  CHANGES no
  DATA_KEY_COMPRESSION yes
  DATA_RECORD_COMPRESSION yes
  DATA_AREA 0
  DATA_FILL 100
  DUPLICATES no
  INDEX_AREA 0
  INDEX_COMPRESSION yes
  INDEX_FILL 100
  LEVEL1_INDEX_AREA 0
  NAME ""
  NULL_KEY no
  PROLOG 3
  SEG0_LENGTH 8
  SEG0_POSITION 0
  TYPE string

ANALYSIS_OF_AREA 0
  RECLAIMED_SPACE 0

ANALYSIS_OF_KEY 0
  DATA_FILL 72
  DATA_KEY_COMPRESSION 49
  DATA_RECORD_COMPRESSION 73
  DATA_RECORD_COUNT 100000
  DATA_SPACE_OCCUPIED 94
  DEPTH 1
  INDEX_COMPRESSION 28
  INDEX_FILL 34
  INDEX_SPACE_OCCUPIED 2
  LEVEL1_RECORD_COUNT 47
  MEAN_DATA_LENGTH 64
  MEAN_INDEX_LENGTH 10
  LONGEST_RECORD_LENGTH 64
@@ R03 output
IDENT	FDL_VERSION 02	" 7-OCT-2026 04:28:45  OpenVMS FDL Editor"

SYSTEM
	SOURCE			"OpenVMS"

FILE
	ORGANIZATION		indexed
	GLBUFF_FLAGS_V83	none

RECORD
	CARRIAGE_CONTROL	carriage_return
	FORMAT			fixed
	SIZE			1000

AREA 0
	ALLOCATION		57146
	BEST_TRY_CONTIGUOUS	yes
	BUCKET_SIZE		4
	EXTENSION		14288

AREA 1
	ALLOCATION		344
	BEST_TRY_CONTIGUOUS	yes
	BUCKET_SIZE		4
	EXTENSION		88

KEY 0
	CHANGES			no
	DATA_AREA		0
	DATA_FILL		100
	DATA_KEY_COMPRESSION	yes
	DATA_RECORD_COMPRESSION	yes
	DUPLICATES		no
	INDEX_AREA		1
	INDEX_COMPRESSION	no
	INDEX_FILL		100
	LEVEL1_INDEX_AREA	1
	PROLOG			3
	SEG0_LENGTH		8
	SEG0_POSITION		0
	TYPE			string
%COPY-W-INCOMPAT, SYS$SYSROOT:[SYSMGR.EDF3]T.TMP;1 (input) and SYS$SYSROOT:[SYSMGR.EDF3]R04A.FDL;1 (output) have incompatible attrib
utes
@@ R04 D7.FDL  00000001
FILE
  ALLOCATION 128
  BEST_TRY_CONTIGUOUS no
  BUCKET_SIZE 2
  CLUSTER_SIZE 1
  CONTIGUOUS no
  EXTENSION 0
  ORGANIZATION indexed
RECORD
  BLOCK_SPAN yes
  CARRIAGE_CONTROL carriage_return
  FORMAT fixed
  SIZE 4000
AREA 0
  ALLOCATION 128
  BUCKET_SIZE 2
  EXTENSION 0
KEY 0
  CHANGES no
  DATA_KEY_COMPRESSION yes
  DATA_RECORD_COMPRESSION yes
  DATA_AREA 0
  DATA_FILL 100
  DUPLICATES no
  INDEX_AREA 0
  INDEX_COMPRESSION yes
  INDEX_FILL 100
  LEVEL1_INDEX_AREA 0
  NAME ""
  NULL_KEY no
  PROLOG 3
  SEG0_LENGTH 8
  SEG0_POSITION 0
  TYPE string

ANALYSIS_OF_AREA 0
  RECLAIMED_SPACE 0

ANALYSIS_OF_KEY 0
  DATA_FILL 72
  DATA_KEY_COMPRESSION 49
  DATA_RECORD_COMPRESSION 73
  DATA_RECORD_COUNT 10000
  DATA_SPACE_OCCUPIED 94
  DEPTH 1
  INDEX_COMPRESSION 28
  INDEX_FILL 34
  INDEX_SPACE_OCCUPIED 2
  LEVEL1_RECORD_COUNT 47
  MEAN_DATA_LENGTH 64
  MEAN_INDEX_LENGTH 10
  LONGEST_RECORD_LENGTH 64
@@ R04 output
IDENT	FDL_VERSION 02	" 7-OCT-2026 04:28:45  OpenVMS FDL Editor"

SYSTEM
	SOURCE			"OpenVMS"

FILE
	ORGANIZATION		indexed
	GLBUFF_FLAGS_V83	none

RECORD
	CARRIAGE_CONTROL	carriage_return
	FORMAT			fixed
	SIZE			4000

AREA 0
	ALLOCATION		26674
	BEST_TRY_CONTIGUOUS	yes
	BUCKET_SIZE		8
	EXTENSION		6672

AREA 1
	ALLOCATION		88
	BEST_TRY_CONTIGUOUS	yes
	BUCKET_SIZE		8
	EXTENSION		24

KEY 0
	CHANGES			no
	DATA_AREA		0
	DATA_FILL		100
	DATA_KEY_COMPRESSION	yes
	DATA_RECORD_COMPRESSION	yes
	DUPLICATES		no
	INDEX_AREA		1
	INDEX_COMPRESSION	no
	INDEX_FILL		100
	LEVEL1_INDEX_AREA	1
	PROLOG			3
	SEG0_LENGTH		8
	SEG0_POSITION		0
	TYPE			string
%COPY-W-INCOMPAT, SYS$SYSROOT:[SYSMGR.EDF3]T.TMP;1 (input) and SYS$SYSROOT:[SYSMGR.EDF3]R05A.FDL;1 (output) have incompatible attrib
utes
@@ R05 D7.FDL  00000001
FILE
  ALLOCATION 128
  BEST_TRY_CONTIGUOUS no
  BUCKET_SIZE 2
  CLUSTER_SIZE 1
  CONTIGUOUS no
  EXTENSION 0
  ORGANIZATION indexed
RECORD
  BLOCK_SPAN yes
  CARRIAGE_CONTROL carriage_return
  FORMAT fixed
  SIZE 4000
AREA 0
  ALLOCATION 128
  BUCKET_SIZE 2
  EXTENSION 0
KEY 0
  CHANGES no
  DATA_KEY_COMPRESSION yes
  DATA_RECORD_COMPRESSION yes
  DATA_AREA 0
  DATA_FILL 100
  DUPLICATES no
  INDEX_AREA 0
  INDEX_COMPRESSION yes
  INDEX_FILL 100
  LEVEL1_INDEX_AREA 0
  NAME ""
  NULL_KEY no
  PROLOG 3
  SEG0_LENGTH 8
  SEG0_POSITION 0
  TYPE string

ANALYSIS_OF_AREA 0
  RECLAIMED_SPACE 0

ANALYSIS_OF_KEY 0
  DATA_FILL 72
  DATA_KEY_COMPRESSION 49
  DATA_RECORD_COMPRESSION 73
  DATA_RECORD_COUNT 100000
  DATA_SPACE_OCCUPIED 94
  DEPTH 1
  INDEX_COMPRESSION 28
  INDEX_FILL 34
  INDEX_SPACE_OCCUPIED 2
  LEVEL1_RECORD_COUNT 47
  MEAN_DATA_LENGTH 64
  MEAN_INDEX_LENGTH 10
  LONGEST_RECORD_LENGTH 64
@@ R05 output
IDENT	FDL_VERSION 02	" 7-OCT-2026 04:28:45  OpenVMS FDL Editor"

SYSTEM
	SOURCE			"OpenVMS"

FILE
	ORGANIZATION		indexed
	GLBUFF_FLAGS_V83	none

RECORD
	CARRIAGE_CONTROL	carriage_return
	FORMAT			fixed
	SIZE			4000

AREA 0
	ALLOCATION		266674
	BEST_TRY_CONTIGUOUS	yes
	BUCKET_SIZE		8
	EXTENSION		65528

AREA 1
	ALLOCATION		800
	BEST_TRY_CONTIGUOUS	yes
	BUCKET_SIZE		8
	EXTENSION		200

KEY 0
	CHANGES			no
	DATA_AREA		0
	DATA_FILL		100
	DATA_KEY_COMPRESSION	yes
	DATA_RECORD_COMPRESSION	yes
	DUPLICATES		no
	INDEX_AREA		1
	INDEX_COMPRESSION	no
	INDEX_FILL		100
	LEVEL1_INDEX_AREA	1
	PROLOG			3
	SEG0_LENGTH		8
	SEG0_POSITION		0
	TYPE			string
%COPY-W-INCOMPAT, SYS$SYSROOT:[SYSMGR.EDF3]T.TMP;1 (input) and SYS$SYSROOT:[SYSMGR.EDF3]V00A.FDL;1 (output) have incompatible attrib
utes
@@ V00 D8.FDL  00000001
%SYSTEM-F-ACCVIO, access violation, reason mask=00, virtual address=00000000000F6104, PC=000000007AFA3324, PS=0000001B

  Improperly handled condition, image exit forced.
    Signal arguments:   Number = 0000000000000005
                        Name   = 000000000000000C
                                 0000000000000000
                                 00000000000F6104
                                 000000007AFA3324
                                 000000000000001B

    Register dump:
    R0  = 00000000000F6000  R1  = 000000007BA87178  R2  = 000000007AEF88C8
    R3  = 000000007AE266E0  R4  = 000000007BA86000  R5  = 0000000000000000
    R6  = 000000000005E000  R7  = 000000000005E028  R8  = 000000007FF9CDE8
    R9  = 000000007AE268D0  R10 = 000000007AE266E0  R11 = 000000007FFCDC18
    R12 = 000000007FFCDA98  R13 = 000000007AF00398  R14 = 0000000000000000
    R15 = 000000007AEFC9F0  R16 = 000000007AE268D8  R17 = 000000007AE266E0
    R18 = 000000007AE268C8  R19 = 0000000000000000  R20 = 7BA8717800000007
    R21 = 0000000000000007  R22 = 000000007AEF8C20  R23 = 000000007AEF8C20
    R24 = 000000007AE268D8  R25 = 0000000000000003  R26 = 000000007AFA2784
    R27 = 000000007AEF88C8  R28 = 000000007AFA2728  R29 = 000000007AE26660
    SP  = 000000007AE26660  PC  = 000000007AFA3324  PS  = 200000000000001B
%COPY-W-INCOMPAT, SYS$SYSROOT:[SYSMGR.EDF3]T.TMP;1 (input) and SYS$SYSROOT:[SYSMGR.EDF3]V01A.FDL;1 (output) have incompatible attrib
utes
@@ V01 D8.FDL  00000001
FILE
  ALLOCATION 128
  BEST_TRY_CONTIGUOUS no
  BUCKET_SIZE 2
  CLUSTER_SIZE 1
  CONTIGUOUS no
  EXTENSION 0
  ORGANIZATION indexed
RECORD
  BLOCK_SPAN yes
  CARRIAGE_CONTROL carriage_return
  FORMAT variable
  SIZE 200
AREA 0
  ALLOCATION 128
  BUCKET_SIZE 2
  EXTENSION 0
KEY 0
  CHANGES no
  DATA_KEY_COMPRESSION yes
  DATA_RECORD_COMPRESSION yes
  DATA_AREA 0
  DATA_FILL 100
  DUPLICATES no
  INDEX_AREA 0
  INDEX_COMPRESSION yes
  INDEX_FILL 100
  LEVEL1_INDEX_AREA 0
  NAME ""
  NULL_KEY no
  PROLOG 3
  SEG0_LENGTH 8
  SEG0_POSITION 0
  TYPE string

ANALYSIS_OF_AREA 0
  RECLAIMED_SPACE 0

ANALYSIS_OF_KEY 0
  DATA_FILL 72
  DATA_KEY_COMPRESSION 49
  DATA_RECORD_COMPRESSION 73
  DATA_RECORD_COUNT 10000
  DATA_SPACE_OCCUPIED 94
  DEPTH 1
  INDEX_COMPRESSION 28
  INDEX_FILL 34
  INDEX_SPACE_OCCUPIED 2
  LEVEL1_RECORD_COUNT 47
  MEAN_DATA_LENGTH 100
  MEAN_INDEX_LENGTH 10
  LONGEST_RECORD_LENGTH 200
@@ V01 output
IDENT	FDL_VERSION 02	" 7-OCT-2026 04:28:46  OpenVMS FDL Editor"

SYSTEM
	SOURCE			"OpenVMS"

FILE
	ORGANIZATION		indexed
	GLBUFF_FLAGS_V83	none

RECORD
	CARRIAGE_CONTROL	carriage_return
	FORMAT			variable
	SIZE			200

AREA 0
	ALLOCATION		912
	BEST_TRY_CONTIGUOUS	yes
	BUCKET_SIZE		5
	EXTENSION		230

AREA 1
	ALLOCATION		5
	BEST_TRY_CONTIGUOUS	yes
	BUCKET_SIZE		5
	EXTENSION		5

KEY 0
	CHANGES			no
	DATA_AREA		0
	DATA_FILL		100
	DATA_KEY_COMPRESSION	yes
	DATA_RECORD_COMPRESSION	yes
	DUPLICATES		no
	INDEX_AREA		1
	INDEX_COMPRESSION	no
	INDEX_FILL		100
	LEVEL1_INDEX_AREA	1
	PROLOG			3
	SEG0_LENGTH		8
	SEG0_POSITION		0
	TYPE			string
%COPY-W-INCOMPAT, SYS$SYSROOT:[SYSMGR.EDF3]T.TMP;1 (input) and SYS$SYSROOT:[SYSMGR.EDF3]V02A.FDL;1 (output) have incompatible attrib
utes
@@ V02 D8.FDL  00000001
FILE
  ALLOCATION 128
  BEST_TRY_CONTIGUOUS no
  BUCKET_SIZE 2
  CLUSTER_SIZE 1
  CONTIGUOUS no
  EXTENSION 0
  ORGANIZATION indexed
RECORD
  BLOCK_SPAN yes
  CARRIAGE_CONTROL carriage_return
  FORMAT variable
  SIZE 200
AREA 0
  ALLOCATION 128
  BUCKET_SIZE 2
  EXTENSION 0
KEY 0
  CHANGES no
  DATA_KEY_COMPRESSION yes
  DATA_RECORD_COMPRESSION yes
  DATA_AREA 0
  DATA_FILL 100
  DUPLICATES no
  INDEX_AREA 0
  INDEX_COMPRESSION yes
  INDEX_FILL 100
  LEVEL1_INDEX_AREA 0
  NAME ""
  NULL_KEY no
  PROLOG 3
  SEG0_LENGTH 8
  SEG0_POSITION 0
  TYPE string

ANALYSIS_OF_AREA 0
  RECLAIMED_SPACE 0

ANALYSIS_OF_KEY 0
  DATA_FILL 72
  DATA_KEY_COMPRESSION 49
  DATA_RECORD_COMPRESSION 73
  DATA_RECORD_COUNT 10000
  DATA_SPACE_OCCUPIED 94
  DEPTH 1
  INDEX_COMPRESSION 28
  INDEX_FILL 34
  INDEX_SPACE_OCCUPIED 2
  LEVEL1_RECORD_COUNT 47
  MEAN_DATA_LENGTH 190
  MEAN_INDEX_LENGTH 10
  LONGEST_RECORD_LENGTH 200
@@ V02 output
IDENT	FDL_VERSION 02	" 7-OCT-2026 04:28:46  OpenVMS FDL Editor"

SYSTEM
	SOURCE			"OpenVMS"

FILE
	ORGANIZATION		indexed
	GLBUFF_FLAGS_V83	none

RECORD
	CARRIAGE_CONTROL	carriage_return
	FORMAT			variable
	SIZE			200

AREA 0
	ALLOCATION		1400
	BEST_TRY_CONTIGUOUS	yes
	BUCKET_SIZE		6
	EXTENSION		354

AREA 1
	ALLOCATION		6
	BEST_TRY_CONTIGUOUS	yes
	BUCKET_SIZE		6
	EXTENSION		6

KEY 0
	CHANGES			no
	DATA_AREA		0
	DATA_FILL		100
	DATA_KEY_COMPRESSION	yes
	DATA_RECORD_COMPRESSION	yes
	DUPLICATES		no
	INDEX_AREA		1
	INDEX_COMPRESSION	no
	INDEX_FILL		100
	LEVEL1_INDEX_AREA	1
	PROLOG			3
	SEG0_LENGTH		8
	SEG0_POSITION		0
	TYPE			string
%COPY-W-INCOMPAT, SYS$SYSROOT:[SYSMGR.EDF3]T.TMP;1 (input) and SYS$SYSROOT:[SYSMGR.EDF3]V03A.FDL;1 (output) have incompatible attrib
utes
@@ V03 D8.FDL  00000001
FILE
  ALLOCATION 128
  BEST_TRY_CONTIGUOUS no
  BUCKET_SIZE 2
  CLUSTER_SIZE 1
  CONTIGUOUS no
  EXTENSION 0
  ORGANIZATION indexed
RECORD
  BLOCK_SPAN yes
  CARRIAGE_CONTROL carriage_return
  FORMAT variable
  SIZE 200
AREA 0
  ALLOCATION 128
  BUCKET_SIZE 2
  EXTENSION 0
KEY 0
  CHANGES no
  DATA_KEY_COMPRESSION yes
  DATA_RECORD_COMPRESSION yes
  DATA_AREA 0
  DATA_FILL 100
  DUPLICATES no
  INDEX_AREA 0
  INDEX_COMPRESSION yes
  INDEX_FILL 100
  LEVEL1_INDEX_AREA 0
  NAME ""
  NULL_KEY no
  PROLOG 3
  SEG0_LENGTH 8
  SEG0_POSITION 0
  TYPE string

ANALYSIS_OF_AREA 0
  RECLAIMED_SPACE 0

ANALYSIS_OF_KEY 0
  DATA_FILL 72
  DATA_KEY_COMPRESSION 49
  DATA_RECORD_COMPRESSION 73
  DATA_RECORD_COUNT 100000
  DATA_SPACE_OCCUPIED 94
  DEPTH 1
  INDEX_COMPRESSION 28
  INDEX_FILL 34
  INDEX_SPACE_OCCUPIED 2
  LEVEL1_RECORD_COUNT 47
  MEAN_DATA_LENGTH 100
  MEAN_INDEX_LENGTH 10
  LONGEST_RECORD_LENGTH 200
@@ V03 output
IDENT	FDL_VERSION 02	" 7-OCT-2026 04:28:46  OpenVMS FDL Editor"

SYSTEM
	SOURCE			"OpenVMS"

FILE
	ORGANIZATION		indexed
	GLBUFF_FLAGS_V83	none

RECORD
	CARRIAGE_CONTROL	carriage_return
	FORMAT			variable
	SIZE			200

AREA 0
	ALLOCATION		9047
	BEST_TRY_CONTIGUOUS	yes
	BUCKET_SIZE		15
	EXTENSION		2265

AREA 1
	ALLOCATION		15
	BEST_TRY_CONTIGUOUS	yes
	BUCKET_SIZE		15
	EXTENSION		15

KEY 0
	CHANGES			no
	DATA_AREA		0
	DATA_FILL		100
	DATA_KEY_COMPRESSION	yes
	DATA_RECORD_COMPRESSION	yes
	DUPLICATES		no
	INDEX_AREA		1
	INDEX_COMPRESSION	no
	INDEX_FILL		100
	LEVEL1_INDEX_AREA	1
	PROLOG			3
	SEG0_LENGTH		8
	SEG0_POSITION		0
	TYPE			string
%COPY-W-INCOMPAT, SYS$SYSROOT:[SYSMGR.EDF3]T.TMP;1 (input) and SYS$SYSROOT:[SYSMGR.EDF3]A00A.FDL;1 (output) have incompatible attrib
utes
@@ A00 E1.FDL  00000001
FILE
  ALLOCATION 128
  BEST_TRY_CONTIGUOUS no
  BUCKET_SIZE 2
  CLUSTER_SIZE 1
  CONTIGUOUS no
  EXTENSION 0
  ORGANIZATION indexed
RECORD
  BLOCK_SPAN yes
  CARRIAGE_CONTROL carriage_return
  FORMAT fixed
  SIZE 64
AREA 0
  ALLOCATION 128
  BUCKET_SIZE 2
  EXTENSION 0
KEY 0
  CHANGES no
  DATA_KEY_COMPRESSION yes
  DATA_RECORD_COMPRESSION yes
  DATA_AREA 0
  DATA_FILL 100
  DUPLICATES no
  INDEX_AREA 0
  INDEX_COMPRESSION yes
  INDEX_FILL 100
  LEVEL1_INDEX_AREA 0
  NAME ""
  NULL_KEY no
  PROLOG 3
  SEG0_LENGTH 8
  SEG0_POSITION 0
  TYPE string
KEY 1
  CHANGES yes
  DATA_KEY_COMPRESSION yes
  DATA_AREA 0
  DATA_FILL 100
  DUPLICATES yes
  INDEX_AREA 0
  INDEX_COMPRESSION yes
  INDEX_FILL 100
  LEVEL1_INDEX_AREA 0
  NAME ""
  NULL_KEY no
  SEG0_LENGTH 10
  SEG0_POSITION 8
  TYPE string

ANALYSIS_OF_AREA 0
  RECLAIMED_SPACE 0

ANALYSIS_OF_KEY 0
  DATA_FILL 72
  DATA_KEY_COMPRESSION 49
  DATA_RECORD_COMPRESSION 73
  DATA_RECORD_COUNT 10000
  DATA_SPACE_OCCUPIED 94
  DEPTH 1
  INDEX_COMPRESSION 28
  INDEX_FILL 34
  INDEX_SPACE_OCCUPIED 2
  LEVEL1_RECORD_COUNT 47
  MEAN_DATA_LENGTH 64
  MEAN_INDEX_LENGTH 10
  LONGEST_RECORD_LENGTH 64

ANALYSIS_OF_KEY 1
  DATA_FILL 66
  DATA_KEY_COMPRESSION 56
  DATA_RECORD_COUNT 100
  DATA_SPACE_OCCUPIED 16
  DEPTH 1
  DUPLICATES_PER_SIDR 0
  INDEX_COMPRESSION 44
  INDEX_FILL 6
  INDEX_SPACE_OCCUPIED 2
  LEVEL1_RECORD_COUNT 8
  MEAN_DATA_LENGTH 20
  MEAN_INDEX_LENGTH 12
@@ A00 output
IDENT	FDL_VERSION 02	" 7-OCT-2026 04:28:46  OpenVMS FDL Editor"

SYSTEM
	SOURCE			"OpenVMS"

FILE
	ORGANIZATION		indexed
	GLBUFF_FLAGS_V83	none

RECORD
	CARRIAGE_CONTROL	carriage_return
	FORMAT			fixed
	SIZE			64

AREA 0
	ALLOCATION		698
	BEST_TRY_CONTIGUOUS	yes
	BUCKET_SIZE		5
	EXTENSION		175

AREA 1
	ALLOCATION		5
	BEST_TRY_CONTIGUOUS	yes
	BUCKET_SIZE		5
	EXTENSION		5

AREA 2
	ALLOCATION		5
	BEST_TRY_CONTIGUOUS	yes
	BUCKET_SIZE		1
	EXTENSION		2

KEY 0
	CHANGES			no
	DATA_AREA		0
	DATA_FILL		100
	DATA_KEY_COMPRESSION	yes
	DATA_RECORD_COMPRESSION	yes
	DUPLICATES		no
	INDEX_AREA		1
	INDEX_COMPRESSION	no
	INDEX_FILL		100
	LEVEL1_INDEX_AREA	1
	PROLOG			3
	SEG0_LENGTH		8
	SEG0_POSITION		0
	TYPE			string

KEY 1
	CHANGES			yes
	DATA_AREA		2
	DATA_FILL		100
	DATA_KEY_COMPRESSION	yes
	DUPLICATES		yes
	INDEX_AREA		2
	INDEX_COMPRESSION	no
	INDEX_FILL		100
	LEVEL1_INDEX_AREA	2
	SEG0_LENGTH		10
	SEG0_POSITION		8
	TYPE			string
%COPY-W-INCOMPAT, SYS$SYSROOT:[SYSMGR.EDF3]T.TMP;1 (input) and SYS$SYSROOT:[SYSMGR.EDF3]A01A.FDL;1 (output) have incompatible attrib
utes
@@ A01 E1.FDL  00000001
FILE
  ALLOCATION 128
  BEST_TRY_CONTIGUOUS no
  BUCKET_SIZE 2
  CLUSTER_SIZE 1
  CONTIGUOUS no
  EXTENSION 0
  ORGANIZATION indexed
RECORD
  BLOCK_SPAN yes
  CARRIAGE_CONTROL carriage_return
  FORMAT fixed
  SIZE 64
AREA 0
  ALLOCATION 128
  BUCKET_SIZE 2
  EXTENSION 0
KEY 0
  CHANGES no
  DATA_KEY_COMPRESSION yes
  DATA_RECORD_COMPRESSION yes
  DATA_AREA 0
  DATA_FILL 100
  DUPLICATES no
  INDEX_AREA 0
  INDEX_COMPRESSION yes
  INDEX_FILL 100
  LEVEL1_INDEX_AREA 0
  NAME ""
  NULL_KEY no
  PROLOG 3
  SEG0_LENGTH 8
  SEG0_POSITION 0
  TYPE string
KEY 1
  CHANGES yes
  DATA_KEY_COMPRESSION yes
  DATA_AREA 0
  DATA_FILL 100
  DUPLICATES yes
  INDEX_AREA 0
  INDEX_COMPRESSION yes
  INDEX_FILL 100
  LEVEL1_INDEX_AREA 0
  NAME ""
  NULL_KEY no
  SEG0_LENGTH 10
  SEG0_POSITION 8
  TYPE string

ANALYSIS_OF_AREA 0
  RECLAIMED_SPACE 0

ANALYSIS_OF_KEY 0
  DATA_FILL 72
  DATA_KEY_COMPRESSION 49
  DATA_RECORD_COMPRESSION 73
  DATA_RECORD_COUNT 10000
  DATA_SPACE_OCCUPIED 94
  DEPTH 1
  INDEX_COMPRESSION 28
  INDEX_FILL 34
  INDEX_SPACE_OCCUPIED 2
  LEVEL1_RECORD_COUNT 47
  MEAN_DATA_LENGTH 64
  MEAN_INDEX_LENGTH 10
  LONGEST_RECORD_LENGTH 64

ANALYSIS_OF_KEY 1
  DATA_FILL 66
  DATA_KEY_COMPRESSION 56
  DATA_RECORD_COUNT 1000
  DATA_SPACE_OCCUPIED 16
  DEPTH 1
  DUPLICATES_PER_SIDR 0
  INDEX_COMPRESSION 44
  INDEX_FILL 6
  INDEX_SPACE_OCCUPIED 2
  LEVEL1_RECORD_COUNT 8
  MEAN_DATA_LENGTH 20
  MEAN_INDEX_LENGTH 12
@@ A01 output
IDENT	FDL_VERSION 02	" 7-OCT-2026 04:28:47  OpenVMS FDL Editor"

SYSTEM
	SOURCE			"OpenVMS"

FILE
	ORGANIZATION		indexed
	GLBUFF_FLAGS_V83	none

RECORD
	CARRIAGE_CONTROL	carriage_return
	FORMAT			fixed
	SIZE			64

AREA 0
	ALLOCATION		698
	BEST_TRY_CONTIGUOUS	yes
	BUCKET_SIZE		5
	EXTENSION		175

AREA 1
	ALLOCATION		5
	BEST_TRY_CONTIGUOUS	yes
	BUCKET_SIZE		5
	EXTENSION		5

AREA 2
	ALLOCATION		38
	BEST_TRY_CONTIGUOUS	yes
	BUCKET_SIZE		2
	EXTENSION		12

KEY 0
	CHANGES			no
	DATA_AREA		0
	DATA_FILL		100
	DATA_KEY_COMPRESSION	yes
	DATA_RECORD_COMPRESSION	yes
	DUPLICATES		no
	INDEX_AREA		1
	INDEX_COMPRESSION	no
	INDEX_FILL		100
	LEVEL1_INDEX_AREA	1
	PROLOG			3
	SEG0_LENGTH		8
	SEG0_POSITION		0
	TYPE			string

KEY 1
	CHANGES			yes
	DATA_AREA		2
	DATA_FILL		100
	DATA_KEY_COMPRESSION	yes
	DUPLICATES		yes
	INDEX_AREA		2
	INDEX_COMPRESSION	no
	INDEX_FILL		100
	LEVEL1_INDEX_AREA	2
	SEG0_LENGTH		10
	SEG0_POSITION		8
	TYPE			string
%COPY-W-INCOMPAT, SYS$SYSROOT:[SYSMGR.EDF3]T.TMP;1 (input) and SYS$SYSROOT:[SYSMGR.EDF3]A02A.FDL;1 (output) have incompatible attrib
utes
@@ A02 E1.FDL  00000001
FILE
  ALLOCATION 128
  BEST_TRY_CONTIGUOUS no
  BUCKET_SIZE 2
  CLUSTER_SIZE 1
  CONTIGUOUS no
  EXTENSION 0
  ORGANIZATION indexed
RECORD
  BLOCK_SPAN yes
  CARRIAGE_CONTROL carriage_return
  FORMAT fixed
  SIZE 64
AREA 0
  ALLOCATION 128
  BUCKET_SIZE 2
  EXTENSION 0
KEY 0
  CHANGES no
  DATA_KEY_COMPRESSION yes
  DATA_RECORD_COMPRESSION yes
  DATA_AREA 0
  DATA_FILL 100
  DUPLICATES no
  INDEX_AREA 0
  INDEX_COMPRESSION yes
  INDEX_FILL 100
  LEVEL1_INDEX_AREA 0
  NAME ""
  NULL_KEY no
  PROLOG 3
  SEG0_LENGTH 8
  SEG0_POSITION 0
  TYPE string
KEY 1
  CHANGES yes
  DATA_KEY_COMPRESSION yes
  DATA_AREA 0
  DATA_FILL 100
  DUPLICATES yes
  INDEX_AREA 0
  INDEX_COMPRESSION yes
  INDEX_FILL 100
  LEVEL1_INDEX_AREA 0
  NAME ""
  NULL_KEY no
  SEG0_LENGTH 10
  SEG0_POSITION 8
  TYPE string

ANALYSIS_OF_AREA 0
  RECLAIMED_SPACE 0

ANALYSIS_OF_KEY 0
  DATA_FILL 72
  DATA_KEY_COMPRESSION 49
  DATA_RECORD_COMPRESSION 73
  DATA_RECORD_COUNT 10000
  DATA_SPACE_OCCUPIED 94
  DEPTH 1
  INDEX_COMPRESSION 28
  INDEX_FILL 34
  INDEX_SPACE_OCCUPIED 2
  LEVEL1_RECORD_COUNT 47
  MEAN_DATA_LENGTH 64
  MEAN_INDEX_LENGTH 10
  LONGEST_RECORD_LENGTH 64

ANALYSIS_OF_KEY 1
  DATA_FILL 66
  DATA_KEY_COMPRESSION 56
  DATA_RECORD_COUNT 10000
  DATA_SPACE_OCCUPIED 16
  DEPTH 1
  DUPLICATES_PER_SIDR 0
  INDEX_COMPRESSION 44
  INDEX_FILL 6
  INDEX_SPACE_OCCUPIED 2
  LEVEL1_RECORD_COUNT 8
  MEAN_DATA_LENGTH 20
  MEAN_INDEX_LENGTH 12
@@ A02 output
IDENT	FDL_VERSION 02	" 7-OCT-2026 04:28:47  OpenVMS FDL Editor"

SYSTEM
	SOURCE			"OpenVMS"

FILE
	ORGANIZATION		indexed
	GLBUFF_FLAGS_V83	none

RECORD
	CARRIAGE_CONTROL	carriage_return
	FORMAT			fixed
	SIZE			64

AREA 0
	ALLOCATION		698
	BEST_TRY_CONTIGUOUS	yes
	BUCKET_SIZE		5
	EXTENSION		175

AREA 1
	ALLOCATION		5
	BEST_TRY_CONTIGUOUS	yes
	BUCKET_SIZE		5
	EXTENSION		5

AREA 2
	ALLOCATION		364
	BEST_TRY_CONTIGUOUS	yes
	BUCKET_SIZE		4
	EXTENSION		96

KEY 0
	CHANGES			no
	DATA_AREA		0
	DATA_FILL		100
	DATA_KEY_COMPRESSION	yes
	DATA_RECORD_COMPRESSION	yes
	DUPLICATES		no
	INDEX_AREA		1
	INDEX_COMPRESSION	no
	INDEX_FILL		100
	LEVEL1_INDEX_AREA	1
	PROLOG			3
	SEG0_LENGTH		8
	SEG0_POSITION		0
	TYPE			string

KEY 1
	CHANGES			yes
	DATA_AREA		2
	DATA_FILL		100
	DATA_KEY_COMPRESSION	yes
	DUPLICATES		yes
	INDEX_AREA		2
	INDEX_COMPRESSION	no
	INDEX_FILL		100
	LEVEL1_INDEX_AREA	2
	SEG0_LENGTH		10
	SEG0_POSITION		8
	TYPE			string
%COPY-W-INCOMPAT, SYS$SYSROOT:[SYSMGR.EDF3]T.TMP;1 (input) and SYS$SYSROOT:[SYSMGR.EDF3]A03A.FDL;1 (output) have incompatible attrib
utes
@@ A03 E1.FDL  00000001
FILE
  ALLOCATION 128
  BEST_TRY_CONTIGUOUS no
  BUCKET_SIZE 2
  CLUSTER_SIZE 1
  CONTIGUOUS no
  EXTENSION 0
  ORGANIZATION indexed
RECORD
  BLOCK_SPAN yes
  CARRIAGE_CONTROL carriage_return
  FORMAT fixed
  SIZE 64
AREA 0
  ALLOCATION 128
  BUCKET_SIZE 2
  EXTENSION 0
KEY 0
  CHANGES no
  DATA_KEY_COMPRESSION yes
  DATA_RECORD_COMPRESSION yes
  DATA_AREA 0
  DATA_FILL 100
  DUPLICATES no
  INDEX_AREA 0
  INDEX_COMPRESSION yes
  INDEX_FILL 100
  LEVEL1_INDEX_AREA 0
  NAME ""
  NULL_KEY no
  PROLOG 3
  SEG0_LENGTH 8
  SEG0_POSITION 0
  TYPE string
KEY 1
  CHANGES yes
  DATA_KEY_COMPRESSION yes
  DATA_AREA 0
  DATA_FILL 100
  DUPLICATES yes
  INDEX_AREA 0
  INDEX_COMPRESSION yes
  INDEX_FILL 100
  LEVEL1_INDEX_AREA 0
  NAME ""
  NULL_KEY no
  SEG0_LENGTH 10
  SEG0_POSITION 8
  TYPE string

ANALYSIS_OF_AREA 0
  RECLAIMED_SPACE 0

ANALYSIS_OF_KEY 0
  DATA_FILL 72
  DATA_KEY_COMPRESSION 49
  DATA_RECORD_COMPRESSION 73
  DATA_RECORD_COUNT 10000
  DATA_SPACE_OCCUPIED 94
  DEPTH 1
  INDEX_COMPRESSION 28
  INDEX_FILL 34
  INDEX_SPACE_OCCUPIED 2
  LEVEL1_RECORD_COUNT 47
  MEAN_DATA_LENGTH 64
  MEAN_INDEX_LENGTH 10
  LONGEST_RECORD_LENGTH 64

ANALYSIS_OF_KEY 1
  DATA_FILL 66
  DATA_KEY_COMPRESSION 56
  DATA_RECORD_COUNT 1000
  DATA_SPACE_OCCUPIED 16
  DEPTH 1
  DUPLICATES_PER_SIDR 9
  INDEX_COMPRESSION 44
  INDEX_FILL 6
  INDEX_SPACE_OCCUPIED 2
  LEVEL1_RECORD_COUNT 8
  MEAN_DATA_LENGTH 106
  MEAN_INDEX_LENGTH 12
@@ A03 output
IDENT	FDL_VERSION 02	" 7-OCT-2026 04:28:47  OpenVMS FDL Editor"

SYSTEM
	SOURCE			"OpenVMS"

FILE
	ORGANIZATION		indexed
	GLBUFF_FLAGS_V83	none

RECORD
	CARRIAGE_CONTROL	carriage_return
	FORMAT			fixed
	SIZE			64

AREA 0
	ALLOCATION		698
	BEST_TRY_CONTIGUOUS	yes
	BUCKET_SIZE		5
	EXTENSION		175

AREA 1
	ALLOCATION		5
	BEST_TRY_CONTIGUOUS	yes
	BUCKET_SIZE		5
	EXTENSION		5

AREA 2
	ALLOCATION		48
	BEST_TRY_CONTIGUOUS	yes
	BUCKET_SIZE		2
	EXTENSION		14

KEY 0
	CHANGES			no
	DATA_AREA		0
	DATA_FILL		100
	DATA_KEY_COMPRESSION	yes
	DATA_RECORD_COMPRESSION	yes
	DUPLICATES		no
	INDEX_AREA		1
	INDEX_COMPRESSION	no
	INDEX_FILL		100
	LEVEL1_INDEX_AREA	1
	PROLOG			3
	SEG0_LENGTH		8
	SEG0_POSITION		0
	TYPE			string

KEY 1
	CHANGES			yes
	DATA_AREA		2
	DATA_FILL		100
	DATA_KEY_COMPRESSION	yes
	DUPLICATES		yes
	INDEX_AREA		2
	INDEX_COMPRESSION	no
	INDEX_FILL		100
	LEVEL1_INDEX_AREA	2
	SEG0_LENGTH		10
	SEG0_POSITION		8
	TYPE			string
%COPY-W-INCOMPAT, SYS$SYSROOT:[SYSMGR.EDF3]T.TMP;1 (input) and SYS$SYSROOT:[SYSMGR.EDF3]A04A.FDL;1 (output) have incompatible attrib
utes
@@ A04 E1.FDL  00000001
FILE
  ALLOCATION 128
  BEST_TRY_CONTIGUOUS no
  BUCKET_SIZE 2
  CLUSTER_SIZE 1
  CONTIGUOUS no
  EXTENSION 0
  ORGANIZATION indexed
RECORD
  BLOCK_SPAN yes
  CARRIAGE_CONTROL carriage_return
  FORMAT fixed
  SIZE 64
AREA 0
  ALLOCATION 128
  BUCKET_SIZE 2
  EXTENSION 0
KEY 0
  CHANGES no
  DATA_KEY_COMPRESSION yes
  DATA_RECORD_COMPRESSION yes
  DATA_AREA 0
  DATA_FILL 100
  DUPLICATES no
  INDEX_AREA 0
  INDEX_COMPRESSION yes
  INDEX_FILL 100
  LEVEL1_INDEX_AREA 0
  NAME ""
  NULL_KEY no
  PROLOG 3
  SEG0_LENGTH 8
  SEG0_POSITION 0
  TYPE string
KEY 1
  CHANGES yes
  DATA_KEY_COMPRESSION yes
  DATA_AREA 0
  DATA_FILL 100
  DUPLICATES yes
  INDEX_AREA 0
  INDEX_COMPRESSION yes
  INDEX_FILL 100
  LEVEL1_INDEX_AREA 0
  NAME ""
  NULL_KEY no
  SEG0_LENGTH 10
  SEG0_POSITION 8
  TYPE string

ANALYSIS_OF_AREA 0
  RECLAIMED_SPACE 0

ANALYSIS_OF_KEY 0
  DATA_FILL 72
  DATA_KEY_COMPRESSION 49
  DATA_RECORD_COMPRESSION 73
  DATA_RECORD_COUNT 10000
  DATA_SPACE_OCCUPIED 94
  DEPTH 1
  INDEX_COMPRESSION 28
  INDEX_FILL 34
  INDEX_SPACE_OCCUPIED 2
  LEVEL1_RECORD_COUNT 47
  MEAN_DATA_LENGTH 64
  MEAN_INDEX_LENGTH 10
  LONGEST_RECORD_LENGTH 64

ANALYSIS_OF_KEY 1
  DATA_FILL 66
  DATA_KEY_COMPRESSION 56
  DATA_RECORD_COUNT 1000
  DATA_SPACE_OCCUPIED 16
  DEPTH 1
  DUPLICATES_PER_SIDR 99
  INDEX_COMPRESSION 44
  INDEX_FILL 6
  INDEX_SPACE_OCCUPIED 2
  LEVEL1_RECORD_COUNT 8
  MEAN_DATA_LENGTH 1000
  MEAN_INDEX_LENGTH 12
@@ A04 output
IDENT	FDL_VERSION 02	" 7-OCT-2026 04:28:47  OpenVMS FDL Editor"

SYSTEM
	SOURCE			"OpenVMS"

FILE
	ORGANIZATION		indexed
	GLBUFF_FLAGS_V83	none

RECORD
	CARRIAGE_CONTROL	carriage_return
	FORMAT			fixed
	SIZE			64

AREA 0
	ALLOCATION		698
	BEST_TRY_CONTIGUOUS	yes
	BUCKET_SIZE		5
	EXTENSION		175

AREA 1
	ALLOCATION		5
	BEST_TRY_CONTIGUOUS	yes
	BUCKET_SIZE		5
	EXTENSION		5

AREA 2
	ALLOCATION		48
	BEST_TRY_CONTIGUOUS	yes
	BUCKET_SIZE		2
	EXTENSION		14

KEY 0
	CHANGES			no
	DATA_AREA		0
	DATA_FILL		100
	DATA_KEY_COMPRESSION	yes
	DATA_RECORD_COMPRESSION	yes
	DUPLICATES		no
	INDEX_AREA		1
	INDEX_COMPRESSION	no
	INDEX_FILL		100
	LEVEL1_INDEX_AREA	1
	PROLOG			3
	SEG0_LENGTH		8
	SEG0_POSITION		0
	TYPE			string

KEY 1
	CHANGES			yes
	DATA_AREA		2
	DATA_FILL		100
	DATA_KEY_COMPRESSION	yes
	DUPLICATES		yes
	INDEX_AREA		2
	INDEX_COMPRESSION	no
	INDEX_FILL		100
	LEVEL1_INDEX_AREA	2
	SEG0_LENGTH		10
	SEG0_POSITION		8
	TYPE			string
%COPY-W-INCOMPAT, SYS$SYSROOT:[SYSMGR.EDF3]T.TMP;1 (input) and SYS$SYSROOT:[SYSMGR.EDF3]A05A.FDL;1 (output) have incompatible attrib
utes
@@ A05 E1.FDL  00000001
FILE
  ALLOCATION 128
  BEST_TRY_CONTIGUOUS no
  BUCKET_SIZE 2
  CLUSTER_SIZE 1
  CONTIGUOUS no
  EXTENSION 0
  ORGANIZATION indexed
RECORD
  BLOCK_SPAN yes
  CARRIAGE_CONTROL carriage_return
  FORMAT fixed
  SIZE 64
AREA 0
  ALLOCATION 128
  BUCKET_SIZE 2
  EXTENSION 0
KEY 0
  CHANGES no
  DATA_KEY_COMPRESSION yes
  DATA_RECORD_COMPRESSION yes
  DATA_AREA 0
  DATA_FILL 100
  DUPLICATES no
  INDEX_AREA 0
  INDEX_COMPRESSION yes
  INDEX_FILL 100
  LEVEL1_INDEX_AREA 0
  NAME ""
  NULL_KEY no
  PROLOG 3
  SEG0_LENGTH 8
  SEG0_POSITION 0
  TYPE string
KEY 1
  CHANGES yes
  DATA_KEY_COMPRESSION yes
  DATA_AREA 0
  DATA_FILL 100
  DUPLICATES yes
  INDEX_AREA 0
  INDEX_COMPRESSION yes
  INDEX_FILL 100
  LEVEL1_INDEX_AREA 0
  NAME ""
  NULL_KEY no
  SEG0_LENGTH 10
  SEG0_POSITION 8
  TYPE string

ANALYSIS_OF_AREA 0
  RECLAIMED_SPACE 0

ANALYSIS_OF_KEY 0
  DATA_FILL 72
  DATA_KEY_COMPRESSION 49
  DATA_RECORD_COMPRESSION 73
  DATA_RECORD_COUNT 10000
  DATA_SPACE_OCCUPIED 94
  DEPTH 1
  INDEX_COMPRESSION 28
  INDEX_FILL 34
  INDEX_SPACE_OCCUPIED 2
  LEVEL1_RECORD_COUNT 47
  MEAN_DATA_LENGTH 64
  MEAN_INDEX_LENGTH 10
  LONGEST_RECORD_LENGTH 64

ANALYSIS_OF_KEY 1
  DATA_FILL 66
  DATA_KEY_COMPRESSION 56
  DATA_RECORD_COUNT 10000
  DATA_SPACE_OCCUPIED 16
  DEPTH 1
  DUPLICATES_PER_SIDR 0
  INDEX_COMPRESSION 44
  INDEX_FILL 6
  INDEX_SPACE_OCCUPIED 2
  LEVEL1_RECORD_COUNT 8
  MEAN_DATA_LENGTH 106
  MEAN_INDEX_LENGTH 12
@@ A05 output
IDENT	FDL_VERSION 02	" 7-OCT-2026 04:28:48  OpenVMS FDL Editor"

SYSTEM
	SOURCE			"OpenVMS"

FILE
	ORGANIZATION		indexed
	GLBUFF_FLAGS_V83	none

RECORD
	CARRIAGE_CONTROL	carriage_return
	FORMAT			fixed
	SIZE			64

AREA 0
	ALLOCATION		698
	BEST_TRY_CONTIGUOUS	yes
	BUCKET_SIZE		5
	EXTENSION		175

AREA 1
	ALLOCATION		5
	BEST_TRY_CONTIGUOUS	yes
	BUCKET_SIZE		5
	EXTENSION		5

AREA 2
	ALLOCATION		364
	BEST_TRY_CONTIGUOUS	yes
	BUCKET_SIZE		4
	EXTENSION		96

KEY 0
	CHANGES			no
	DATA_AREA		0
	DATA_FILL		100
	DATA_KEY_COMPRESSION	yes
	DATA_RECORD_COMPRESSION	yes
	DUPLICATES		no
	INDEX_AREA		1
	INDEX_COMPRESSION	no
	INDEX_FILL		100
	LEVEL1_INDEX_AREA	1
	PROLOG			3
	SEG0_LENGTH		8
	SEG0_POSITION		0
	TYPE			string

KEY 1
	CHANGES			yes
	DATA_AREA		2
	DATA_FILL		100
	DATA_KEY_COMPRESSION	yes
	DUPLICATES		yes
	INDEX_AREA		2
	INDEX_COMPRESSION	no
	INDEX_FILL		100
	LEVEL1_INDEX_AREA	2
	SEG0_LENGTH		10
	SEG0_POSITION		8
	TYPE			string
%COPY-W-INCOMPAT, SYS$SYSROOT:[SYSMGR.EDF3]T.TMP;1 (input) and SYS$SYSROOT:[SYSMGR.EDF3]A06A.FDL;1 (output) have incompatible attrib
utes
@@ A06 E1.FDL  00000001
FILE
  ALLOCATION 128
  BEST_TRY_CONTIGUOUS no
  BUCKET_SIZE 2
  CLUSTER_SIZE 1
  CONTIGUOUS no
  EXTENSION 0
  ORGANIZATION indexed
RECORD
  BLOCK_SPAN yes
  CARRIAGE_CONTROL carriage_return
  FORMAT fixed
  SIZE 64
AREA 0
  ALLOCATION 128
  BUCKET_SIZE 2
  EXTENSION 0
KEY 0
  CHANGES no
  DATA_KEY_COMPRESSION yes
  DATA_RECORD_COMPRESSION yes
  DATA_AREA 0
  DATA_FILL 100
  DUPLICATES no
  INDEX_AREA 0
  INDEX_COMPRESSION yes
  INDEX_FILL 100
  LEVEL1_INDEX_AREA 0
  NAME ""
  NULL_KEY no
  PROLOG 3
  SEG0_LENGTH 8
  SEG0_POSITION 0
  TYPE string
KEY 1
  CHANGES yes
  DATA_KEY_COMPRESSION yes
  DATA_AREA 0
  DATA_FILL 100
  DUPLICATES yes
  INDEX_AREA 0
  INDEX_COMPRESSION yes
  INDEX_FILL 100
  LEVEL1_INDEX_AREA 0
  NAME ""
  NULL_KEY no
  SEG0_LENGTH 10
  SEG0_POSITION 8
  TYPE string

ANALYSIS_OF_AREA 0
  RECLAIMED_SPACE 0

ANALYSIS_OF_KEY 0
  DATA_FILL 72
  DATA_KEY_COMPRESSION 49
  DATA_RECORD_COMPRESSION 73
  DATA_RECORD_COUNT 10000
  DATA_SPACE_OCCUPIED 94
  DEPTH 1
  INDEX_COMPRESSION 28
  INDEX_FILL 34
  INDEX_SPACE_OCCUPIED 2
  LEVEL1_RECORD_COUNT 47
  MEAN_DATA_LENGTH 64
  MEAN_INDEX_LENGTH 10
  LONGEST_RECORD_LENGTH 64

ANALYSIS_OF_KEY 1
  DATA_FILL 66
  DATA_KEY_COMPRESSION 56
  DATA_RECORD_COUNT 10000
  DATA_SPACE_OCCUPIED 16
  DEPTH 1
  DUPLICATES_PER_SIDR 9
  INDEX_COMPRESSION 44
  INDEX_FILL 6
  INDEX_SPACE_OCCUPIED 2
  LEVEL1_RECORD_COUNT 8
  MEAN_DATA_LENGTH 20
  MEAN_INDEX_LENGTH 12
@@ A06 output
IDENT	FDL_VERSION 02	" 7-OCT-2026 04:28:48  OpenVMS FDL Editor"

SYSTEM
	SOURCE			"OpenVMS"

FILE
	ORGANIZATION		indexed
	GLBUFF_FLAGS_V83	none

RECORD
	CARRIAGE_CONTROL	carriage_return
	FORMAT			fixed
	SIZE			64

AREA 0
	ALLOCATION		698
	BEST_TRY_CONTIGUOUS	yes
	BUCKET_SIZE		5
	EXTENSION		175

AREA 1
	ALLOCATION		5
	BEST_TRY_CONTIGUOUS	yes
	BUCKET_SIZE		5
	EXTENSION		5

AREA 2
	ALLOCATION		440
	BEST_TRY_CONTIGUOUS	yes
	BUCKET_SIZE		4
	EXTENSION		116

KEY 0
	CHANGES			no
	DATA_AREA		0
	DATA_FILL		100
	DATA_KEY_COMPRESSION	yes
	DATA_RECORD_COMPRESSION	yes
	DUPLICATES		no
	INDEX_AREA		1
	INDEX_COMPRESSION	no
	INDEX_FILL		100
	LEVEL1_INDEX_AREA	1
	PROLOG			3
	SEG0_LENGTH		8
	SEG0_POSITION		0
	TYPE			string

KEY 1
	CHANGES			yes
	DATA_AREA		2
	DATA_FILL		100
	DATA_KEY_COMPRESSION	yes
	DUPLICATES		yes
	INDEX_AREA		2
	INDEX_COMPRESSION	no
	INDEX_FILL		100
	LEVEL1_INDEX_AREA	2
	SEG0_LENGTH		10
	SEG0_POSITION		8
	TYPE			string
%COPY-W-INCOMPAT, SYS$SYSROOT:[SYSMGR.EDF3]T.TMP;1 (input) and SYS$SYSROOT:[SYSMGR.EDF3]A07A.FDL;1 (output) have incompatible attrib
utes
@@ A07 E1.FDL  00000001
FILE
  ALLOCATION 128
  BEST_TRY_CONTIGUOUS no
  BUCKET_SIZE 2
  CLUSTER_SIZE 1
  CONTIGUOUS no
  EXTENSION 0
  ORGANIZATION indexed
RECORD
  BLOCK_SPAN yes
  CARRIAGE_CONTROL carriage_return
  FORMAT fixed
  SIZE 64
AREA 0
  ALLOCATION 128
  BUCKET_SIZE 2
  EXTENSION 0
KEY 0
  CHANGES no
  DATA_KEY_COMPRESSION yes
  DATA_RECORD_COMPRESSION yes
  DATA_AREA 0
  DATA_FILL 100
  DUPLICATES no
  INDEX_AREA 0
  INDEX_COMPRESSION yes
  INDEX_FILL 100
  LEVEL1_INDEX_AREA 0
  NAME ""
  NULL_KEY no
  PROLOG 3
  SEG0_LENGTH 8
  SEG0_POSITION 0
  TYPE string
KEY 1
  CHANGES yes
  DATA_KEY_COMPRESSION yes
  DATA_AREA 0
  DATA_FILL 100
  DUPLICATES yes
  INDEX_AREA 0
  INDEX_COMPRESSION yes
  INDEX_FILL 100
  LEVEL1_INDEX_AREA 0
  NAME ""
  NULL_KEY no
  SEG0_LENGTH 10
  SEG0_POSITION 8
  TYPE string

ANALYSIS_OF_AREA 0
  RECLAIMED_SPACE 0

ANALYSIS_OF_KEY 0
  DATA_FILL 72
  DATA_KEY_COMPRESSION 49
  DATA_RECORD_COMPRESSION 73
  DATA_RECORD_COUNT 10000
  DATA_SPACE_OCCUPIED 94
  DEPTH 1
  INDEX_COMPRESSION 28
  INDEX_FILL 34
  INDEX_SPACE_OCCUPIED 2
  LEVEL1_RECORD_COUNT 47
  MEAN_DATA_LENGTH 64
  MEAN_INDEX_LENGTH 10
  LONGEST_RECORD_LENGTH 64

ANALYSIS_OF_KEY 1
  DATA_FILL 66
  DATA_KEY_COMPRESSION 56
  DATA_RECORD_COUNT 3000
  DATA_SPACE_OCCUPIED 16
  DEPTH 1
  DUPLICATES_PER_SIDR 2
  INDEX_COMPRESSION 44
  INDEX_FILL 6
  INDEX_SPACE_OCCUPIED 2
  LEVEL1_RECORD_COUNT 8
  MEAN_DATA_LENGTH 20
  MEAN_INDEX_LENGTH 12
@@ A07 output
IDENT	FDL_VERSION 02	" 7-OCT-2026 04:28:48  OpenVMS FDL Editor"

SYSTEM
	SOURCE			"OpenVMS"

FILE
	ORGANIZATION		indexed
	GLBUFF_FLAGS_V83	none

RECORD
	CARRIAGE_CONTROL	carriage_return
	FORMAT			fixed
	SIZE			64

AREA 0
	ALLOCATION		698
	BEST_TRY_CONTIGUOUS	yes
	BUCKET_SIZE		5
	EXTENSION		175

AREA 1
	ALLOCATION		5
	BEST_TRY_CONTIGUOUS	yes
	BUCKET_SIZE		5
	EXTENSION		5

AREA 2
	ALLOCATION		128
	BEST_TRY_CONTIGUOUS	yes
	BUCKET_SIZE		2
	EXTENSION		34

KEY 0
	CHANGES			no
	DATA_AREA		0
	DATA_FILL		100
	DATA_KEY_COMPRESSION	yes
	DATA_RECORD_COMPRESSION	yes
	DUPLICATES		no
	INDEX_AREA		1
	INDEX_COMPRESSION	no
	INDEX_FILL		100
	LEVEL1_INDEX_AREA	1
	PROLOG			3
	SEG0_LENGTH		8
	SEG0_POSITION		0
	TYPE			string

KEY 1
	CHANGES			yes
	DATA_AREA		2
	DATA_FILL		100
	DATA_KEY_COMPRESSION	yes
	DUPLICATES		yes
	INDEX_AREA		2
	INDEX_COMPRESSION	no
	INDEX_FILL		100
	LEVEL1_INDEX_AREA	2
	SEG0_LENGTH		10
	SEG0_POSITION		8
	TYPE			string
%COPY-W-INCOMPAT, SYS$SYSROOT:[SYSMGR.EDF3]T.TMP;1 (input) and SYS$SYSROOT:[SYSMGR.EDF3]Q00A.FDL;1 (output) have incompatible attrib
utes
@@ Q00 D1.FDL /EMPHASIS=SMALLER_BUFFERS 00000001
FILE
  ALLOCATION 128
  BEST_TRY_CONTIGUOUS no
  BUCKET_SIZE 2
  CLUSTER_SIZE 1
  CONTIGUOUS no
  EXTENSION 0
  ORGANIZATION indexed
RECORD
  BLOCK_SPAN yes
  CARRIAGE_CONTROL carriage_return
  FORMAT fixed
  SIZE 64
AREA 0
  ALLOCATION 128
  BUCKET_SIZE 2
  EXTENSION 0
KEY 0
  CHANGES no
  DATA_KEY_COMPRESSION yes
  DATA_RECORD_COMPRESSION yes
  DATA_AREA 0
  DATA_FILL 100
  DUPLICATES no
  INDEX_AREA 0
  INDEX_COMPRESSION yes
  INDEX_FILL 100
  LEVEL1_INDEX_AREA 0
  NAME ""
  NULL_KEY no
  PROLOG 3
  SEG0_LENGTH 8
  SEG0_POSITION 0
  TYPE string

ANALYSIS_OF_AREA 0
  RECLAIMED_SPACE 0

ANALYSIS_OF_KEY 0
  DATA_FILL 72
  DATA_KEY_COMPRESSION 49
  DATA_RECORD_COMPRESSION 73
  DATA_RECORD_COUNT 1000000
  DATA_SPACE_OCCUPIED 94
  DEPTH 1
  INDEX_COMPRESSION 28
  INDEX_FILL 34
  INDEX_SPACE_OCCUPIED 2
  LEVEL1_RECORD_COUNT 47
  MEAN_DATA_LENGTH 64
  MEAN_INDEX_LENGTH 10
  LONGEST_RECORD_LENGTH 64
@@ Q00 output
IDENT	FDL_VERSION 02	" 7-OCT-2026 04:28:49  OpenVMS FDL Editor"

SYSTEM
	SOURCE			"OpenVMS"

FILE
	ORGANIZATION		indexed
	GLBUFF_FLAGS_V83	none

RECORD
	CARRIAGE_CONTROL	carriage_return
	FORMAT			fixed
	SIZE			64

AREA 0
	ALLOCATION		68970
	BEST_TRY_CONTIGUOUS	yes
	BUCKET_SIZE		4
	EXTENSION		17244

AREA 1
	ALLOCATION		416
	BEST_TRY_CONTIGUOUS	yes
	BUCKET_SIZE		4
	EXTENSION		104

KEY 0
	CHANGES			no
	DATA_AREA		0
	DATA_FILL		100
	DATA_KEY_COMPRESSION	yes
	DATA_RECORD_COMPRESSION	yes
	DUPLICATES		no
	INDEX_AREA		1
	INDEX_COMPRESSION	no
	INDEX_FILL		100
	LEVEL1_INDEX_AREA	1
	PROLOG			3
	SEG0_LENGTH		8
	SEG0_POSITION		0
	TYPE			string
%COPY-W-INCOMPAT, SYS$SYSROOT:[SYSMGR.EDF3]T.TMP;1 (input) and SYS$SYSROOT:[SYSMGR.EDF3]Q01A.FDL;1 (output) have incompatible attrib
utes
@@ Q01 D1.FDL /EMPHASIS=FLATTER_FILES 00000001
FILE
  ALLOCATION 128
  BEST_TRY_CONTIGUOUS no
  BUCKET_SIZE 2
  CLUSTER_SIZE 1
  CONTIGUOUS no
  EXTENSION 0
  ORGANIZATION indexed
RECORD
  BLOCK_SPAN yes
  CARRIAGE_CONTROL carriage_return
  FORMAT fixed
  SIZE 64
AREA 0
  ALLOCATION 128
  BUCKET_SIZE 2
  EXTENSION 0
KEY 0
  CHANGES no
  DATA_KEY_COMPRESSION yes
  DATA_RECORD_COMPRESSION yes
  DATA_AREA 0
  DATA_FILL 100
  DUPLICATES no
  INDEX_AREA 0
  INDEX_COMPRESSION yes
  INDEX_FILL 100
  LEVEL1_INDEX_AREA 0
  NAME ""
  NULL_KEY no
  PROLOG 3
  SEG0_LENGTH 8
  SEG0_POSITION 0
  TYPE string

ANALYSIS_OF_AREA 0
  RECLAIMED_SPACE 0

ANALYSIS_OF_KEY 0
  DATA_FILL 72
  DATA_KEY_COMPRESSION 49
  DATA_RECORD_COMPRESSION 73
  DATA_RECORD_COUNT 1000000
  DATA_SPACE_OCCUPIED 94
  DEPTH 1
  INDEX_COMPRESSION 28
  INDEX_FILL 34
  INDEX_SPACE_OCCUPIED 2
  LEVEL1_RECORD_COUNT 47
  MEAN_DATA_LENGTH 64
  MEAN_INDEX_LENGTH 10
  LONGEST_RECORD_LENGTH 64
@@ Q01 output
IDENT	FDL_VERSION 02	" 7-OCT-2026 04:28:49  OpenVMS FDL Editor"

SYSTEM
	SOURCE			"OpenVMS"

FILE
	ORGANIZATION		indexed
	GLBUFF_FLAGS_V83	none

RECORD
	CARRIAGE_CONTROL	carriage_return
	FORMAT			fixed
	SIZE			64

AREA 0
	ALLOCATION		68970
	BEST_TRY_CONTIGUOUS	yes
	BUCKET_SIZE		4
	EXTENSION		17244

AREA 1
	ALLOCATION		416
	BEST_TRY_CONTIGUOUS	yes
	BUCKET_SIZE		4
	EXTENSION		104

KEY 0
	CHANGES			no
	DATA_AREA		0
	DATA_FILL		100
	DATA_KEY_COMPRESSION	yes
	DATA_RECORD_COMPRESSION	yes
	DUPLICATES		no
	INDEX_AREA		1
	INDEX_COMPRESSION	no
	INDEX_FILL		100
	LEVEL1_INDEX_AREA	1
	PROLOG			3
	SEG0_LENGTH		8
	SEG0_POSITION		0
	TYPE			string
%COPY-W-INCOMPAT, SYS$SYSROOT:[SYSMGR.EDF3]T.TMP;1 (input) and SYS$SYSROOT:[SYSMGR.EDF3]Q02A.FDL;1 (output) have incompatible attrib
utes
@@ Q02 D1.FDL  00000001
FILE
  ALLOCATION 128
  BEST_TRY_CONTIGUOUS no
  BUCKET_SIZE 2
  CLUSTER_SIZE 3
  CONTIGUOUS no
  EXTENSION 0
  ORGANIZATION indexed
RECORD
  BLOCK_SPAN yes
  CARRIAGE_CONTROL carriage_return
  FORMAT fixed
  SIZE 64
AREA 0
  ALLOCATION 128
  BUCKET_SIZE 2
  EXTENSION 0
KEY 0
  CHANGES no
  DATA_KEY_COMPRESSION yes
  DATA_RECORD_COMPRESSION yes
  DATA_AREA 0
  DATA_FILL 100
  DUPLICATES no
  INDEX_AREA 0
  INDEX_COMPRESSION yes
  INDEX_FILL 100
  LEVEL1_INDEX_AREA 0
  NAME ""
  NULL_KEY no
  PROLOG 3
  SEG0_LENGTH 8
  SEG0_POSITION 0
  TYPE string

ANALYSIS_OF_AREA 0
  RECLAIMED_SPACE 0

ANALYSIS_OF_KEY 0
  DATA_FILL 72
  DATA_KEY_COMPRESSION 49
  DATA_RECORD_COMPRESSION 73
  DATA_RECORD_COUNT 10000
  DATA_SPACE_OCCUPIED 94
  DEPTH 1
  INDEX_COMPRESSION 28
  INDEX_FILL 34
  INDEX_SPACE_OCCUPIED 2
  LEVEL1_RECORD_COUNT 47
  MEAN_DATA_LENGTH 64
  MEAN_INDEX_LENGTH 10
  LONGEST_RECORD_LENGTH 64
@@ Q02 output
IDENT	FDL_VERSION 02	" 7-OCT-2026 04:28:49  OpenVMS FDL Editor"

SYSTEM
	SOURCE			"OpenVMS"

FILE
	ORGANIZATION		indexed
	GLBUFF_FLAGS_V83	none

RECORD
	CARRIAGE_CONTROL	carriage_return
	FORMAT			fixed
	SIZE			64

AREA 0
	ALLOCATION		693
	BEST_TRY_CONTIGUOUS	yes
	BUCKET_SIZE		6
	EXTENSION		174

AREA 1
	ALLOCATION		6
	BEST_TRY_CONTIGUOUS	yes
	BUCKET_SIZE		6
	EXTENSION		6

KEY 0
	CHANGES			no
	DATA_AREA		0
	DATA_FILL		100
	DATA_KEY_COMPRESSION	yes
	DATA_RECORD_COMPRESSION	yes
	DUPLICATES		no
	INDEX_AREA		1
	INDEX_COMPRESSION	no
	INDEX_FILL		100
	LEVEL1_INDEX_AREA	1
	PROLOG			3
	SEG0_LENGTH		8
	SEG0_POSITION		0
	TYPE			string
%COPY-W-INCOMPAT, SYS$SYSROOT:[SYSMGR.EDF3]T.TMP;1 (input) and SYS$SYSROOT:[SYSMGR.EDF3]Q03A.FDL;1 (output) have incompatible attrib
utes
@@ Q03 D1.FDL  00000001
FILE
  ALLOCATION 128
  BEST_TRY_CONTIGUOUS no
  BUCKET_SIZE 2
  CLUSTER_SIZE 3
  CONTIGUOUS no
  EXTENSION 0
  ORGANIZATION indexed
RECORD
  BLOCK_SPAN yes
  CARRIAGE_CONTROL carriage_return
  FORMAT fixed
  SIZE 64
AREA 0
  ALLOCATION 128
  BUCKET_SIZE 2
  EXTENSION 0
KEY 0
  CHANGES no
  DATA_KEY_COMPRESSION yes
  DATA_RECORD_COMPRESSION yes
  DATA_AREA 0
  DATA_FILL 100
  DUPLICATES no
  INDEX_AREA 0
  INDEX_COMPRESSION yes
  INDEX_FILL 100
  LEVEL1_INDEX_AREA 0
  NAME ""
  NULL_KEY no
  PROLOG 3
  SEG0_LENGTH 8
  SEG0_POSITION 0
  TYPE string

ANALYSIS_OF_AREA 0
  RECLAIMED_SPACE 0

ANALYSIS_OF_KEY 0
  DATA_FILL 72
  DATA_KEY_COMPRESSION 49
  DATA_RECORD_COMPRESSION 73
  DATA_RECORD_COUNT 100000
  DATA_SPACE_OCCUPIED 94
  DEPTH 1
  INDEX_COMPRESSION 28
  INDEX_FILL 34
  INDEX_SPACE_OCCUPIED 2
  LEVEL1_RECORD_COUNT 47
  MEAN_DATA_LENGTH 64
  MEAN_INDEX_LENGTH 10
  LONGEST_RECORD_LENGTH 64
@@ Q03 output
IDENT	FDL_VERSION 02	" 7-OCT-2026 04:28:49  OpenVMS FDL Editor"

SYSTEM
	SOURCE			"OpenVMS"

FILE
	ORGANIZATION		indexed
	GLBUFF_FLAGS_V83	none

RECORD
	CARRIAGE_CONTROL	carriage_return
	FORMAT			fixed
	SIZE			64

AREA 0
	ALLOCATION		6888
	BEST_TRY_CONTIGUOUS	yes
	BUCKET_SIZE		15
	EXTENSION		1725

AREA 1
	ALLOCATION		15
	BEST_TRY_CONTIGUOUS	yes
	BUCKET_SIZE		15
	EXTENSION		15

KEY 0
	CHANGES			no
	DATA_AREA		0
	DATA_FILL		100
	DATA_KEY_COMPRESSION	yes
	DATA_RECORD_COMPRESSION	yes
	DUPLICATES		no
	INDEX_AREA		1
	INDEX_COMPRESSION	no
	INDEX_FILL		100
	LEVEL1_INDEX_AREA	1
	PROLOG			3
	SEG0_LENGTH		8
	SEG0_POSITION		0
	TYPE			string
@@ end
$ 